episodio,recompensa_total,epsilon,chegou_ao_objetivo,eficiencia_episodio,passos_totais
0,6.3700,1.0000,1,30.77,13
1,9.9100,0.9999,1,11.11,9
2,-0.2500,0.9999,0,0.00,25
3,-0.7500,0.9998,0,0.00,25
4,-1.7500,0.9998,0,0.00,25
5,-5.2500,0.9997,0,0.00,25
6,-0.7500,0.9997,0,0.00,25
7,9.9200,0.9996,1,25.00,8
8,9.8300,0.9996,1,5.88,17
9,9.9900,0.9995,1,100.00,1
10,9.8800,0.9995,1,16.67,12
11,-4.2500,0.9994,0,0.00,25
12,8.3400,0.9994,1,18.75,16
13,9.7600,0.9993,1,4.17,24
14,-0.7500,0.9993,0,0.00,25
15,9.9700,0.9992,1,33.33,3
16,9.9400,0.9992,1,50.00,6
17,9.9800,0.9991,1,100.00,2
18,9.9900,0.9991,1,100.00,1
19,-3.2500,0.9990,0,0.00,25
20,9.8600,0.9990,1,21.43,14
21,-0.7500,0.9989,0,0.00,25
22,-1.2500,0.9989,0,0.00,25
23,5.2700,0.9988,1,8.70,23
24,-3.2500,0.9988,0,0.00,25
25,-0.2500,0.9987,0,0.00,25
26,-2.7500,0.9987,0,0.00,25
27,-3.7500,0.9986,0,0.00,25
28,-3.7500,0.9986,0,0.00,25
29,9.9700,0.9985,1,100.00,3
30,9.9900,0.9985,1,100.00,1
31,7.3400,0.9984,1,18.75,16
32,9.3100,0.9984,1,15.79,19
33,-2.2500,0.9983,0,0.00,25
34,-4.2500,0.9983,0,0.00,25
35,8.8000,0.9982,1,20.00,20
36,-1.7500,0.9982,0,0.00,25
37,9.8800,0.9981,1,25.00,12
38,9.9400,0.9981,1,33.33,6
39,-4.2500,0.9980,0,0.00,25
40,9.8100,0.9980,1,15.79,19
41,9.9800,0.9979,1,50.00,2
42,9.9500,0.9979,1,40.00,5
43,-0.7500,0.9978,0,0.00,25
44,8.8500,0.9978,1,20.00,15
45,-1.7500,0.9977,0,0.00,25
46,-2.7500,0.9977,0,0.00,25
47,-0.2500,0.9976,0,0.00,25
48,9.8200,0.9976,1,5.56,18
49,-4.7500,0.9975,0,0.00,25
50,9.9900,0.9975,1,100.00,1
51,-0.7500,0.9974,0,0.00,25
52,8.8400,0.9974,1,31.25,16
53,9.8500,0.9973,1,13.33,15
54,-0.2500,0.9973,0,0.00,25
55,9.3400,0.9972,1,31.25,16
56,8.9600,0.9972,1,50.00,4
57,-1.2500,0.9971,0,0.00,25
58,9.8600,0.9971,1,14.29,14
59,7.7500,0.9970,1,20.00,25
60,9.9900,0.9970,1,100.00,1
61,5.2600,0.9969,1,12.50,24
62,-5.2500,0.9969,0,0.00,25
63,-3.2500,0.9968,0,0.00,25
64,-5.7500,0.9968,0,0.00,25
65,9.9900,0.9967,1,100.00,1
66,8.2900,0.9967,1,23.81,21
67,-1.7500,0.9966,0,0.00,25
68,9.9300,0.9966,1,28.57,7
69,-1.7500,0.9965,0,0.00,25
70,9.9600,0.9965,1,50.00,4
71,-0.7500,0.9964,0,0.00,25
72,9.9800,0.9964,1,100.00,2
73,-0.7500,0.9963,0,0.00,25
74,-3.7500,0.9963,0,0.00,25
75,8.7600,0.9962,1,12.50,24
76,9.9300,0.9962,1,14.29,7
77,-2.7500,0.9961,0,0.00,25
78,8.3400,0.9961,1,6.25,16
79,9.9900,0.9960,1,100.00,1
80,-2.7500,0.9960,0,0.00,25
81,-3.7500,0.9959,0,0.00,25
82,-6.2500,0.9959,0,0.00,25
83,-6.2500,0.9958,0,0.00,25
84,9.9900,0.9958,1,100.00,1
85,8.8700,0.9957,1,30.77,13
86,9.9000,0.9957,1,20.00,10
87,9.9000,0.9956,1,30.00,10
88,-0.2500,0.9956,0,0.00,25
89,9.9200,0.9955,1,12.50,8
90,-3.7500,0.9955,0,0.00,25
91,-2.2500,0.9954,0,0.00,25
92,9.9800,0.9954,1,100.00,2
93,5.8100,0.9953,1,10.53,19
94,9.8600,0.9953,1,21.43,14
95,9.9500,0.9952,1,60.00,5
96,-1.2500,0.9952,0,0.00,25
97,9.9100,0.9951,1,55.56,9
98,-3.2500,0.9951,0,0.00,25
99,-3.2500,0.9950,0,0.00,25
100,9.9600,0.9950,1,50.00,4
101,-0.7500,0.9949,0,0.00,25
102,9.2500,0.9949,1,4.00,25
103,-2.7500,0.9948,0,0.00,25
104,9.9500,0.9948,1,20.00,5
105,9.9800,0.9947,1,100.00,2
106,-0.2500,0.9947,0,0.00,25
107,-3.7500,0.9946,0,0.00,25
108,-0.7500,0.9946,0,0.00,25
109,-0.2500,0.9945,0,0.00,25
110,-0.2500,0.9945,0,0.00,25
111,-0.2500,0.9944,0,0.00,25
112,8.7900,0.9944,1,19.05,21
113,9.9700,0.9943,1,100.00,3
114,9.9700,0.9943,1,100.00,3
115,-0.2500,0.9942,0,0.00,25
116,9.9300,0.9942,1,42.86,7
117,-4.2500,0.9941,0,0.00,25
118,-1.2500,0.9941,0,0.00,25
119,-2.2500,0.9940,0,0.00,25
120,9.4700,0.9940,1,66.67,3
121,-6.2500,0.9939,0,0.00,25
122,-2.2500,0.9939,0,0.00,25
123,9.9900,0.9938,1,100.00,1
124,-5.7500,0.9938,0,0.00,25
125,9.8900,0.9937,1,27.27,11
126,9.9300,0.9937,1,42.86,7
127,9.7600,0.9936,1,8.33,24
128,9.8000,0.9936,1,10.00,20
129,-2.2500,0.9935,0,0.00,25
130,9.3900,0.9935,1,18.18,11
131,9.8700,0.9934,1,15.38,13
132,-0.2500,0.9934,0,0.00,25
133,-3.7500,0.9933,0,0.00,25
134,9.9400,0.9933,1,50.00,6
135,9.9900,0.9932,1,100.00,1
136,9.9500,0.9932,1,40.00,5
137,-0.2500,0.9931,0,0.00,25
138,9.9600,0.9931,1,50.00,4
139,-0.2500,0.9930,0,0.00,25
140,9.9900,0.9930,1,100.00,1
141,-1.7500,0.9929,0,0.00,25
142,8.2700,0.9929,1,13.04,23
143,7.2500,0.9928,1,12.00,25
144,-0.7500,0.9928,0,0.00,25
145,-1.2500,0.9927,0,0.00,25
146,9.9500,0.9927,1,40.00,5
147,-5.2500,0.9926,0,0.00,25
148,-2.7500,0.9926,0,0.00,25
149,8.8400,0.9925,1,18.75,16
150,-2.2500,0.9925,0,0.00,25
151,-2.2500,0.9924,0,0.00,25
152,-4.7500,0.9924,0,0.00,25
153,-1.7500,0.9923,0,0.00,25
154,9.8700,0.9923,1,7.69,13
155,-1.7500,0.9922,0,0.00,25
156,9.9800,0.9922,1,100.00,2
157,-0.7500,0.9921,0,0.00,25
158,9.8600,0.9921,1,14.29,14
159,9.9200,0.9920,1,25.00,8
160,9.9500,0.9920,1,60.00,5
161,9.8000,0.9919,1,10.00,20
162,-3.7500,0.9919,0,0.00,25
163,-2.7500,0.9918,0,0.00,25
164,-0.2500,0.9918,0,0.00,25
165,9.3100,0.9917,1,10.53,19
166,-6.2500,0.9917,0,0.00,25
167,9.9000,0.9916,1,20.00,10
168,-1.2500,0.9916,0,0.00,25
169,9.9800,0.9915,1,100.00,2
170,9.3000,0.9915,1,20.00,20
171,-0.2500,0.9914,0,0.00,25
172,9.8400,0.9914,1,6.25,16
173,9.3900,0.9913,1,18.18,11
174,7.8100,0.9913,1,21.05,19
175,-1.7500,0.9912,0,0.00,25
176,-4.2500,0.9912,0,0.00,25
177,9.9600,0.9911,1,75.00,4
178,9.9800,0.9911,1,100.00,2
179,9.4100,0.9910,1,44.44,9
180,-3.2500,0.9910,0,0.00,25
181,9.9400,0.9909,1,33.33,6
182,9.8200,0.9909,1,11.11,18
183,9.9200,0.9908,1,25.00,8
184,9.9900,0.9908,1,100.00,1
185,-3.7500,0.9907,0,0.00,25
186,-4.2500,0.9907,0,0.00,25
187,-1.7500,0.9906,0,0.00,25
188,9.9000,0.9906,1,20.00,10
189,-1.2500,0.9905,0,0.00,25
190,9.9700,0.9905,1,100.00,3
191,-3.2500,0.9904,0,0.00,25
192,-0.7500,0.9904,0,0.00,25
193,-3.2500,0.9903,0,0.00,25
194,7.3900,0.9903,1,45.45,11
195,-1.7500,0.9902,0,0.00,25
196,-3.7500,0.9902,0,0.00,25
197,8.7800,0.9901,1,13.64,22
198,9.9200,0.9901,1,12.50,8
199,-2.7500,0.9900,0,0.00,25
200,9.9000,0.9900,1,20.00,10
201,-2.7500,0.9900,0,0.00,25
202,9.9700,0.9899,1,66.67,3
203,-0.7500,0.9899,0,0.00,25
204,9.3800,0.9898,1,33.33,12
205,9.9800,0.9898,1,100.00,2
206,-0.2500,0.9897,0,0.00,25
207,-1.7500,0.9897,0,0.00,25
208,-0.7500,0.9896,0,0.00,25
209,9.9800,0.9896,1,100.00,2
210,9.9900,0.9895,1,100.00,1
211,9.9900,0.9895,1,100.00,1
212,-0.7500,0.9894,0,0.00,25
213,-0.7500,0.9894,0,0.00,25
214,-2.7500,0.9893,0,0.00,25
215,-2.7500,0.9893,0,0.00,25
216,-1.2500,0.9892,0,0.00,25
217,9.4500,0.9892,1,40.00,5
218,9.9000,0.9891,1,20.00,10
219,9.8900,0.9891,1,27.27,11
220,9.9500,0.9890,1,20.00,5
221,9.9100,0.9890,1,22.22,9
222,-4.7500,0.9889,0,0.00,25
223,-1.2500,0.9889,0,0.00,25
224,8.2800,0.9888,1,4.55,22
225,9.9700,0.9888,1,33.33,3
226,-2.7500,0.9887,0,0.00,25
227,-1.7500,0.9887,0,0.00,25
228,-1.7500,0.9886,0,0.00,25
229,9.9900,0.9886,1,100.00,1
230,9.9300,0.9885,1,14.29,7
231,9.9800,0.9885,1,100.00,2
232,-3.2500,0.9884,0,0.00,25
233,9.9500,0.9884,1,20.00,5
234,8.8400,0.9883,1,25.00,16
235,-0.7500,0.9883,0,0.00,25
236,-4.7500,0.9882,0,0.00,25
237,-0.2500,0.9882,0,0.00,25
238,9.7900,0.9881,1,14.29,21
239,-1.2500,0.9881,0,0.00,25
240,7.3300,0.9880,1,11.76,17
241,-3.2500,0.9880,0,0.00,25
242,-3.7500,0.9879,0,0.00,25
243,-3.2500,0.9879,0,0.00,25
244,-3.2500,0.9878,0,0.00,25
245,-0.7500,0.9878,0,0.00,25
246,-0.7500,0.9877,0,0.00,25
247,-2.7500,0.9877,0,0.00,25
248,8.9100,0.9876,1,11.11,9
249,-0.2500,0.9876,0,0.00,25
250,-1.7500,0.9875,0,0.00,25
251,9.8600,0.9875,1,7.14,14
252,-2.7500,0.9874,0,0.00,25
253,9.9600,0.9874,1,50.00,4
254,-3.7500,0.9873,0,0.00,25
255,9.7900,0.9873,1,14.29,21
256,9.9800,0.9872,1,100.00,2
257,9.9400,0.9872,1,33.33,6
258,9.4600,0.9871,1,75.00,4
259,9.9700,0.9871,1,33.33,3
260,8.8000,0.9870,1,20.00,20
261,9.9800,0.9870,1,50.00,2
262,-1.7500,0.9869,0,0.00,25
263,9.9000,0.9869,1,40.00,10
264,-0.7500,0.9868,0,0.00,25
265,8.4000,0.9868,1,30.00,10
266,-2.7500,0.9867,0,0.00,25
267,-2.2500,0.9867,0,0.00,25
268,9.9600,0.9866,1,50.00,4
269,9.9600,0.9866,1,75.00,4
270,8.9000,0.9865,1,30.00,10
271,9.9700,0.9865,1,100.00,3
272,8.2700,0.9864,1,13.04,23
273,-4.2500,0.9864,0,0.00,25
274,9.7500,0.9863,1,12.00,25
275,-0.7500,0.9863,0,0.00,25
276,-4.2500,0.9862,0,0.00,25
277,9.3800,0.9862,1,33.33,12
278,-2.2500,0.9861,0,0.00,25
279,9.9900,0.9861,1,100.00,1
280,9.9900,0.9860,1,100.00,1
281,-0.7500,0.9860,0,0.00,25
282,-4.7500,0.9859,0,0.00,25
283,-0.2500,0.9859,0,0.00,25
284,-2.7500,0.9859,0,0.00,25
285,-0.2500,0.9858,0,0.00,25
286,-1.7500,0.9858,0,0.00,25
287,9.8600,0.9857,1,7.14,14
288,-1.7500,0.9857,0,0.00,25
289,9.9200,0.9856,1,37.50,8
290,9.9200,0.9856,1,37.50,8
291,9.3500,0.9855,1,20.00,15
292,9.9600,0.9855,1,100.00,4
293,9.3200,0.9854,1,11.11,18
294,-0.2500,0.9854,0,0.00,25
295,9.9800,0.9853,1,100.00,2
296,9.9000,0.9853,1,20.00,10
297,9.8500,0.9852,1,6.67,15
298,9.9900,0.9852,1,100.00,1
299,9.8900,0.9851,1,27.27,11
300,9.9900,0.9851,1,100.00,1
301,9.9400,0.9850,1,50.00,6
302,7.8600,0.9850,1,7.14,14
303,9.9900,0.9849,1,100.00,1
304,9.8600,0.9849,1,21.43,14
305,9.4200,0.9848,1,12.50,8
306,9.9500,0.9848,1,40.00,5
307,-2.7500,0.9847,0,0.00,25
308,-5.2500,0.9847,0,0.00,25
309,8.9100,0.9846,1,33.33,9
310,-5.2500,0.9846,0,0.00,25
311,9.9800,0.9845,1,100.00,2
312,-2.7500,0.9845,0,0.00,25
313,9.8800,0.9844,1,25.00,12
314,-2.2500,0.9844,0,0.00,25
315,-1.7500,0.9843,0,0.00,25
316,-2.7500,0.9843,0,0.00,25
317,9.9900,0.9842,1,100.00,1
318,-3.2500,0.9842,0,0.00,25
319,9.9300,0.9841,1,42.86,7
320,9.9900,0.9841,1,100.00,1
321,9.3800,0.9840,1,8.33,12
322,9.8700,0.9840,1,15.38,13
323,9.9300,0.9839,1,14.29,7
324,-0.7500,0.9839,0,0.00,25
325,-0.7500,0.9838,0,0.00,25
326,-0.7500,0.9838,0,0.00,25
327,9.9900,0.9837,1,100.00,1
328,9.3700,0.9837,1,38.46,13
329,9.9300,0.9836,1,28.57,7
330,-0.7500,0.9836,0,0.00,25
331,-0.2500,0.9835,0,0.00,25
332,-0.2500,0.9835,0,0.00,25
333,9.9900,0.9834,1,100.00,1
334,-3.7500,0.9834,0,0.00,25
335,-2.7500,0.9833,0,0.00,25
336,-3.2500,0.9833,0,0.00,25
337,-0.7500,0.9832,0,0.00,25
338,9.9700,0.9832,1,33.33,3
339,9.9000,0.9831,1,30.00,10
340,8.3100,0.9831,1,26.32,19
341,-0.2500,0.9830,0,0.00,25
342,-2.2500,0.9830,0,0.00,25
343,-3.7500,0.9829,0,0.00,25
344,-1.7500,0.9829,0,0.00,25
345,8.4000,0.9828,1,30.00,10
346,9.9500,0.9828,1,20.00,5
347,9.9700,0.9828,1,100.00,3
348,-0.7500,0.9827,0,0.00,25
349,-0.2500,0.9827,0,0.00,25
350,9.3000,0.9826,1,5.00,20
351,8.3000,0.9826,1,10.00,20
352,9.8900,0.9825,1,9.09,11
353,-0.7500,0.9825,0,0.00,25
354,9.9400,0.9824,1,33.33,6
355,-0.7500,0.9824,0,0.00,25
356,-0.2500,0.9823,0,0.00,25
357,9.9600,0.9823,1,50.00,4
358,7.9100,0.9822,1,11.11,9
359,-2.2500,0.9822,0,0.00,25
360,9.9600,0.9821,1,50.00,4
361,-0.2500,0.9821,0,0.00,25
362,7.8300,0.9820,1,11.76,17
363,8.9300,0.9820,1,14.29,7
364,-1.2500,0.9819,0,0.00,25
365,-4.2500,0.9819,0,0.00,25
366,8.8500,0.9818,1,20.00,15
367,9.3500,0.9818,1,13.33,15
368,4.7800,0.9817,1,13.64,22
369,9.2900,0.9817,1,14.29,21
370,8.2700,0.9816,1,17.39,23
371,8.9000,0.9816,1,20.00,10
372,-1.7500,0.9815,0,0.00,25
373,7.7900,0.9815,1,9.52,21
374,9.9900,0.9814,1,100.00,1
375,9.9100,0.9814,1,33.33,9
376,9.9900,0.9813,1,100.00,1
377,9.9900,0.9813,1,100.00,1
378,-0.7500,0.9812,0,0.00,25
379,-3.7500,0.9812,0,0.00,25
380,-1.7500,0.9811,0,0.00,25
381,-1.7500,0.9811,0,0.00,25
382,-5.2500,0.9810,0,0.00,25
383,9.8900,0.9810,1,45.45,11
384,9.9100,0.9809,1,22.22,9
385,7.7900,0.9809,1,4.76,21
386,9.3400,0.9808,1,6.25,16
387,9.8900,0.9808,1,9.09,11
388,-2.2500,0.9807,0,0.00,25
389,-3.7500,0.9807,0,0.00,25
390,9.9600,0.9806,1,50.00,4
391,-5.2500,0.9806,0,0.00,25
392,9.8800,0.9805,1,25.00,12
393,8.7800,0.9805,1,13.64,22
394,-0.7500,0.9804,0,0.00,25
395,-2.2500,0.9804,0,0.00,25
396,9.7600,0.9803,1,12.50,24
397,9.8400,0.9803,1,12.50,16
398,9.9500,0.9802,1,40.00,5
399,9.8600,0.9802,1,21.43,14
400,9.9300,0.9801,1,14.29,7
401,9.9900,0.9801,1,100.00,1
402,9.3100,0.9801,1,15.79,19
403,9.2900,0.9800,1,4.76,21
404,-0.7500,0.9800,0,0.00,25
405,6.8300,0.9799,1,11.76,17
406,9.9800,0.9799,1,100.00,2
407,9.3900,0.9798,1,27.27,11
408,-3.7500,0.9798,0,0.00,25
409,-3.2500,0.9797,0,0.00,25
410,7.3000,0.9797,1,5.00,20
411,-2.7500,0.9796,0,0.00,25
412,9.8000,0.9796,1,15.00,20
413,-2.7500,0.9795,0,0.00,25
414,-2.2500,0.9795,0,0.00,25
415,9.9300,0.9794,1,42.86,7
416,7.9100,0.9794,1,55.56,9
417,9.9700,0.9793,1,100.00,3
418,8.8900,0.9793,1,9.09,11
419,-3.2500,0.9792,0,0.00,25
420,9.9900,0.9792,1,100.00,1
421,-1.2500,0.9791,0,0.00,25
422,-0.7500,0.9791,0,0.00,25
423,9.3300,0.9790,1,23.53,17
424,-1.2500,0.9790,0,0.00,25
425,7.2700,0.9789,1,17.39,23
426,8.8700,0.9789,1,15.38,13
427,-4.2500,0.9788,0,0.00,25
428,9.9700,0.9788,1,33.33,3
429,9.9300,0.9787,1,28.57,7
430,9.9700,0.9787,1,66.67,3
431,9.9100,0.9786,1,55.56,9
432,7.8300,0.9786,1,17.65,17
433,9.9100,0.9785,1,11.11,9
434,-1.2500,0.9785,0,0.00,25
435,-6.7500,0.9784,0,0.00,25
436,-3.7500,0.9784,0,0.00,25
437,9.9800,0.9783,1,100.00,2
438,-0.2500,0.9783,0,0.00,25
439,-6.7500,0.9782,0,0.00,25
440,8.8000,0.9782,1,15.00,20
441,9.9700,0.9781,1,33.33,3
442,9.3400,0.9781,1,31.25,16
443,-0.2500,0.9780,0,0.00,25
444,-3.2500,0.9780,0,0.00,25
445,-5.7500,0.9779,0,0.00,25
446,9.8200,0.9779,1,22.22,18
447,9.9800,0.9778,1,100.00,2
448,-2.7500,0.9778,0,0.00,25
449,9.9700,0.9778,1,100.00,3
450,-6.2500,0.9777,0,0.00,25
451,-2.7500,0.9777,0,0.00,25
452,9.9700,0.9776,1,100.00,3
453,7.2500,0.9776,1,20.00,25
454,9.9200,0.9775,1,37.50,8
455,9.9500,0.9775,1,20.00,5
456,9.9200,0.9774,1,37.50,8
457,9.9500,0.9774,1,20.00,5
458,9.8400,0.9773,1,12.50,16
459,9.9600,0.9773,1,50.00,4
460,-0.7500,0.9772,0,0.00,25
461,8.3000,0.9772,1,30.00,20
462,-2.2500,0.9771,0,0.00,25
463,9.9500,0.9771,1,60.00,5
464,-3.7500,0.9770,0,0.00,25
465,7.3400,0.9770,1,18.75,16
466,-4.2500,0.9769,0,0.00,25
467,9.9800,0.9769,1,100.00,2
468,7.7600,0.9768,1,8.33,24
469,9.9800,0.9768,1,100.00,2
470,9.9900,0.9767,1,100.00,1
471,-0.2500,0.9767,0,0.00,25
472,9.9400,0.9766,1,66.67,6
473,9.9200,0.9766,1,25.00,8
474,9.9600,0.9765,1,25.00,4
475,-2.2500,0.9765,0,0.00,25
476,-0.2500,0.9764,0,0.00,25
477,7.7900,0.9764,1,23.81,21
478,-2.2500,0.9763,0,0.00,25
479,9.7700,0.9763,1,21.74,23
480,-2.2500,0.9762,0,0.00,25
481,-0.2500,0.9762,0,0.00,25
482,7.8400,0.9761,1,12.50,16
483,-1.7500,0.9761,0,0.00,25
484,-1.7500,0.9760,0,0.00,25
485,-2.7500,0.9760,0,0.00,25
486,9.8900,0.9759,1,9.09,11
487,-0.2500,0.9759,0,0.00,25
488,8.3200,0.9758,1,16.67,18
489,-0.7500,0.9758,0,0.00,25
490,-5.2500,0.9757,0,0.00,25
491,7.8600,0.9757,1,35.71,14
492,9.9300,0.9757,1,28.57,7
493,7.8500,0.9756,1,20.00,15
494,9.9900,0.9756,1,100.00,1
495,-0.2500,0.9755,0,0.00,25
496,-4.2500,0.9755,0,0.00,25
497,9.9600,0.9754,1,50.00,4
498,9.3200,0.9754,1,16.67,18
499,9.9000,0.9753,1,30.00,10
500,9.9800,0.9753,1,100.00,2
501,8.3200,0.9752,1,27.78,18
502,9.9900,0.9752,1,100.00,1
503,9.9600,0.9751,1,50.00,4
504,9.9800,0.9751,1,50.00,2
505,9.9600,0.9750,1,50.00,4
506,-0.7500,0.9750,0,0.00,25
507,-0.7500,0.9749,0,0.00,25
508,9.9300,0.9749,1,71.43,7
509,-2.2500,0.9748,0,0.00,25
510,9.3500,0.9748,1,20.00,15
511,9.8800,0.9747,1,16.67,12
512,9.4000,0.9747,1,30.00,10
513,8.9000,0.9746,1,20.00,10
514,8.2700,0.9746,1,8.70,23
515,-1.2500,0.9745,0,0.00,25
516,9.9500,0.9745,1,20.00,5
517,9.2600,0.9744,1,4.17,24
518,9.9600,0.9744,1,50.00,4
519,8.3200,0.9743,1,27.78,18
520,-5.7500,0.9743,0,0.00,25
521,9.8700,0.9742,1,15.38,13
522,9.9300,0.9742,1,14.29,7
523,-0.7500,0.9741,0,0.00,25
524,-2.7500,0.9741,0,0.00,25
525,9.8500,0.9740,1,13.33,15
526,7.8000,0.9740,1,10.00,20
527,-3.2500,0.9739,0,0.00,25
528,8.8100,0.9739,1,21.05,19
529,8.8900,0.9738,1,45.45,11
530,9.9600,0.9738,1,50.00,4
531,8.8300,0.9738,1,5.88,17
532,9.9900,0.9737,1,100.00,1
533,-5.2500,0.9737,0,0.00,25
534,7.2500,0.9736,1,8.00,25
535,-1.2500,0.9736,0,0.00,25
536,-2.7500,0.9735,0,0.00,25
537,9.9500,0.9735,1,20.00,5
538,7.9200,0.9734,1,25.00,8
539,8.9000,0.9734,1,40.00,10
540,9.8700,0.9733,1,15.38,13
541,-1.2500,0.9733,0,0.00,25
542,-1.2500,0.9732,0,0.00,25
543,-3.7500,0.9732,0,0.00,25
544,9.4500,0.9731,1,40.00,5
545,9.4400,0.9731,1,33.33,6
546,9.9600,0.9730,1,75.00,4
547,8.8100,0.9730,1,10.53,19
548,8.3100,0.9729,1,26.32,19
549,9.3400,0.9729,1,18.75,16
550,9.9000,0.9728,1,40.00,10
551,-4.2500,0.9728,0,0.00,25
552,-3.7500,0.9727,0,0.00,25
553,9.8700,0.9727,1,15.38,13
554,9.7700,0.9726,1,21.74,23
555,9.9900,0.9726,1,100.00,1
556,-0.2500,0.9725,0,0.00,25
557,-0.7500,0.9725,0,0.00,25
558,8.3700,0.9724,1,38.46,13
559,-4.2500,0.9724,0,0.00,25
560,-2.2500,0.9723,0,0.00,25
561,9.9500,0.9723,1,20.00,5
562,-2.7500,0.9722,0,0.00,25
563,-1.7500,0.9722,0,0.00,25
564,9.4000,0.9721,1,30.00,10
565,9.9400,0.9721,1,33.33,6
566,-1.2500,0.9720,0,0.00,25
567,-1.7500,0.9720,0,0.00,25
568,9.3700,0.9720,1,15.38,13
569,-0.7500,0.9719,0,0.00,25
570,8.9200,0.9719,1,25.00,8
571,-5.7500,0.9718,0,0.00,25
572,-3.7500,0.9718,0,0.00,25
573,9.9600,0.9717,1,50.00,4
574,9.8200,0.9717,1,16.67,18
575,9.8700,0.9716,1,38.46,13
576,-4.2500,0.9716,0,0.00,25
577,-0.2500,0.9715,0,0.00,25
578,8.9600,0.9715,1,50.00,4
579,-0.7500,0.9714,0,0.00,25
580,9.9700,0.9714,1,33.33,3
581,-0.7500,0.9713,0,0.00,25
582,9.8600,0.9713,1,14.29,14
583,9.9700,0.9712,1,33.33,3
584,9.9700,0.9712,1,66.67,3
585,9.8600,0.9711,1,21.43,14
586,-1.2500,0.9711,0,0.00,25
587,9.3200,0.9710,1,16.67,18
588,-2.2500,0.9710,0,0.00,25
589,8.7600,0.9709,1,12.50,24
590,-6.7500,0.9709,0,0.00,25
591,9.9800,0.9708,1,100.00,2
592,9.9800,0.9708,1,100.00,2
593,9.9500,0.9707,1,40.00,5
594,9.9700,0.9707,1,66.67,3
595,-2.2500,0.9706,0,0.00,25
596,9.9700,0.9706,1,66.67,3
597,-2.7500,0.9705,0,0.00,25
598,8.2900,0.9705,1,9.52,21
599,9.9100,0.9704,1,22.22,9
600,9.9000,0.9704,1,30.00,10
601,9.3200,0.9703,1,16.67,18
602,-3.7500,0.9703,0,0.00,25
603,-0.7500,0.9703,0,0.00,25
604,-0.2500,0.9702,0,0.00,25
605,-0.7500,0.9702,0,0.00,25
606,9.8900,0.9701,1,27.27,11
607,9.9700,0.9701,1,33.33,3
608,9.4400,0.9700,1,50.00,6
609,-2.7500,0.9700,0,0.00,25
610,9.9900,0.9699,1,100.00,1
611,-1.7500,0.9699,0,0.00,25
612,8.9200,0.9698,1,25.00,8
613,9.8200,0.9698,1,11.11,18
614,9.9800,0.9697,1,100.00,2
615,-3.2500,0.9697,0,0.00,25
616,9.9700,0.9696,1,33.33,3
617,-0.7500,0.9696,0,0.00,25
618,7.7600,0.9695,1,8.33,24
619,9.3000,0.9695,1,20.00,20
620,-0.7500,0.9694,0,0.00,25
621,9.9300,0.9694,1,42.86,7
622,-0.2500,0.9693,0,0.00,25
623,8.8200,0.9693,1,16.67,18
624,-3.7500,0.9692,0,0.00,25
625,-0.2500,0.9692,0,0.00,25
626,-4.7500,0.9691,0,0.00,25
627,-4.7500,0.9691,0,0.00,25
628,9.3500,0.9690,1,13.33,15
629,9.9800,0.9690,1,100.00,2
630,9.9200,0.9689,1,12.50,8
631,8.3300,0.9689,1,5.88,17
632,9.7800,0.9688,1,9.09,22
633,9.9700,0.9688,1,66.67,3
634,8.4200,0.9687,1,12.50,8
635,9.9400,0.9687,1,33.33,6
636,-5.2500,0.9687,0,0.00,25
637,8.2500,0.9686,1,20.00,25
638,9.8500,0.9686,1,20.00,15
639,9.8300,0.9685,1,5.88,17
640,9.9900,0.9685,1,100.00,1
641,9.3600,0.9684,1,7.14,14
642,-0.2500,0.9684,0,0.00,25
643,-1.2500,0.9683,0,0.00,25
644,-1.2500,0.9683,0,0.00,25
645,-1.7500,0.9682,0,0.00,25
646,-5.2500,0.9682,0,0.00,25
647,-1.7500,0.9681,0,0.00,25
648,9.4600,0.9681,1,75.00,4
649,8.8600,0.9680,1,21.43,14
650,-2.2500,0.9680,0,0.00,25
651,-4.2500,0.9679,0,0.00,25
652,9.9000,0.9679,1,20.00,10
653,-2.7500,0.9678,0,0.00,25
654,-1.2500,0.9678,0,0.00,25
655,8.3100,0.9677,1,15.79,19
656,9.9900,0.9677,1,100.00,1
657,9.8600,0.9676,1,7.14,14
658,9.9800,0.9676,1,100.00,2
659,-4.2500,0.9675,0,0.00,25
660,-5.2500,0.9675,0,0.00,25
661,-2.2500,0.9674,0,0.00,25
662,-4.2500,0.9674,0,0.00,25
663,9.9500,0.9673,1,40.00,5
664,9.9500,0.9673,1,60.00,5
665,9.3000,0.9672,1,10.00,20
666,-1.7500,0.9672,0,0.00,25
667,8.7500,0.9672,1,8.00,25
668,9.3600,0.9671,1,35.71,14
669,9.9200,0.9671,1,25.00,8
670,8.3300,0.9670,1,17.65,17
671,9.9800,0.9670,1,100.00,2
672,8.8700,0.9669,1,15.38,13
673,-1.7500,0.9669,0,0.00,25
674,7.8600,0.9668,1,28.57,14
675,-3.7500,0.9668,0,0.00,25
676,-2.2500,0.9667,0,0.00,25
677,9.9100,0.9667,1,55.56,9
678,-1.2500,0.9666,0,0.00,25
679,9.9900,0.9666,1,100.00,1
680,8.4100,0.9665,1,33.33,9
681,-0.7500,0.9665,0,0.00,25
682,-3.2500,0.9664,0,0.00,25
683,9.9900,0.9664,1,100.00,1
684,-1.2500,0.9663,0,0.00,25
685,9.9100,0.9663,1,22.22,9
686,8.9300,0.9662,1,42.86,7
687,9.3000,0.9662,1,10.00,20
688,9.9300,0.9661,1,28.57,7
689,-0.2500,0.9661,0,0.00,25
690,-2.2500,0.9660,0,0.00,25
691,-1.7500,0.9660,0,0.00,25
692,9.9100,0.9659,1,33.33,9
693,-2.7500,0.9659,0,0.00,25
694,9.8900,0.9658,1,27.27,11
695,-1.7500,0.9658,0,0.00,25
696,-4.7500,0.9657,0,0.00,25
697,9.9800,0.9657,1,100.00,2
698,-2.2500,0.9657,0,0.00,25
699,8.8100,0.9656,1,5.26,19
700,7.7800,0.9656,1,13.64,22
701,-1.2500,0.9655,0,0.00,25
702,9.8900,0.9655,1,27.27,11
703,9.8400,0.9654,1,12.50,16
704,9.8800,0.9654,1,25.00,12
705,9.9800,0.9653,1,100.00,2
706,9.9800,0.9653,1,100.00,2
707,9.9500,0.9652,1,20.00,5
708,9.9900,0.9652,1,100.00,1
709,-2.7500,0.9651,0,0.00,25
710,-1.7500,0.9651,0,0.00,25
711,9.9800,0.9650,1,100.00,2
712,9.8200,0.9650,1,11.11,18
713,8.4400,0.9649,1,16.67,6
714,6.2700,0.9649,1,13.04,23
715,8.9100,0.9648,1,11.11,9
716,9.9400,0.9648,1,33.33,6
717,9.9800,0.9647,1,100.00,2
718,-2.2500,0.9647,0,0.00,25
719,9.4500,0.9646,1,40.00,5
720,-0.2500,0.9646,0,0.00,25
721,7.8300,0.9645,1,17.65,17
722,9.3200,0.9645,1,16.67,18
723,8.2800,0.9644,1,22.73,22
724,9.9500,0.9644,1,40.00,5
725,-1.2500,0.9644,0,0.00,25
726,-5.2500,0.9643,0,0.00,25
727,9.9200,0.9643,1,25.00,8
728,9.9600,0.9642,1,50.00,4
729,9.8300,0.9642,1,17.65,17
730,9.7500,0.9641,1,8.00,25
731,9.8400,0.9641,1,12.50,16
732,6.3000,0.9640,1,10.00,20
733,8.9400,0.9640,1,33.33,6
734,9.3500,0.9639,1,26.67,15
735,-0.7500,0.9639,0,0.00,25
736,8.9000,0.9638,1,20.00,10
737,-6.2500,0.9638,0,0.00,25
738,9.8600,0.9637,1,14.29,14
739,9.9600,0.9637,1,100.00,4
740,9.9600,0.9636,1,25.00,4
741,9.7900,0.9636,1,9.52,21
742,-2.2500,0.9635,0,0.00,25
743,9.8700,0.9635,1,15.38,13
744,9.8500,0.9634,1,6.67,15
745,9.9300,0.9634,1,14.29,7
746,8.9500,0.9633,1,60.00,5
747,4.2900,0.9633,1,28.57,21
748,-2.7500,0.9632,0,0.00,25
749,-0.7500,0.9632,0,0.00,25
750,-2.2500,0.9631,0,0.00,25
751,-0.2500,0.9631,0,0.00,25
752,9.9200,0.9630,1,12.50,8
753,-1.7500,0.9630,0,0.00,25
754,8.8500,0.9630,1,6.67,15
755,9.8700,0.9629,1,7.69,13
756,-4.7500,0.9629,0,0.00,25
757,9.9800,0.9628,1,100.00,2
758,9.9700,0.9628,1,100.00,3
759,9.9900,0.9627,1,100.00,1
760,9.9800,0.9627,1,100.00,2
761,9.4400,0.9626,1,50.00,6
762,9.9700,0.9626,1,33.33,3
763,9.9800,0.9625,1,100.00,2
764,-0.7500,0.9625,0,0.00,25
765,9.4300,0.9624,1,57.14,7
766,-3.7500,0.9624,0,0.00,25
767,9.4200,0.9623,1,50.00,8
768,9.9600,0.9623,1,50.00,4
769,9.3800,0.9622,1,33.33,12
770,-2.7500,0.9622,0,0.00,25
771,-0.2500,0.9621,0,0.00,25
772,-2.2500,0.9621,0,0.00,25
773,7.3300,0.9620,1,17.65,17
774,-3.2500,0.9620,0,0.00,25
775,-4.2500,0.9619,0,0.00,25
776,-2.2500,0.9619,0,0.00,25
777,9.8600,0.9618,1,21.43,14
778,-3.7500,0.9618,0,0.00,25
779,9.9800,0.9617,1,100.00,2
780,7.9000,0.9617,1,20.00,10
781,-1.7500,0.9617,0,0.00,25
782,-1.2500,0.9616,0,0.00,25
783,9.9700,0.9616,1,100.00,3
784,9.9300,0.9615,1,28.57,7
785,-0.7500,0.9615,0,0.00,25
786,7.3100,0.9614,1,26.32,19
787,9.8800,0.9614,1,41.67,12
788,9.8700,0.9613,1,23.08,13
789,7.8300,0.9613,1,17.65,17
790,9.2900,0.9612,1,4.76,21
791,-1.2500,0.9612,0,0.00,25
792,9.9700,0.9611,1,33.33,3
793,7.7800,0.9611,1,13.64,22
794,8.3000,0.9610,1,30.00,20
795,9.9000,0.9610,1,20.00,10
796,9.3400,0.9609,1,12.50,16
797,9.9900,0.9609,1,100.00,1
798,9.9800,0.9608,1,100.00,2
799,9.4100,0.9608,1,22.22,9
800,9.9500,0.9607,1,20.00,5
801,-1.7500,0.9607,0,0.00,25
802,9.9800,0.9606,1,100.00,2
803,-2.2500,0.9606,0,0.00,25
804,9.9900,0.9605,1,100.00,1
805,9.8600,0.9605,1,14.29,14
806,7.7800,0.9605,1,13.64,22
807,9.3300,0.9604,1,11.76,17
808,9.9600,0.9604,1,50.00,4
809,7.3700,0.9603,1,15.38,13
810,9.9100,0.9603,1,22.22,9
811,-0.2500,0.9602,0,0.00,25
812,-2.7500,0.9602,0,0.00,25
813,7.8100,0.9601,1,31.58,19
814,9.8000,0.9601,1,10.00,20
815,-4.2500,0.9600,0,0.00,25
816,9.9700,0.9600,1,66.67,3
817,9.9100,0.9599,1,44.44,9
818,9.9900,0.9599,1,100.00,1
819,6.3000,0.9598,1,20.00,20
820,9.3200,0.9598,1,11.11,18
821,8.9000,0.9597,1,20.00,10
822,-0.2500,0.9597,0,0.00,25
823,9.9400,0.9596,1,66.67,6
824,-2.7500,0.9596,0,0.00,25
825,9.9700,0.9595,1,100.00,3
826,-3.7500,0.9595,0,0.00,25
827,9.9000,0.9594,1,20.00,10
828,9.9200,0.9594,1,25.00,8
829,9.9100,0.9593,1,22.22,9
830,-1.7500,0.9593,0,0.00,25
831,4.7700,0.9593,1,26.09,23
832,-2.2500,0.9592,0,0.00,25
833,7.7900,0.9592,1,14.29,21
834,-2.7500,0.9591,0,0.00,25
835,-1.7500,0.9591,0,0.00,25
836,-2.7500,0.9590,0,0.00,25
837,-2.7500,0.9590,0,0.00,25
838,8.8800,0.9589,1,25.00,12
839,9.9800,0.9589,1,100.00,2
840,-0.7500,0.9588,0,0.00,25
841,9.8900,0.9588,1,27.27,11
842,-3.7500,0.9587,0,0.00,25
843,-0.7500,0.9587,0,0.00,25
844,9.9800,0.9586,1,100.00,2
845,-1.2500,0.9586,0,0.00,25
846,9.9700,0.9585,1,100.00,3
847,9.9600,0.9585,1,50.00,4
848,-2.7500,0.9584,0,0.00,25
849,9.9100,0.9584,1,22.22,9
850,9.9800,0.9583,1,100.00,2
851,9.2600,0.9583,1,8.33,24
852,-1.7500,0.9582,0,0.00,25
853,8.7700,0.9582,1,8.70,23
854,-2.2500,0.9581,0,0.00,25
855,9.3600,0.9581,1,21.43,14
856,9.9000,0.9581,1,20.00,10
857,9.9800,0.9580,1,100.00,2
858,8.9600,0.9580,1,50.00,4
859,-3.2500,0.9579,0,0.00,25
860,-3.2500,0.9579,0,0.00,25
861,9.9700,0.9578,1,33.33,3
862,7.8200,0.9578,1,16.67,18
863,9.9700,0.9577,1,66.67,3
864,9.9500,0.9577,1,60.00,5
865,-2.2500,0.9576,0,0.00,25
866,9.9800,0.9576,1,100.00,2
867,9.9700,0.9575,1,66.67,3
868,9.9600,0.9575,1,50.00,4
869,9.8800,0.9574,1,16.67,12
870,9.9900,0.9574,1,100.00,1
871,-0.2500,0.9573,0,0.00,25
872,-4.2500,0.9573,0,0.00,25
873,-0.2500,0.9572,0,0.00,25
874,9.8300,0.9572,1,35.29,17
875,9.8900,0.9571,1,18.18,11
876,8.9100,0.9571,1,33.33,9
877,8.7600,0.9570,1,8.33,24
878,9.4000,0.9570,1,40.00,10
879,9.8900,0.9570,1,27.27,11
880,9.9400,0.9569,1,33.33,6
881,8.3600,0.9569,1,35.71,14
882,8.8000,0.9568,1,15.00,20
883,9.3000,0.9568,1,5.00,20
884,9.9500,0.9567,1,40.00,5
885,-0.2500,0.9567,0,0.00,25
886,-4.2500,0.9566,0,0.00,25
887,9.4000,0.9566,1,40.00,10
888,-0.7500,0.9565,0,0.00,25
889,9.9800,0.9565,1,100.00,2
890,-0.2500,0.9564,0,0.00,25
891,9.9400,0.9564,1,33.33,6
892,9.9800,0.9563,1,100.00,2
893,5.8000,0.9563,1,10.00,20
894,-6.2500,0.9562,0,0.00,25
895,-1.2500,0.9562,0,0.00,25
896,8.8300,0.9561,1,35.29,17
897,-0.7500,0.9561,0,0.00,25
898,9.2800,0.9560,1,18.18,22
899,9.8400,0.9560,1,12.50,16
900,-1.7500,0.9559,0,0.00,25
901,-0.7500,0.9559,0,0.00,25
902,9.9500,0.9559,1,60.00,5
903,-0.2500,0.9558,0,0.00,25
904,9.8800,0.9558,1,8.33,12
905,9.9800,0.9557,1,100.00,2
906,9.8600,0.9557,1,14.29,14
907,9.9700,0.9556,1,33.33,3
908,-1.2500,0.9556,0,0.00,25
909,9.8700,0.9555,1,15.38,13
910,8.8000,0.9555,1,10.00,20
911,9.4700,0.9554,1,66.67,3
912,9.9600,0.9554,1,50.00,4
913,9.9700,0.9553,1,33.33,3
914,8.3200,0.9553,1,11.11,18
915,-4.7500,0.9552,0,0.00,25
916,-3.2500,0.9552,0,0.00,25
917,9.9800,0.9551,1,100.00,2
918,-0.2500,0.9551,0,0.00,25
919,-1.2500,0.9550,0,0.00,25
920,-3.7500,0.9550,0,0.00,25
921,-2.7500,0.9549,0,0.00,25
922,7.8000,0.9549,1,20.00,20
923,-1.2500,0.9548,0,0.00,25
924,8.8000,0.9548,1,15.00,20
925,9.9300,0.9548,1,14.29,7
926,7.7800,0.9547,1,9.09,22
927,9.9900,0.9547,1,100.00,1
928,-2.7500,0.9546,0,0.00,25
929,9.9800,0.9546,1,100.00,2
930,-3.2500,0.9545,0,0.00,25
931,8.7900,0.9545,1,9.52,21
932,9.9600,0.9544,1,75.00,4
933,9.8000,0.9544,1,10.00,20
934,-0.2500,0.9543,0,0.00,25
935,8.3100,0.9543,1,26.32,19
936,9.9100,0.9542,1,33.33,9
937,9.8900,0.9542,1,27.27,11
938,-0.7500,0.9541,0,0.00,25
939,-4.2500,0.9541,0,0.00,25
940,8.3500,0.9540,1,13.33,15
941,-2.2500,0.9540,0,0.00,25
942,9.3400,0.9539,1,18.75,16
943,-0.7500,0.9539,0,0.00,25
944,8.3500,0.9538,1,13.33,15
945,9.8100,0.9538,1,15.79,19
946,9.8500,0.9538,1,13.33,15
947,-0.2500,0.9537,0,0.00,25
948,-1.7500,0.9537,0,0.00,25
949,-1.2500,0.9536,0,0.00,25
950,-2.2500,0.9536,0,0.00,25
951,-3.2500,0.9535,0,0.00,25
952,9.9700,0.9535,1,33.33,3
953,8.8800,0.9534,1,41.67,12
954,9.8100,0.9534,1,5.26,19
955,-0.2500,0.9533,0,0.00,25
956,7.9200,0.9533,1,25.00,8
957,9.3500,0.9532,1,13.33,15
958,-1.7500,0.9532,0,0.00,25
959,-2.7500,0.9531,0,0.00,25
960,9.9700,0.9531,1,100.00,3
961,-1.2500,0.9530,0,0.00,25
962,8.2600,0.9530,1,12.50,24
963,8.2600,0.9529,1,8.33,24
964,9.4400,0.9529,1,33.33,6
965,-2.2500,0.9528,0,0.00,25
966,9.4200,0.9528,1,12.50,8
967,9.7900,0.9528,1,9.52,21
968,-2.7500,0.9527,0,0.00,25
969,9.3400,0.9527,1,31.25,16
970,9.9900,0.9526,1,100.00,1
971,-1.7500,0.9526,0,0.00,25
972,9.9300,0.9525,1,57.14,7
973,9.9300,0.9525,1,28.57,7
974,9.2600,0.9524,1,8.33,24
975,8.8300,0.9524,1,11.76,17
976,-1.7500,0.9523,0,0.00,25
977,9.9000,0.9523,1,20.00,10
978,6.7700,0.9522,1,26.09,23
979,-1.7500,0.9522,0,0.00,25
980,-0.7500,0.9521,0,0.00,25
981,7.3500,0.9521,1,20.00,15
982,6.8300,0.9520,1,23.53,17
983,-0.7500,0.9520,0,0.00,25
984,-4.2500,0.9519,0,0.00,25
985,-2.7500,0.9519,0,0.00,25
986,-2.2500,0.9518,0,0.00,25
987,6.3200,0.9518,1,22.22,18
988,-0.7500,0.9518,0,0.00,25
989,-1.2500,0.9517,0,0.00,25
990,9.9800,0.9517,1,100.00,2
991,9.9200,0.9516,1,25.00,8
992,9.8900,0.9516,1,18.18,11
993,9.9200,0.9515,1,25.00,8
994,9.4700,0.9515,1,66.67,3
995,-2.2500,0.9514,0,0.00,25
996,-0.2500,0.9514,0,0.00,25
997,-1.2500,0.9513,0,0.00,25
998,9.9800,0.9513,1,50.00,2
999,7.8900,0.9512,1,36.36,11
1000,-3.2500,0.9512,0,0.00,25
1001,-1.7500,0.9511,0,0.00,25
1002,-2.2500,0.9511,0,0.00,25
1003,-2.2500,0.9510,0,0.00,25
1004,8.4200,0.9510,1,12.50,8
1005,-3.2500,0.9509,0,0.00,25
1006,-3.7500,0.9509,0,0.00,25
1007,9.9500,0.9508,1,20.00,5
1008,9.9600,0.9508,1,25.00,4
1009,-6.2500,0.9508,0,0.00,25
1010,-0.7500,0.9507,0,0.00,25
1011,9.8500,0.9507,1,13.33,15
1012,9.9700,0.9506,1,33.33,3
1013,9.8800,0.9506,1,8.33,12
1014,9.9900,0.9505,1,100.00,1
1015,9.9800,0.9505,1,100.00,2
1016,9.8000,0.9504,1,15.00,20
1017,9.4500,0.9504,1,40.00,5
1018,-0.2500,0.9503,0,0.00,25
1019,-1.7500,0.9503,0,0.00,25
1020,-0.2500,0.9502,0,0.00,25
1021,-2.7500,0.9502,0,0.00,25
1022,-0.7500,0.9501,0,0.00,25
1023,9.8500,0.9501,1,6.67,15
1024,9.9900,0.9500,1,100.00,1
1025,9.9700,0.9500,1,100.00,3
1026,-3.2500,0.9499,0,0.00,25
1027,9.9900,0.9499,1,100.00,1
1028,-0.2500,0.9498,0,0.00,25
1029,9.9200,0.9498,1,37.50,8
1030,9.4000,0.9498,1,20.00,10
1031,9.8900,0.9497,1,9.09,11
1032,7.9200,0.9497,1,50.00,8
1033,9.4300,0.9496,1,57.14,7
1034,-1.7500,0.9496,0,0.00,25
1035,9.8900,0.9495,1,9.09,11
1036,-0.7500,0.9495,0,0.00,25
1037,9.9500,0.9494,1,100.00,5
1038,9.2700,0.9494,1,8.70,23
1039,8.3500,0.9493,1,13.33,15
1040,9.9200,0.9493,1,25.00,8
1041,-0.7500,0.9492,0,0.00,25
1042,-1.7500,0.9492,0,0.00,25
1043,-0.2500,0.9491,0,0.00,25
1044,9.8600,0.9491,1,7.14,14
1045,-1.2500,0.9490,0,0.00,25
1046,-0.2500,0.9490,0,0.00,25
1047,9.9800,0.9489,1,50.00,2
1048,-2.2500,0.9489,0,0.00,25
1049,-1.7500,0.9489,0,0.00,25
1050,9.9300,0.9488,1,14.29,7
1051,-1.2500,0.9488,0,0.00,25
1052,-1.2500,0.9487,0,0.00,25
1053,-0.2500,0.9487,0,0.00,25
1054,9.8400,0.9486,1,6.25,16
1055,-3.2500,0.9486,0,0.00,25
1056,9.9500,0.9485,1,100.00,5
1057,-3.2500,0.9485,0,0.00,25
1058,9.9900,0.9484,1,100.00,1
1059,9.4000,0.9484,1,40.00,10
1060,7.8100,0.9483,1,21.05,19
1061,8.2500,0.9483,1,8.00,25
1062,9.4600,0.9482,1,75.00,4
1063,6.7900,0.9482,1,9.52,21
1064,-0.7500,0.9481,0,0.00,25
1065,8.8300,0.9481,1,35.29,17
1066,9.8600,0.9480,1,14.29,14
1067,9.9500,0.9480,1,60.00,5
1068,7.9200,0.9480,1,25.00,8
1069,9.8400,0.9479,1,18.75,16
1070,8.9400,0.9479,1,33.33,6
1071,9.9500,0.9478,1,60.00,5
1072,7.8400,0.9478,1,18.75,16
1073,-1.2500,0.9477,0,0.00,25
1074,9.3300,0.9477,1,11.76,17
1075,-0.2500,0.9476,0,0.00,25
1076,9.3800,0.9476,1,33.33,12
1077,9.9700,0.9475,1,100.00,3
1078,8.3500,0.9475,1,13.33,15
1079,-1.7500,0.9474,0,0.00,25
1080,9.9700,0.9474,1,66.67,3
1081,-2.2500,0.9473,0,0.00,25
1082,-0.7500,0.9473,0,0.00,25
1083,9.9800,0.9472,1,100.00,2
1084,-1.7500,0.9472,0,0.00,25
1085,-5.2500,0.9471,0,0.00,25
1086,9.8800,0.9471,1,25.00,12
1087,9.8200,0.9471,1,16.67,18
1088,7.7500,0.9470,1,20.00,25
1089,9.9600,0.9470,1,100.00,4
1090,9.9300,0.9469,1,42.86,7
1091,-2.2500,0.9469,0,0.00,25
1092,9.2700,0.9468,1,8.70,23
1093,-2.7500,0.9468,0,0.00,25
1094,9.4200,0.9467,1,25.00,8
1095,-2.7500,0.9467,0,0.00,25
1096,9.9200,0.9466,1,25.00,8
1097,9.9900,0.9466,1,100.00,1
1098,9.9100,0.9465,1,22.22,9
1099,9.8700,0.9465,1,7.69,13
1100,9.9800,0.9464,1,50.00,2
1101,-3.2500,0.9464,0,0.00,25
1102,9.9700,0.9463,1,100.00,3
1103,7.3800,0.9463,1,33.33,12
1104,9.9700,0.9462,1,100.00,3
1105,-2.7500,0.9462,0,0.00,25
1106,9.9200,0.9462,1,12.50,8
1107,-2.2500,0.9461,0,0.00,25
1108,9.9800,0.9461,1,100.00,2
1109,9.9900,0.9460,1,100.00,1
1110,-2.2500,0.9460,0,0.00,25
1111,8.8700,0.9459,1,23.08,13
1112,9.2700,0.9459,1,4.35,23
1113,9.8700,0.9458,1,15.38,13
1114,9.8500,0.9458,1,20.00,15
1115,-2.2500,0.9457,0,0.00,25
1116,9.3300,0.9457,1,5.88,17
1117,-0.2500,0.9456,0,0.00,25
1118,9.9300,0.9456,1,28.57,7
1119,-2.2500,0.9455,0,0.00,25
1120,9.9800,0.9455,1,100.00,2
1121,-2.2500,0.9454,0,0.00,25
1122,9.9500,0.9454,1,40.00,5
1123,-1.2500,0.9453,0,0.00,25
1124,9.9400,0.9453,1,33.33,6
1125,9.8300,0.9453,1,11.76,17
1126,-1.2500,0.9452,0,0.00,25
1127,9.9400,0.9452,1,50.00,6
1128,9.9400,0.9451,1,16.67,6
1129,9.9000,0.9451,1,30.00,10
1130,8.9500,0.9450,1,20.00,5
1131,6.2700,0.9450,1,21.74,23
1132,-2.2500,0.9449,0,0.00,25
1133,9.4000,0.9449,1,30.00,10
1134,9.9400,0.9448,1,33.33,6
1135,9.7600,0.9448,1,4.17,24
1136,9.9400,0.9447,1,33.33,6
1137,9.8300,0.9447,1,11.76,17
1138,8.9200,0.9446,1,25.00,8
1139,9.8900,0.9446,1,9.09,11
1140,-0.2500,0.9445,0,0.00,25
1141,9.9200,0.9445,1,12.50,8
1142,8.3900,0.9445,1,36.36,11
1143,9.9700,0.9444,1,100.00,3
1144,9.9500,0.9444,1,40.00,5
1145,-1.2500,0.9443,0,0.00,25
1146,-0.2500,0.9443,0,0.00,25
1147,8.9100,0.9442,1,33.33,9
1148,8.4200,0.9442,1,37.50,8
1149,-1.2500,0.9441,0,0.00,25
1150,9.9800,0.9441,1,100.00,2
1151,-1.2500,0.9440,0,0.00,25
1152,-2.2500,0.9440,0,0.00,25
1153,9.9800,0.9439,1,100.00,2
1154,-0.7500,0.9439,0,0.00,25
1155,-1.2500,0.9438,0,0.00,25
1156,-2.2500,0.9438,0,0.00,25
1157,-0.7500,0.9437,0,0.00,25
1158,-1.2500,0.9437,0,0.00,25
1159,9.8800,0.9436,1,25.00,12
1160,-3.2500,0.9436,0,0.00,25
1161,8.9100,0.9436,1,44.44,9
1162,-4.2500,0.9435,0,0.00,25
1163,9.3700,0.9435,1,15.38,13
1164,8.3000,0.9434,1,10.00,20
1165,9.9100,0.9434,1,33.33,9
1166,9.9900,0.9433,1,100.00,1
1167,7.8800,0.9433,1,16.67,12
1168,9.9400,0.9432,1,33.33,6
1169,8.8100,0.9432,1,5.26,19
1170,-2.7500,0.9431,0,0.00,25
1171,8.8000,0.9431,1,30.00,20
1172,6.8900,0.9430,1,9.09,11
1173,-0.7500,0.9430,0,0.00,25
1174,8.9100,0.9429,1,11.11,9
1175,-3.7500,0.9429,0,0.00,25
1176,-0.7500,0.9428,0,0.00,25
1177,9.9700,0.9428,1,100.00,3
1178,8.8600,0.9428,1,28.57,14
1179,-1.2500,0.9427,0,0.00,25
1180,7.8800,0.9427,1,33.33,12
1181,9.9900,0.9426,1,100.00,1
1182,9.8700,0.9426,1,15.38,13
1183,9.9500,0.9425,1,20.00,5
1184,-2.2500,0.9425,0,0.00,25
1185,-2.2500,0.9424,0,0.00,25
1186,-3.7500,0.9424,0,0.00,25
1187,9.9800,0.9423,1,100.00,2
1188,9.4700,0.9423,1,66.67,3
1189,9.8700,0.9422,1,23.08,13
1190,9.9200,0.9422,1,25.00,8
1191,9.9100,0.9421,1,33.33,9
1192,9.8600,0.9421,1,28.57,14
1193,-0.2500,0.9420,0,0.00,25
1194,9.9700,0.9420,1,100.00,3
1195,9.8000,0.9420,1,10.00,20
1196,9.9300,0.9419,1,85.71,7
1197,9.9100,0.9419,1,22.22,9
1198,-0.7500,0.9418,0,0.00,25
1199,8.2800,0.9418,1,9.09,22
1200,9.9700,0.9417,1,66.67,3
1201,9.9300,0.9417,1,42.86,7
1202,-0.7500,0.9416,0,0.00,25
1203,9.4100,0.9416,1,33.33,9
1204,9.9300,0.9415,1,14.29,7
1205,9.8800,0.9415,1,8.33,12
1206,9.9300,0.9414,1,28.57,7
1207,-4.2500,0.9414,0,0.00,25
1208,-1.7500,0.9413,0,0.00,25
1209,-0.2500,0.9413,0,0.00,25
1210,-1.2500,0.9412,0,0.00,25
1211,8.7800,0.9412,1,27.27,22
1212,9.8200,0.9412,1,16.67,18
1213,-2.2500,0.9411,0,0.00,25
1214,8.8900,0.9411,1,9.09,11
1215,8.3400,0.9410,1,12.50,16
1216,9.8000,0.9410,1,15.00,20
1217,7.8800,0.9409,1,41.67,12
1218,-4.2500,0.9409,0,0.00,25
1219,6.7800,0.9408,1,4.55,22
1220,-3.7500,0.9408,0,0.00,25
1221,9.9700,0.9407,1,100.00,3
1222,-5.2500,0.9407,0,0.00,25
1223,-0.2500,0.9406,0,0.00,25
1224,6.7700,0.9406,1,21.74,23
1225,9.9600,0.9405,1,75.00,4
1226,9.9900,0.9405,1,100.00,1
1227,9.9400,0.9404,1,50.00,6
1228,9.9900,0.9404,1,100.00,1
1229,9.9900,0.9404,1,100.00,1
1230,-2.2500,0.9403,0,0.00,25
1231,9.9100,0.9403,1,22.22,9
1232,9.9500,0.9402,1,40.00,5
1233,9.9200,0.9402,1,37.50,8
1234,-3.2500,0.9401,0,0.00,25
1235,9.9200,0.9401,1,37.50,8
1236,9.9700,0.9400,1,33.33,3
1237,-0.7500,0.9400,0,0.00,25
1238,9.2500,0.9399,1,12.00,25
1239,6.8100,0.9399,1,26.32,19
1240,9.4100,0.9398,1,33.33,9
1241,9.8800,0.9398,1,33.33,12
1242,9.9300,0.9397,1,42.86,7
1243,9.7800,0.9397,1,13.64,22
1244,9.9900,0.9396,1,100.00,1
1245,-3.2500,0.9396,0,0.00,25
1246,9.4000,0.9396,1,30.00,10
1247,9.9600,0.9395,1,50.00,4
1248,-5.7500,0.9395,0,0.00,25
1249,7.3300,0.9394,1,11.76,17
1250,-0.7500,0.9394,0,0.00,25
1251,9.8100,0.9393,1,10.53,19
1252,-1.7500,0.9393,0,0.00,25
1253,9.8800,0.9392,1,16.67,12
1254,9.9400,0.9392,1,33.33,6
1255,-1.2500,0.9391,0,0.00,25
1256,9.9800,0.9391,1,100.00,2
1257,-0.2500,0.9390,0,0.00,25
1258,-2.2500,0.9390,0,0.00,25
1259,9.7900,0.9389,1,9.52,21
1260,9.9100,0.9389,1,33.33,9
1261,9.9500,0.9388,1,20.00,5
1262,9.9900,0.9388,1,100.00,1
1263,8.7800,0.9388,1,13.64,22
1264,9.8500,0.9387,1,6.67,15
1265,9.9700,0.9387,1,100.00,3
1266,9.9900,0.9386,1,100.00,1
1267,-0.7500,0.9386,0,0.00,25
1268,9.9300,0.9385,1,42.86,7
1269,5.8200,0.9385,1,11.11,18
1270,9.9200,0.9384,1,25.00,8
1271,-1.2500,0.9384,0,0.00,25
1272,9.9000,0.9383,1,10.00,10
1273,9.9400,0.9383,1,33.33,6
1274,7.8700,0.9382,1,38.46,13
1275,9.9800,0.9382,1,100.00,2
1276,7.8500,0.9381,1,6.67,15
1277,9.8300,0.9381,1,5.88,17
1278,9.9100,0.9381,1,11.11,9
1279,9.9900,0.9380,1,100.00,1
1280,9.4400,0.9380,1,16.67,6
1281,-1.7500,0.9379,0,0.00,25
1282,-0.7500,0.9379,0,0.00,25
1283,9.4300,0.9378,1,28.57,7
1284,-1.7500,0.9378,0,0.00,25
1285,9.8700,0.9377,1,15.38,13
1286,9.9900,0.9377,1,100.00,1
1287,9.9700,0.9376,1,33.33,3
1288,9.3800,0.9376,1,25.00,12
1289,9.9900,0.9375,1,100.00,1
1290,9.4500,0.9375,1,40.00,5
1291,-2.7500,0.9374,0,0.00,25
1292,9.8100,0.9374,1,5.26,19
1293,9.9200,0.9373,1,37.50,8
1294,-2.2500,0.9373,0,0.00,25
1295,-2.2500,0.9373,0,0.00,25
1296,9.8400,0.9372,1,18.75,16
1297,8.3000,0.9372,1,20.00,20
1298,9.8900,0.9371,1,27.27,11
1299,-1.2500,0.9371,0,0.00,25
1300,7.3700,0.9370,1,30.77,13
1301,8.8100,0.9370,1,10.53,19
1302,7.8500,0.9369,1,20.00,15
1303,-2.2500,0.9369,0,0.00,25
1304,9.8700,0.9368,1,23.08,13
1305,9.9900,0.9368,1,100.00,1
1306,8.8400,0.9367,1,12.50,16
1307,-0.2500,0.9367,0,0.00,25
1308,9.9400,0.9366,1,33.33,6
1309,9.9700,0.9366,1,100.00,3
1310,9.8600,0.9366,1,14.29,14
1311,8.9200,0.9365,1,25.00,8
1312,-0.7500,0.9365,0,0.00,25
1313,9.8600,0.9364,1,14.29,14
1314,8.8900,0.9364,1,27.27,11
1315,9.9800,0.9363,1,50.00,2
1316,9.4300,0.9363,1,42.86,7
1317,-1.7500,0.9362,0,0.00,25
1318,8.8200,0.9362,1,22.22,18
1319,9.9900,0.9361,1,100.00,1
1320,9.4100,0.9361,1,22.22,9
1321,8.8600,0.9360,1,35.71,14
1322,8.7900,0.9360,1,9.52,21
1323,9.9900,0.9359,1,100.00,1
1324,9.9700,0.9359,1,33.33,3
1325,-0.2500,0.9358,0,0.00,25
1326,6.8400,0.9358,1,31.25,16
1327,8.7500,0.9358,1,16.00,25
1328,-0.7500,0.9357,0,0.00,25
1329,9.9600,0.9357,1,75.00,4
1330,9.9800,0.9356,1,100.00,2
1331,9.9900,0.9356,1,100.00,1
1332,8.9100,0.9355,1,33.33,9
1333,-2.2500,0.9355,0,0.00,25
1334,9.9400,0.9354,1,50.00,6
1335,7.8000,0.9354,1,10.00,20
1336,8.3900,0.9353,1,27.27,11
1337,9.3900,0.9353,1,27.27,11
1338,9.9300,0.9352,1,14.29,7
1339,-1.2500,0.9352,0,0.00,25
1340,9.9600,0.9351,1,50.00,4
1341,-4.7500,0.9351,0,0.00,25
1342,9.9000,0.9351,1,50.00,10
1343,9.8900,0.9350,1,27.27,11
1344,8.8100,0.9350,1,5.26,19
1345,9.9700,0.9349,1,100.00,3
1346,9.9100,0.9349,1,33.33,9
1347,9.9800,0.9348,1,100.00,2
1348,9.8700,0.9348,1,15.38,13
1349,9.9500,0.9347,1,60.00,5
1350,-4.2500,0.9347,0,0.00,25
1351,-2.2500,0.9346,0,0.00,25
1352,7.8500,0.9346,1,13.33,15
1353,9.3900,0.9345,1,54.55,11
1354,-3.2500,0.9345,0,0.00,25
1355,-4.2500,0.9344,0,0.00,25
1356,-0.2500,0.9344,0,0.00,25
1357,9.9300,0.9344,1,28.57,7
1358,-3.2500,0.9343,0,0.00,25
1359,-2.7500,0.9343,0,0.00,25
1360,-2.2500,0.9342,0,0.00,25
1361,9.8700,0.9342,1,7.69,13
1362,9.9900,0.9341,1,100.00,1
1363,9.7900,0.9341,1,14.29,21
1364,9.9600,0.9340,1,50.00,4
1365,9.3200,0.9340,1,16.67,18
1366,-4.2500,0.9339,0,0.00,25
1367,-2.2500,0.9339,0,0.00,25
1368,9.7700,0.9338,1,4.35,23
1369,9.4100,0.9338,1,33.33,9
1370,9.9400,0.9337,1,33.33,6
1371,9.9800,0.9337,1,100.00,2
1372,9.9500,0.9337,1,20.00,5
1373,-3.2500,0.9336,0,0.00,25
1374,-4.2500,0.9336,0,0.00,25
1375,9.8500,0.9335,1,20.00,15
1376,9.3900,0.9335,1,27.27,11
1377,9.9300,0.9334,1,42.86,7
1378,-1.2500,0.9334,0,0.00,25
1379,-3.7500,0.9333,0,0.00,25
1380,9.9200,0.9333,1,12.50,8
1381,9.9900,0.9332,1,100.00,1
1382,9.9900,0.9332,1,100.00,1
1383,9.9300,0.9331,1,28.57,7
1384,9.9500,0.9331,1,60.00,5
1385,7.8100,0.9330,1,5.26,19
1386,-3.7500,0.9330,0,0.00,25
1387,9.9800,0.9330,1,100.00,2
1388,8.7900,0.9329,1,23.81,21
1389,-1.7500,0.9329,0,0.00,25
1390,-4.7500,0.9328,0,0.00,25
1391,-1.7500,0.9328,0,0.00,25
1392,9.8500,0.9327,1,13.33,15
1393,9.9200,0.9327,1,37.50,8
1394,-1.2500,0.9326,0,0.00,25
1395,-6.7500,0.9326,0,0.00,25
1396,9.9900,0.9325,1,100.00,1
1397,9.9500,0.9325,1,60.00,5
1398,9.9700,0.9324,1,33.33,3
1399,9.8500,0.9324,1,6.67,15
1400,9.9600,0.9323,1,50.00,4
1401,8.9500,0.9323,1,60.00,5
1402,-0.2500,0.9323,0,0.00,25
1403,9.9900,0.9322,1,100.00,1
1404,9.2800,0.9322,1,18.18,22
1405,9.8900,0.9321,1,18.18,11
1406,9.2600,0.9321,1,8.33,24
1407,9.9500,0.9320,1,40.00,5
1408,9.9700,0.9320,1,100.00,3
1409,9.9200,0.9319,1,37.50,8
1410,9.9800,0.9319,1,100.00,2
1411,-2.2500,0.9318,0,0.00,25
1412,9.9500,0.9318,1,60.00,5
1413,-3.2500,0.9317,0,0.00,25
1414,9.8800,0.9317,1,25.00,12
1415,9.3800,0.9316,1,33.33,12
1416,-1.7500,0.9316,0,0.00,25
1417,-0.2500,0.9316,0,0.00,25
1418,9.9600,0.9315,1,75.00,4
1419,9.9800,0.9315,1,100.00,2
1420,9.9700,0.9314,1,66.67,3
1421,-1.7500,0.9314,0,0.00,25
1422,9.9200,0.9313,1,37.50,8
1423,-2.7500,0.9313,0,0.00,25
1424,9.9500,0.9312,1,60.00,5
1425,9.4300,0.9312,1,28.57,7
1426,9.8000,0.9311,1,10.00,20
1427,9.9900,0.9311,1,100.00,1
1428,9.9300,0.9310,1,28.57,7
1429,5.7500,0.9310,1,16.00,25
1430,9.9000,0.9309,1,20.00,10
1431,9.9600,0.9309,1,50.00,4
1432,9.8500,0.9309,1,6.67,15
1433,-1.2500,0.9308,0,0.00,25
1434,9.9800,0.9308,1,100.00,2
1435,7.7600,0.9307,1,8.33,24
1436,9.9800,0.9307,1,100.00,2
1437,9.9600,0.9306,1,50.00,4
1438,9.3200,0.9306,1,11.11,18
1439,-3.2500,0.9305,0,0.00,25
1440,9.8700,0.9305,1,15.38,13
1441,9.7700,0.9304,1,8.70,23
1442,-2.7500,0.9304,0,0.00,25
1443,9.4400,0.9303,1,50.00,6
1444,-0.7500,0.9303,0,0.00,25
1445,6.2700,0.9303,1,17.39,23
1446,9.9700,0.9302,1,100.00,3
1447,9.7900,0.9302,1,9.52,21
1448,-0.2500,0.9301,0,0.00,25
1449,8.3000,0.9301,1,25.00,20
1450,9.3700,0.9300,1,30.77,13
1451,8.8700,0.9300,1,30.77,13
1452,9.8900,0.9299,1,18.18,11
1453,-3.2500,0.9299,0,0.00,25
1454,9.9200,0.9298,1,25.00,8
1455,9.4000,0.9298,1,30.00,10
1456,9.9900,0.9297,1,100.00,1
1457,-0.7500,0.9297,0,0.00,25
1458,-0.2500,0.9296,0,0.00,25
1459,9.9700,0.9296,1,33.33,3
1460,-0.7500,0.9296,0,0.00,25
1461,9.8800,0.9295,1,50.00,12
1462,9.9000,0.9295,1,20.00,10
1463,-0.7500,0.9294,0,0.00,25
1464,-3.7500,0.9294,0,0.00,25
1465,7.2500,0.9293,1,12.00,25
1466,9.9900,0.9293,1,100.00,1
1467,-0.7500,0.9292,0,0.00,25
1468,-2.7500,0.9292,0,0.00,25
1469,7.8200,0.9291,1,11.11,18
1470,9.4200,0.9291,1,37.50,8
1471,9.8300,0.9290,1,5.88,17
1472,9.9800,0.9290,1,100.00,2
1473,-0.7500,0.9289,0,0.00,25
1474,9.3300,0.9289,1,11.76,17
1475,9.4500,0.9289,1,80.00,5
1476,9.8200,0.9288,1,22.22,18
1477,-2.7500,0.9288,0,0.00,25
1478,9.9700,0.9287,1,66.67,3
1479,9.8800,0.9287,1,8.33,12
1480,9.3900,0.9286,1,27.27,11
1481,-0.2500,0.9286,0,0.00,25
1482,-0.7500,0.9285,0,0.00,25
1483,-3.7500,0.9285,0,0.00,25
1484,9.9500,0.9284,1,60.00,5
1485,9.8800,0.9284,1,16.67,12
1486,-1.2500,0.9283,0,0.00,25
1487,6.8200,0.9283,1,22.22,18
1488,9.9700,0.9283,1,100.00,3
1489,-1.2500,0.9282,0,0.00,25
1490,9.9800,0.9282,1,100.00,2
1491,8.3300,0.9281,1,11.76,17
1492,-3.7500,0.9281,0,0.00,25
1493,-2.7500,0.9280,0,0.00,25
1494,-2.2500,0.9280,0,0.00,25
1495,-6.7500,0.9279,0,0.00,25
1496,9.9700,0.9279,1,33.33,3
1497,9.9300,0.9278,1,14.29,7
1498,9.9700,0.9278,1,33.33,3
1499,-5.2500,0.9277,0,0.00,25
1500,8.7500,0.9277,1,4.00,25
1501,9.9800,0.9276,1,100.00,2
1502,9.9900,0.9276,1,100.00,1
1503,9.3200,0.9276,1,16.67,18
1504,9.8300,0.9275,1,17.65,17
1505,9.9300,0.9275,1,42.86,7
1506,9.9800,0.9274,1,100.00,2
1507,9.7800,0.9274,1,13.64,22
1508,9.9700,0.9273,1,33.33,3
1509,-1.2500,0.9273,0,0.00,25
1510,-1.7500,0.9272,0,0.00,25
1511,9.9700,0.9272,1,33.33,3
1512,9.9700,0.9271,1,33.33,3
1513,-1.2500,0.9271,0,0.00,25
1514,-1.2500,0.9270,0,0.00,25
1515,9.9200,0.9270,1,37.50,8
1516,9.3600,0.9270,1,21.43,14
1517,-0.2500,0.9269,0,0.00,25
1518,9.9700,0.9269,1,100.00,3
1519,9.3500,0.9268,1,13.33,15
1520,-7.7500,0.9268,0,0.00,25
1521,-2.7500,0.9267,0,0.00,25
1522,-1.7500,0.9267,0,0.00,25
1523,7.7800,0.9266,1,4.55,22
1524,8.8300,0.9266,1,17.65,17
1525,-3.7500,0.9265,0,0.00,25
1526,9.9800,0.9265,1,100.00,2
1527,-1.2500,0.9264,0,0.00,25
1528,9.9100,0.9264,1,22.22,9
1529,-3.7500,0.9264,0,0.00,25
1530,9.3300,0.9263,1,23.53,17
1531,-2.2500,0.9263,0,0.00,25
1532,9.8000,0.9262,1,10.00,20
1533,7.8300,0.9262,1,17.65,17
1534,9.9700,0.9261,1,33.33,3
1535,-0.2500,0.9261,0,0.00,25
1536,-2.2500,0.9260,0,0.00,25
1537,9.9800,0.9260,1,100.00,2
1538,9.9400,0.9259,1,50.00,6
1539,9.7700,0.9259,1,8.70,23
1540,9.9700,0.9258,1,33.33,3
1541,9.3100,0.9258,1,15.79,19
1542,8.9300,0.9257,1,42.86,7
1543,-1.7500,0.9257,0,0.00,25
1544,9.8300,0.9257,1,11.76,17
1545,9.7500,0.9256,1,8.00,25
1546,9.8700,0.9256,1,15.38,13
1547,9.9900,0.9255,1,100.00,1
1548,-2.7500,0.9255,0,0.00,25
1549,9.9000,0.9254,1,30.00,10
1550,9.9500,0.9254,1,60.00,5
1551,8.8800,0.9253,1,33.33,12
1552,6.8000,0.9253,1,10.00,20
1553,-5.7500,0.9252,0,0.00,25
1554,8.3600,0.9252,1,7.14,14
1555,9.9800,0.9251,1,100.00,2
1556,9.7700,0.9251,1,8.70,23
1557,9.9900,0.9251,1,100.00,1
1558,-3.2500,0.9250,0,0.00,25
1559,-3.2500,0.9250,0,0.00,25
1560,-0.2500,0.9249,0,0.00,25
1561,9.9300,0.9249,1,42.86,7
1562,-0.2500,0.9248,0,0.00,25
1563,9.3100,0.9248,1,15.79,19
1564,-0.2500,0.9247,0,0.00,25
1565,-1.7500,0.9247,0,0.00,25
1566,-2.7500,0.9246,0,0.00,25
1567,9.9800,0.9246,1,100.00,2
1568,-3.2500,0.9245,0,0.00,25
1569,8.9200,0.9245,1,12.50,8
1570,6.7600,0.9245,1,8.33,24
1571,-2.2500,0.9244,0,0.00,25
1572,7.7600,0.9244,1,12.50,24
1573,-3.2500,0.9243,0,0.00,25
1574,9.9700,0.9243,1,33.33,3
1575,9.8600,0.9242,1,21.43,14
1576,9.9800,0.9242,1,100.00,2
1577,9.4400,0.9241,1,83.33,6
1578,9.4700,0.9241,1,66.67,3
1579,9.4100,0.9240,1,22.22,9
1580,-4.7500,0.9240,0,0.00,25
1581,9.4400,0.9239,1,50.00,6
1582,-2.7500,0.9239,0,0.00,25
1583,-2.2500,0.9239,0,0.00,25
1584,9.4200,0.9238,1,50.00,8
1585,9.9800,0.9238,1,50.00,2
1586,-1.7500,0.9237,0,0.00,25
1587,-1.2500,0.9237,0,0.00,25
1588,8.8600,0.9236,1,35.71,14
1589,9.3400,0.9236,1,12.50,16
1590,8.8600,0.9235,1,28.57,14
1591,-3.2500,0.9235,0,0.00,25
1592,-1.2500,0.9234,0,0.00,25
1593,7.8000,0.9234,1,25.00,20
1594,9.9100,0.9233,1,22.22,9
1595,9.9700,0.9233,1,66.67,3
1596,-1.7500,0.9233,0,0.00,25
1597,7.2700,0.9232,1,21.74,23
1598,-1.7500,0.9232,0,0.00,25
1599,9.9900,0.9231,1,100.00,1
1600,9.3400,0.9231,1,18.75,16
1601,-4.2500,0.9230,0,0.00,25
1602,9.4700,0.9230,1,66.67,3
1603,-3.7500,0.9229,0,0.00,25
1604,9.9600,0.9229,1,50.00,4
1605,9.9900,0.9228,1,100.00,1
1606,-3.2500,0.9228,0,0.00,25
1607,9.9700,0.9227,1,33.33,3
1608,-1.2500,0.9227,0,0.00,25
1609,9.9500,0.9227,1,20.00,5
1610,9.9900,0.9226,1,100.00,1
1611,-0.7500,0.9226,0,0.00,25
1612,-1.7500,0.9225,0,0.00,25
1613,9.9800,0.9225,1,100.00,2
1614,9.4400,0.9224,1,16.67,6
1615,9.9800,0.9224,1,100.00,2
1616,9.8900,0.9223,1,27.27,11
1617,8.9600,0.9223,1,50.00,4
1618,9.9700,0.9222,1,33.33,3
1619,8.7700,0.9222,1,4.35,23
1620,7.7800,0.9221,1,18.18,22
1621,9.4300,0.9221,1,28.57,7
1622,8.2600,0.9221,1,12.50,24
1623,9.8700,0.9220,1,23.08,13
1624,9.4100,0.9220,1,44.44,9
1625,-1.7500,0.9219,0,0.00,25
1626,9.8700,0.9219,1,15.38,13
1627,9.4500,0.9218,1,60.00,5
1628,9.9000,0.9218,1,40.00,10
1629,9.9300,0.9217,1,42.86,7
1630,-3.2500,0.9217,0,0.00,25
1631,9.9900,0.9216,1,100.00,1
1632,9.9200,0.9216,1,37.50,8
1633,-1.2500,0.9215,0,0.00,25
1634,-0.7500,0.9215,0,0.00,25
1635,-0.7500,0.9215,0,0.00,25
1636,9.9500,0.9214,1,80.00,5
1637,9.2900,0.9214,1,19.05,21
1638,9.9600,0.9213,1,50.00,4
1639,9.3500,0.9213,1,26.67,15
1640,9.9100,0.9212,1,11.11,9
1641,-2.7500,0.9212,0,0.00,25
1642,9.9400,0.9211,1,33.33,6
1643,-5.2500,0.9211,0,0.00,25
1644,8.7800,0.9210,1,27.27,22
1645,9.4700,0.9210,1,66.67,3
1646,-2.2500,0.9209,0,0.00,25
1647,-3.7500,0.9209,0,0.00,25
1648,9.7800,0.9209,1,4.55,22
1649,9.9300,0.9208,1,28.57,7
1650,9.9800,0.9208,1,100.00,2
1651,9.9800,0.9207,1,100.00,2
1652,9.4100,0.9207,1,22.22,9
1653,9.9200,0.9206,1,25.00,8
1654,9.8700,0.9206,1,15.38,13
1655,9.3500,0.9205,1,13.33,15
1656,8.2700,0.9205,1,21.74,23
1657,9.9000,0.9204,1,30.00,10
1658,9.9500,0.9204,1,40.00,5
1659,-1.2500,0.9203,0,0.00,25
1660,9.9400,0.9203,1,33.33,6
1661,-0.2500,0.9203,0,0.00,25
1662,8.8500,0.9202,1,40.00,15
1663,9.9700,0.9202,1,66.67,3
1664,9.9000,0.9201,1,10.00,10
1665,8.4200,0.9201,1,37.50,8
1666,9.9300,0.9200,1,42.86,7
1667,-1.2500,0.9200,0,0.00,25
1668,-3.2500,0.9199,0,0.00,25
1669,9.9700,0.9199,1,100.00,3
1670,8.3500,0.9198,1,26.67,15
1671,9.9200,0.9198,1,25.00,8
1672,9.9900,0.9198,1,100.00,1
1673,9.9300,0.9197,1,42.86,7
1674,7.3400,0.9197,1,37.50,16
1675,9.9600,0.9196,1,50.00,4
1676,9.9900,0.9196,1,100.00,1
1677,9.8300,0.9195,1,11.76,17
1678,-1.7500,0.9195,0,0.00,25
1679,9.3900,0.9194,1,18.18,11
1680,9.7600,0.9194,1,12.50,24
1681,-2.7500,0.9193,0,0.00,25
1682,9.3500,0.9193,1,13.33,15
1683,9.9100,0.9192,1,33.33,9
1684,7.3100,0.9192,1,21.05,19
1685,9.9400,0.9192,1,50.00,6
1686,8.3500,0.9191,1,13.33,15
1687,9.9300,0.9191,1,14.29,7
1688,9.9600,0.9190,1,50.00,4
1689,6.7600,0.9190,1,25.00,24
1690,9.4500,0.9189,1,40.00,5
1691,-0.2500,0.9189,0,0.00,25
1692,9.9200,0.9188,1,25.00,8
1693,-1.7500,0.9188,0,0.00,25
1694,9.2900,0.9187,1,9.52,21
1695,8.8000,0.9187,1,25.00,20
1696,9.4400,0.9186,1,50.00,6
1697,-0.7500,0.9186,0,0.00,25
1698,9.8900,0.9186,1,9.09,11
1699,8.8700,0.9185,1,23.08,13
1700,-3.2500,0.9185,0,0.00,25
1701,-2.7500,0.9184,0,0.00,25
1702,9.8400,0.9184,1,12.50,16
1703,9.9400,0.9183,1,33.33,6
1704,9.9700,0.9183,1,33.33,3
1705,9.9900,0.9182,1,100.00,1
1706,9.9900,0.9182,1,100.00,1
1707,6.7800,0.9181,1,13.64,22
1708,9.9800,0.9181,1,100.00,2
1709,9.8300,0.9181,1,35.29,17
1710,9.9800,0.9180,1,100.00,2
1711,8.2800,0.9180,1,13.64,22
1712,9.9900,0.9179,1,100.00,1
1713,8.3700,0.9179,1,23.08,13
1714,8.7600,0.9178,1,25.00,24
1715,9.2500,0.9178,1,12.00,25
1716,8.9100,0.9177,1,33.33,9
1717,9.9300,0.9177,1,57.14,7
1718,-0.7500,0.9176,0,0.00,25
1719,-1.2500,0.9176,0,0.00,25
1720,9.9600,0.9175,1,50.00,4
1721,9.9900,0.9175,1,100.00,1
1722,9.9800,0.9175,1,100.00,2
1723,-1.2500,0.9174,0,0.00,25
1724,9.3700,0.9174,1,7.69,13
1725,9.4500,0.9173,1,40.00,5
1726,-2.2500,0.9173,0,0.00,25
1727,9.9600,0.9172,1,100.00,4
1728,8.3800,0.9172,1,25.00,12
1729,9.9700,0.9171,1,100.00,3
1730,-2.7500,0.9171,0,0.00,25
1731,-3.2500,0.9170,0,0.00,25
1732,9.9300,0.9170,1,42.86,7
1733,-4.7500,0.9170,0,0.00,25
1734,9.3500,0.9169,1,6.67,15
1735,9.9500,0.9169,1,40.00,5
1736,8.2800,0.9168,1,13.64,22
1737,8.7500,0.9168,1,12.00,25
1738,-0.2500,0.9167,0,0.00,25
1739,-1.2500,0.9167,0,0.00,25
1740,9.8200,0.9166,1,11.11,18
1741,8.8300,0.9166,1,17.65,17
1742,9.3900,0.9165,1,45.45,11
1743,7.3700,0.9165,1,15.38,13
1744,-1.2500,0.9164,0,0.00,25
1745,9.9900,0.9164,1,100.00,1
1746,9.2800,0.9164,1,27.27,22
1747,9.9100,0.9163,1,11.11,9
1748,-0.7500,0.9163,0,0.00,25
1749,9.9800,0.9162,1,100.00,2
1750,8.3400,0.9162,1,31.25,16
1751,6.2500,0.9161,1,20.00,25
1752,9.9900,0.9161,1,100.00,1
1753,9.9400,0.9160,1,50.00,6
1754,9.9700,0.9160,1,33.33,3
1755,-3.7500,0.9159,0,0.00,25
1756,-0.7500,0.9159,0,0.00,25
1757,-1.2500,0.9159,0,0.00,25
1758,-0.7500,0.9158,0,0.00,25
1759,8.2500,0.9158,1,24.00,25
1760,9.9000,0.9157,1,30.00,10
1761,9.2600,0.9157,1,25.00,24
1762,9.3900,0.9156,1,18.18,11
1763,9.9300,0.9156,1,42.86,7
1764,-3.2500,0.9155,0,0.00,25
1765,-3.7500,0.9155,0,0.00,25
1766,9.9400,0.9154,1,50.00,6
1767,9.4100,0.9154,1,33.33,9
1768,9.9100,0.9153,1,33.33,9
1769,9.4700,0.9153,1,66.67,3
1770,-1.7500,0.9153,0,0.00,25
1771,9.9100,0.9152,1,44.44,9
1772,9.9200,0.9152,1,37.50,8
1773,-1.2500,0.9151,0,0.00,25
1774,9.8000,0.9151,1,15.00,20
1775,9.9800,0.9150,1,100.00,2
1776,9.9100,0.9150,1,33.33,9
1777,9.9900,0.9149,1,100.00,1
1778,7.8200,0.9149,1,27.78,18
1779,9.8000,0.9148,1,10.00,20
1780,9.9700,0.9148,1,33.33,3
1781,9.8700,0.9148,1,15.38,13
1782,9.9900,0.9147,1,100.00,1
1783,-2.2500,0.9147,0,0.00,25
1784,9.9000,0.9146,1,20.00,10
1785,-0.2500,0.9146,0,0.00,25
1786,9.4400,0.9145,1,50.00,6
1787,9.2900,0.9145,1,9.52,21
1788,8.8700,0.9144,1,7.69,13
1789,9.9900,0.9144,1,100.00,1
1790,9.3900,0.9143,1,18.18,11
1791,9.9700,0.9143,1,33.33,3
1792,9.3400,0.9142,1,12.50,16
1793,9.9900,0.9142,1,100.00,1
1794,9.9800,0.9142,1,100.00,2
1795,-1.2500,0.9141,0,0.00,25
1796,-2.7500,0.9141,0,0.00,25
1797,8.8000,0.9140,1,10.00,20
1798,9.9600,0.9140,1,50.00,4
1799,-0.2500,0.9139,0,0.00,25
1800,9.7600,0.9139,1,8.33,24
1801,8.9200,0.9138,1,50.00,8
1802,9.9900,0.9138,1,100.00,1
1803,7.8800,0.9137,1,25.00,12
1804,-6.2500,0.9137,0,0.00,25
1805,9.9400,0.9137,1,33.33,6
1806,9.3400,0.9136,1,37.50,16
1807,9.9200,0.9136,1,12.50,8
1808,9.9900,0.9135,1,100.00,1
1809,9.9800,0.9135,1,100.00,2
1810,7.2900,0.9134,1,14.29,21
1811,9.9200,0.9134,1,37.50,8
1812,9.9900,0.9133,1,100.00,1
1813,9.9000,0.9133,1,30.00,10
1814,9.4300,0.9132,1,28.57,7
1815,8.9500,0.9132,1,60.00,5
1816,9.9200,0.9132,1,25.00,8
1817,-3.7500,0.9131,0,0.00,25
1818,9.9100,0.9131,1,22.22,9
1819,8.8300,0.9130,1,29.41,17
1820,5.8500,0.9130,1,6.67,15
1821,-0.7500,0.9129,0,0.00,25
1822,4.7900,0.9129,1,9.52,21
1823,-2.7500,0.9128,0,0.00,25
1824,-2.2500,0.9128,0,0.00,25
1825,9.4200,0.9127,1,25.00,8
1826,-1.7500,0.9127,0,0.00,25
1827,9.8900,0.9127,1,18.18,11
1828,-2.7500,0.9126,0,0.00,25
1829,-2.2500,0.9126,0,0.00,25
1830,9.9400,0.9125,1,50.00,6
1831,9.8400,0.9125,1,18.75,16
1832,9.8700,0.9124,1,15.38,13
1833,-1.2500,0.9124,0,0.00,25
1834,9.9900,0.9123,1,100.00,1
1835,9.8300,0.9123,1,11.76,17
1836,9.9600,0.9122,1,75.00,4
1837,9.9100,0.9122,1,22.22,9
1838,-1.2500,0.9121,0,0.00,25
1839,9.9700,0.9121,1,33.33,3
1840,9.9900,0.9121,1,100.00,1
1841,9.9200,0.9120,1,37.50,8
1842,8.7900,0.9120,1,14.29,21
1843,8.8300,0.9119,1,11.76,17
1844,9.4100,0.9119,1,11.11,9
1845,9.9700,0.9118,1,33.33,3
1846,9.9700,0.9118,1,66.67,3
1847,-2.7500,0.9117,0,0.00,25
1848,9.9000,0.9117,1,20.00,10
1849,9.4700,0.9116,1,66.67,3
1850,9.8900,0.9116,1,9.09,11
1851,-0.7500,0.9116,0,0.00,25
1852,-0.2500,0.9115,0,0.00,25
1853,9.9500,0.9115,1,60.00,5
1854,7.9000,0.9114,1,20.00,10
1855,-0.2500,0.9114,0,0.00,25
1856,-0.7500,0.9113,0,0.00,25
1857,6.3100,0.9113,1,10.53,19
1858,-1.2500,0.9112,0,0.00,25
1859,9.9800,0.9112,1,50.00,2
1860,9.8600,0.9111,1,7.14,14
1861,9.9300,0.9111,1,42.86,7
1862,-4.2500,0.9111,0,0.00,25
1863,9.4400,0.9110,1,16.67,6
1864,-0.7500,0.9110,0,0.00,25
1865,9.9900,0.9109,1,100.00,1
1866,9.4000,0.9109,1,20.00,10
1867,9.3300,0.9108,1,11.76,17
1868,9.9800,0.9108,1,100.00,2
1869,-2.7500,0.9107,0,0.00,25
1870,-2.2500,0.9107,0,0.00,25
1871,-2.7500,0.9106,0,0.00,25
1872,8.3400,0.9106,1,18.75,16
1873,-0.7500,0.9106,0,0.00,25
1874,9.4200,0.9105,1,12.50,8
1875,-3.7500,0.9105,0,0.00,25
1876,9.9900,0.9104,1,100.00,1
1877,9.8800,0.9104,1,8.33,12
1878,9.9800,0.9103,1,100.00,2
1879,8.3300,0.9103,1,29.41,17
1880,9.9400,0.9102,1,16.67,6
1881,9.9200,0.9102,1,25.00,8
1882,9.2900,0.9101,1,9.52,21
1883,9.9800,0.9101,1,100.00,2
1884,7.8200,0.9101,1,33.33,18
1885,9.9900,0.9100,1,100.00,1
1886,9.9400,0.9100,1,16.67,6
1887,9.9900,0.9099,1,100.00,1
1888,7.8200,0.9099,1,27.78,18
1889,9.9900,0.9098,1,100.00,1
1890,9.9200,0.9098,1,25.00,8
1891,-3.2500,0.9097,0,0.00,25
1892,-0.2500,0.9097,0,0.00,25
1893,6.8000,0.9096,1,5.00,20
1894,9.9400,0.9096,1,33.33,6
1895,-6.2500,0.9096,0,0.00,25
1896,9.9400,0.9095,1,33.33,6
1897,9.9200,0.9095,1,12.50,8
1898,-1.2500,0.9094,0,0.00,25
1899,9.9400,0.9094,1,33.33,6
1900,8.4000,0.9093,1,30.00,10
1901,9.9000,0.9093,1,10.00,10
1902,9.8900,0.9092,1,18.18,11
1903,9.9600,0.9092,1,25.00,4
1904,9.9600,0.9091,1,50.00,4
1905,9.9900,0.9091,1,100.00,1
1906,9.9300,0.9091,1,42.86,7
1907,9.3300,0.9090,1,23.53,17
1908,-0.2500,0.9090,0,0.00,25
1909,9.9600,0.9089,1,50.00,4
1910,-2.7500,0.9089,0,0.00,25
1911,7.2600,0.9088,1,8.33,24
1912,9.8900,0.9088,1,18.18,11
1913,9.9300,0.9087,1,28.57,7
1914,9.9500,0.9087,1,20.00,5
1915,7.8200,0.9086,1,27.78,18
1916,-2.2500,0.9086,0,0.00,25
1917,9.9200,0.9086,1,25.00,8
1918,-1.2500,0.9085,0,0.00,25
1919,-3.2500,0.9085,0,0.00,25
1920,9.4700,0.9084,1,66.67,3
1921,-5.7500,0.9084,0,0.00,25
1922,9.9800,0.9083,1,100.00,2
1923,8.8200,0.9083,1,27.78,18
1924,9.3200,0.9082,1,16.67,18
1925,9.8600,0.9082,1,7.14,14
1926,9.9700,0.9081,1,66.67,3
1927,9.9600,0.9081,1,50.00,4
1928,-0.7500,0.9081,0,0.00,25
1929,9.9200,0.9080,1,50.00,8
1930,7.8000,0.9080,1,10.00,20
1931,-1.2500,0.9079,0,0.00,25
1932,9.3400,0.9079,1,18.75,16
1933,-3.2500,0.9078,0,0.00,25
1934,9.9200,0.9078,1,37.50,8
1935,9.9700,0.9077,1,33.33,3
1936,9.8600,0.9077,1,14.29,14
1937,9.9900,0.9076,1,100.00,1
1938,6.8100,0.9076,1,21.05,19
1939,8.9500,0.9076,1,60.00,5
1940,9.3900,0.9075,1,18.18,11
1941,9.9200,0.9075,1,12.50,8
1942,9.9300,0.9074,1,28.57,7
1943,-0.7500,0.9074,0,0.00,25
1944,8.9200,0.9073,1,25.00,8
1945,9.9500,0.9073,1,60.00,5
1946,9.8900,0.9072,1,27.27,11
1947,-2.2500,0.9072,0,0.00,25
1948,8.3600,0.9071,1,21.43,14
1949,9.9400,0.9071,1,16.67,6
1950,9.9600,0.9071,1,50.00,4
1951,-4.2500,0.9070,0,0.00,25
1952,9.9900,0.9070,1,100.00,1
1953,8.4000,0.9069,1,50.00,10
1954,7.3600,0.9069,1,28.57,14
1955,9.9700,0.9068,1,100.00,3
1956,9.4100,0.9068,1,44.44,9
1957,9.9800,0.9067,1,100.00,2
1958,9.9600,0.9067,1,75.00,4
1959,8.7600,0.9066,1,8.33,24
1960,9.9300,0.9066,1,42.86,7
1961,-0.2500,0.9066,0,0.00,25
1962,9.3400,0.9065,1,18.75,16
1963,-0.7500,0.9065,0,0.00,25
1964,9.9200,0.9064,1,25.00,8
1965,9.9700,0.9064,1,66.67,3
1966,9.7500,0.9063,1,4.00,25
1967,9.3800,0.9063,1,41.67,12
1968,9.9500,0.9062,1,40.00,5
1969,9.9900,0.9062,1,100.00,1
1970,9.2700,0.9061,1,8.70,23
1971,7.8300,0.9061,1,29.41,17
1972,7.8900,0.9061,1,36.36,11
1973,9.9200,0.9060,1,25.00,8
1974,9.8300,0.9060,1,5.88,17
1975,-1.7500,0.9059,0,0.00,25
1976,9.9400,0.9059,1,66.67,6
1977,-3.7500,0.9058,0,0.00,25
1978,9.9700,0.9058,1,100.00,3
1979,8.9100,0.9057,1,44.44,9
1980,8.3900,0.9057,1,18.18,11
1981,8.8400,0.9056,1,6.25,16
1982,-0.2500,0.9056,0,0.00,25
1983,7.3300,0.9056,1,17.65,17
1984,9.8100,0.9055,1,15.79,19
1985,9.9400,0.9055,1,50.00,6
1986,9.9500,0.9054,1,20.00,5
1987,9.9700,0.9054,1,100.00,3
1988,8.9000,0.9053,1,20.00,10
1989,9.9800,0.9053,1,100.00,2
1990,9.9700,0.9052,1,100.00,3
1991,-1.7500,0.9052,0,0.00,25
1992,9.9500,0.9052,1,60.00,5
1993,9.4100,0.9051,1,22.22,9
1994,-2.2500,0.9051,0,0.00,25
1995,9.9200,0.9050,1,25.00,8
1996,9.8900,0.9050,1,18.18,11
1997,9.8700,0.9049,1,7.69,13
1998,9.3600,0.9049,1,7.14,14
1999,9.8500,0.9048,1,26.67,15
2000,9.9800,0.9048,1,100.00,2
2001,9.9700,0.9047,1,33.33,3
2002,9.9600,0.9047,1,50.00,4
2003,9.3400,0.9047,1,12.50,16
2004,-1.2500,0.9046,0,0.00,25
2005,9.8500,0.9046,1,13.33,15
2006,9.2600,0.9045,1,16.67,24
2007,6.8400,0.9045,1,18.75,16
2008,9.9900,0.9044,1,100.00,1
2009,-2.2500,0.9044,0,0.00,25
2010,9.4300,0.9043,1,28.57,7
2011,9.4000,0.9043,1,30.00,10
2012,-1.7500,0.9042,0,0.00,25
2013,9.9600,0.9042,1,50.00,4
2014,9.9500,0.9042,1,20.00,5
2015,9.9900,0.9041,1,100.00,1
2016,9.8700,0.9041,1,38.46,13
2017,9.4300,0.9040,1,28.57,7
2018,9.9600,0.9040,1,50.00,4
2019,-1.7500,0.9039,0,0.00,25
2020,-0.2500,0.9039,0,0.00,25
2021,9.9200,0.9038,1,37.50,8
2022,9.9500,0.9038,1,40.00,5
2023,-0.7500,0.9037,0,0.00,25
2024,9.9200,0.9037,1,37.50,8
2025,-1.7500,0.9037,0,0.00,25
2026,7.3200,0.9036,1,27.78,18
2027,9.8100,0.9036,1,10.53,19
2028,-1.7500,0.9035,0,0.00,25
2029,9.8100,0.9035,1,10.53,19
2030,9.4700,0.9034,1,66.67,3
2031,8.8200,0.9034,1,33.33,18
2032,6.8100,0.9033,1,21.05,19
2033,9.9400,0.9033,1,16.67,6
2034,8.8200,0.9033,1,16.67,18
2035,9.9200,0.9032,1,37.50,8
2036,9.9100,0.9032,1,33.33,9
2037,-1.2500,0.9031,0,0.00,25
2038,9.4300,0.9031,1,28.57,7
2039,9.8200,0.9030,1,11.11,18
2040,9.4200,0.9030,1,12.50,8
2041,9.9500,0.9029,1,20.00,5
2042,7.3800,0.9029,1,25.00,12
2043,-1.2500,0.9028,0,0.00,25
2044,9.8500,0.9028,1,20.00,15
2045,7.2900,0.9028,1,14.29,21
2046,8.9100,0.9027,1,44.44,9
2047,-2.2500,0.9027,0,0.00,25
2048,-2.2500,0.9026,0,0.00,25
2049,8.3200,0.9026,1,27.78,18
2050,9.9300,0.9025,1,71.43,7
2051,9.2600,0.9025,1,20.83,24
2052,-0.2500,0.9024,0,0.00,25
2053,-1.7500,0.9024,0,0.00,25
2054,9.9800,0.9024,1,100.00,2
2055,9.3100,0.9023,1,26.32,19
2056,9.9600,0.9023,1,75.00,4
2057,9.9300,0.9022,1,42.86,7
2058,9.9900,0.9022,1,100.00,1
2059,9.9200,0.9021,1,37.50,8
2060,8.8900,0.9021,1,45.45,11
2061,8.9000,0.9020,1,20.00,10
2062,-2.2500,0.9020,0,0.00,25
2063,9.9600,0.9019,1,75.00,4
2064,9.9800,0.9019,1,100.00,2
2065,9.4600,0.9019,1,25.00,4
2066,9.4200,0.9018,1,12.50,8
2067,8.9200,0.9018,1,25.00,8
2068,9.9600,0.9017,1,50.00,4
2069,8.8100,0.9017,1,26.32,19
2070,-5.2500,0.9016,0,0.00,25
2071,8.9100,0.9016,1,33.33,9
2072,9.9800,0.9015,1,100.00,2
2073,-0.7500,0.9015,0,0.00,25
2074,9.9600,0.9014,1,50.00,4
2075,9.9700,0.9014,1,33.33,3
2076,9.8500,0.9014,1,13.33,15
2077,9.8300,0.9013,1,11.76,17
2078,9.9000,0.9013,1,20.00,10
2079,-0.2500,0.9012,0,0.00,25
2080,9.9100,0.9012,1,33.33,9
2081,-1.2500,0.9011,0,0.00,25
2082,-1.2500,0.9011,0,0.00,25
2083,-5.2500,0.9010,0,0.00,25
2084,9.9900,0.9010,1,100.00,1
2085,9.9300,0.9010,1,28.57,7
2086,-0.2500,0.9009,0,0.00,25
2087,-4.7500,0.9009,0,0.00,25
2088,9.9800,0.9008,1,100.00,2
2089,8.4300,0.9008,1,28.57,7
2090,9.4000,0.9007,1,10.00,10
2091,9.9700,0.9007,1,66.67,3
2092,6.8900,0.9006,1,36.36,11
2093,-1.2500,0.9006,0,0.00,25
2094,7.2800,0.9005,1,13.64,22
2095,9.9400,0.9005,1,33.33,6
2096,-0.7500,0.9005,0,0.00,25
2097,9.8900,0.9004,1,18.18,11
2098,9.9500,0.9004,1,20.00,5
2099,-0.2500,0.9003,0,0.00,25
2100,8.3700,0.9003,1,23.08,13
2101,-4.7500,0.9002,0,0.00,25
2102,9.3900,0.9002,1,18.18,11
2103,9.3900,0.9001,1,27.27,11
2104,9.9200,0.9001,1,50.00,8
2105,8.3800,0.9001,1,25.00,12
2106,7.2600,0.9000,1,20.83,24
2107,-1.7500,0.9000,0,0.00,25
2108,-0.7500,0.8999,0,0.00,25
2109,9.9900,0.8999,1,100.00,1
2110,9.9900,0.8998,1,100.00,1
2111,9.9100,0.8998,1,33.33,9
2112,9.9400,0.8997,1,66.67,6
2113,-4.2500,0.8997,0,0.00,25
2114,9.9900,0.8996,1,100.00,1
2115,9.9200,0.8996,1,37.50,8
2116,9.9800,0.8996,1,100.00,2
2117,9.9700,0.8995,1,100.00,3
2118,9.4100,0.8995,1,66.67,9
2119,9.9600,0.8994,1,50.00,4
2120,9.9000,0.8994,1,10.00,10
2121,9.9600,0.8993,1,50.00,4
2122,9.9700,0.8993,1,100.00,3
2123,-0.2500,0.8992,0,0.00,25
2124,9.9900,0.8992,1,100.00,1
2125,9.9900,0.8992,1,100.00,1
2126,9.9200,0.8991,1,37.50,8
2127,9.9400,0.8991,1,50.00,6
2128,9.9400,0.8990,1,33.33,6
2129,-2.2500,0.8990,0,0.00,25
2130,9.9100,0.8989,1,11.11,9
2131,9.9000,0.8989,1,20.00,10
2132,-0.7500,0.8988,0,0.00,25
2133,9.9300,0.8988,1,28.57,7
2134,9.8100,0.8987,1,5.26,19
2135,-1.2500,0.8987,0,0.00,25
2136,9.4400,0.8987,1,50.00,6
2137,9.9900,0.8986,1,100.00,1
2138,9.9700,0.8986,1,33.33,3
2139,9.9800,0.8985,1,100.00,2
2140,9.9100,0.8985,1,33.33,9
2141,9.8900,0.8984,1,18.18,11
2142,-2.2500,0.8984,0,0.00,25
2143,8.8500,0.8983,1,20.00,15
2144,9.8800,0.8983,1,16.67,12
2145,9.9200,0.8983,1,25.00,8
2146,9.9800,0.8982,1,100.00,2
2147,-0.2500,0.8982,0,0.00,25
2148,9.9400,0.8981,1,33.33,6
2149,9.9100,0.8981,1,11.11,9
2150,9.8700,0.8980,1,30.77,13
2151,9.9900,0.8980,1,100.00,1
2152,8.9000,0.8979,1,40.00,10
2153,-3.7500,0.8979,0,0.00,25
2154,7.7700,0.8978,1,13.04,23
2155,9.9600,0.8978,1,50.00,4
2156,9.9200,0.8978,1,25.00,8
2157,9.9600,0.8977,1,50.00,4
2158,9.3900,0.8977,1,27.27,11
2159,8.8300,0.8976,1,23.53,17
2160,9.8600,0.8976,1,14.29,14
2161,8.9200,0.8975,1,25.00,8
2162,-0.2500,0.8975,0,0.00,25
2163,9.9300,0.8974,1,42.86,7
2164,9.9700,0.8974,1,33.33,3
2165,-0.7500,0.8974,0,0.00,25
2166,-0.7500,0.8973,0,0.00,25
2167,9.9100,0.8973,1,33.33,9
2168,-1.7500,0.8972,0,0.00,25
2169,-1.7500,0.8972,0,0.00,25
2170,9.8600,0.8971,1,14.29,14
2171,9.9500,0.8971,1,20.00,5
2172,8.9000,0.8970,1,20.00,10
2173,5.7500,0.8970,1,8.00,25
2174,9.9900,0.8970,1,100.00,1
2175,9.9700,0.8969,1,100.00,3
2176,9.8500,0.8969,1,13.33,15
2177,8.9400,0.8968,1,33.33,6
2178,7.3100,0.8968,1,21.05,19
2179,-1.2500,0.8967,0,0.00,25
2180,9.9900,0.8967,1,100.00,1
2181,-2.7500,0.8966,0,0.00,25
2182,9.2800,0.8966,1,13.64,22
2183,-0.2500,0.8965,0,0.00,25
2184,-1.2500,0.8965,0,0.00,25
2185,9.8700,0.8965,1,23.08,13
2186,9.9100,0.8964,1,22.22,9
2187,9.9800,0.8964,1,100.00,2
2188,9.9400,0.8963,1,66.67,6
2189,9.3500,0.8963,1,26.67,15
2190,8.3300,0.8962,1,17.65,17
2191,-1.7500,0.8962,0,0.00,25
2192,-0.7500,0.8961,0,0.00,25
2193,-1.2500,0.8961,0,0.00,25
2194,-2.2500,0.8961,0,0.00,25
2195,9.9200,0.8960,1,25.00,8
2196,-1.2500,0.8960,0,0.00,25
2197,9.9300,0.8959,1,28.57,7
2198,9.9600,0.8959,1,50.00,4
2199,9.9700,0.8958,1,33.33,3
2200,8.2500,0.8958,1,12.00,25
2201,9.8800,0.8957,1,16.67,12
2202,9.9900,0.8957,1,100.00,1
2203,9.9700,0.8957,1,66.67,3
2204,9.9100,0.8956,1,22.22,9
2205,8.8100,0.8956,1,21.05,19
2206,-2.7500,0.8955,0,0.00,25
2207,-2.2500,0.8955,0,0.00,25
2208,8.7700,0.8954,1,8.70,23
2209,8.8800,0.8954,1,25.00,12
2210,9.3900,0.8953,1,9.09,11
2211,9.9600,0.8953,1,50.00,4
2212,9.7500,0.8952,1,12.00,25
2213,9.8900,0.8952,1,18.18,11
2214,9.4300,0.8952,1,71.43,7
2215,7.8900,0.8951,1,27.27,11
2216,9.9600,0.8951,1,75.00,4
2217,9.9900,0.8950,1,100.00,1
2218,9.9400,0.8950,1,50.00,6
2219,9.9400,0.8949,1,33.33,6
2220,9.9700,0.8949,1,100.00,3
2221,-0.7500,0.8948,0,0.00,25
2222,-2.2500,0.8948,0,0.00,25
2223,7.3000,0.8948,1,25.00,20
2224,-0.7500,0.8947,0,0.00,25
2225,9.9600,0.8947,1,50.00,4
2226,9.8900,0.8946,1,18.18,11
2227,9.9000,0.8946,1,20.00,10
2228,9.8800,0.8945,1,8.33,12
2229,8.3900,0.8945,1,18.18,11
2230,-3.2500,0.8944,0,0.00,25
2231,-1.2500,0.8944,0,0.00,25
2232,9.3600,0.8944,1,35.71,14
2233,-1.2500,0.8943,0,0.00,25
2234,9.9600,0.8943,1,50.00,4
2235,9.8600,0.8942,1,21.43,14
2236,9.9400,0.8942,1,50.00,6
2237,9.9400,0.8941,1,33.33,6
2238,9.3600,0.8941,1,21.43,14
2239,9.9900,0.8940,1,100.00,1
2240,9.9400,0.8940,1,33.33,6
2241,9.9600,0.8940,1,100.00,4
2242,9.4200,0.8939,1,25.00,8
2243,9.9900,0.8939,1,100.00,1
2244,-1.7500,0.8938,0,0.00,25
2245,9.9500,0.8938,1,60.00,5
2246,8.9100,0.8937,1,44.44,9
2247,9.9900,0.8937,1,100.00,1
2248,-2.2500,0.8936,0,0.00,25
2249,9.8700,0.8936,1,7.69,13
2250,-1.7500,0.8936,0,0.00,25
2251,8.8200,0.8935,1,11.11,18
2252,7.3700,0.8935,1,15.38,13
2253,4.8400,0.8934,1,12.50,16
2254,9.9200,0.8934,1,25.00,8
2255,9.9300,0.8933,1,14.29,7
2256,9.9800,0.8933,1,100.00,2
2257,-1.7500,0.8932,0,0.00,25
2258,9.9800,0.8932,1,100.00,2
2259,-1.7500,0.8931,0,0.00,25
2260,4.7800,0.8931,1,18.18,22
2261,8.2700,0.8931,1,4.35,23
2262,9.8700,0.8930,1,15.38,13
2263,8.2700,0.8930,1,8.70,23
2264,9.9600,0.8929,1,50.00,4
2265,8.8400,0.8929,1,6.25,16
2266,9.9900,0.8928,1,100.00,1
2267,-0.2500,0.8928,0,0.00,25
2268,9.3700,0.8927,1,38.46,13
2269,9.9100,0.8927,1,55.56,9
2270,6.2500,0.8927,1,20.00,25
2271,-0.7500,0.8926,0,0.00,25
2272,9.9800,0.8926,1,100.00,2
2273,9.9600,0.8925,1,100.00,4
2274,9.9500,0.8925,1,40.00,5
2275,-2.2500,0.8924,0,0.00,25
2276,9.9200,0.8924,1,37.50,8
2277,-0.7500,0.8923,0,0.00,25
2278,8.3200,0.8923,1,22.22,18
2279,9.9600,0.8923,1,75.00,4
2280,9.8400,0.8922,1,18.75,16
2281,-1.7500,0.8922,0,0.00,25
2282,8.8600,0.8921,1,14.29,14
2283,9.3000,0.8921,1,30.00,20
2284,-2.2500,0.8920,0,0.00,25
2285,9.3800,0.8920,1,50.00,12
2286,9.8800,0.8919,1,33.33,12
2287,-2.7500,0.8919,0,0.00,25
2288,-2.2500,0.8919,0,0.00,25
2289,9.9700,0.8918,1,66.67,3
2290,9.3100,0.8918,1,15.79,19
2291,-2.7500,0.8917,0,0.00,25
2292,9.9800,0.8917,1,100.00,2
2293,9.9900,0.8916,1,100.00,1
2294,9.8100,0.8916,1,21.05,19
2295,9.2600,0.8915,1,12.50,24
2296,9.2700,0.8915,1,4.35,23
2297,9.9900,0.8915,1,100.00,1
2298,9.9300,0.8914,1,14.29,7
2299,9.4400,0.8914,1,16.67,6
2300,-0.7500,0.8913,0,0.00,25
2301,9.3500,0.8913,1,6.67,15
2302,-2.7500,0.8912,0,0.00,25
2303,8.8100,0.8912,1,31.58,19
2304,9.9300,0.8911,1,28.57,7
2305,-1.2500,0.8911,0,0.00,25
2306,9.9900,0.8911,1,100.00,1
2307,9.7600,0.8910,1,12.50,24
2308,9.8700,0.8910,1,30.77,13
2309,9.9600,0.8909,1,50.00,4
2310,8.3500,0.8909,1,6.67,15
2311,9.8900,0.8908,1,18.18,11
2312,-2.2500,0.8908,0,0.00,25
2313,-5.7500,0.8907,0,0.00,25
2314,9.8900,0.8907,1,18.18,11
2315,9.9500,0.8907,1,40.00,5
2316,8.8200,0.8906,1,27.78,18
2317,9.9500,0.8906,1,20.00,5
2318,9.9900,0.8905,1,100.00,1
2319,9.9500,0.8905,1,40.00,5
2320,-1.2500,0.8904,0,0.00,25
2321,-2.7500,0.8904,0,0.00,25
2322,9.9400,0.8903,1,33.33,6
2323,-3.7500,0.8903,0,0.00,25
2324,9.9400,0.8903,1,33.33,6
2325,9.3200,0.8902,1,11.11,18
2326,9.9800,0.8902,1,100.00,2
2327,9.9900,0.8901,1,100.00,1
2328,8.3300,0.8901,1,23.53,17
2329,9.8700,0.8900,1,23.08,13
2330,9.4000,0.8900,1,50.00,10
2331,9.9700,0.8899,1,100.00,3
2332,9.9900,0.8899,1,100.00,1
2333,8.8000,0.8898,1,20.00,20
2334,9.2900,0.8898,1,14.29,21
2335,9.4000,0.8898,1,30.00,10
2336,9.9800,0.8897,1,100.00,2
2337,-0.7500,0.8897,0,0.00,25
2338,9.4200,0.8896,1,12.50,8
2339,7.9000,0.8896,1,20.00,10
2340,9.8400,0.8895,1,12.50,16
2341,9.9000,0.8895,1,30.00,10
2342,-0.2500,0.8894,0,0.00,25
2343,9.9500,0.8894,1,20.00,5
2344,9.9800,0.8894,1,100.00,2
2345,9.8300,0.8893,1,17.65,17
2346,8.8400,0.8893,1,18.75,16
2347,9.8700,0.8892,1,15.38,13
2348,-4.2500,0.8892,0,0.00,25
2349,-2.2500,0.8891,0,0.00,25
2350,-1.7500,0.8891,0,0.00,25
2351,7.7900,0.8890,1,19.05,21
2352,9.9300,0.8890,1,28.57,7
2353,-1.7500,0.8890,0,0.00,25
2354,9.8400,0.8889,1,6.25,16
2355,9.9200,0.8889,1,62.50,8
2356,9.9100,0.8888,1,33.33,9
2357,9.8700,0.8888,1,15.38,13
2358,9.9400,0.8887,1,50.00,6
2359,9.8900,0.8887,1,27.27,11
2360,-1.7500,0.8886,0,0.00,25
2361,9.9700,0.8886,1,100.00,3
2362,9.3800,0.8886,1,25.00,12
2363,9.3000,0.8885,1,10.00,20
2364,9.9900,0.8885,1,100.00,1
2365,9.8400,0.8884,1,12.50,16
2366,-3.2500,0.8884,0,0.00,25
2367,-4.2500,0.8883,0,0.00,25
2368,8.4100,0.8883,1,22.22,9
2369,9.8900,0.8882,1,18.18,11
2370,9.9500,0.8882,1,60.00,5
2371,9.9600,0.8882,1,50.00,4
2372,9.9600,0.8881,1,50.00,4
2373,9.2900,0.8881,1,28.57,21
2374,9.9900,0.8880,1,100.00,1
2375,9.9700,0.8880,1,33.33,3
2376,9.9200,0.8879,1,25.00,8
2377,9.4100,0.8879,1,44.44,9
2378,9.9700,0.8878,1,100.00,3
2379,9.9200,0.8878,1,12.50,8
2380,9.9500,0.8878,1,20.00,5
2381,9.9900,0.8877,1,100.00,1
2382,9.4300,0.8877,1,28.57,7
2383,9.8100,0.8876,1,15.79,19
2384,8.8100,0.8876,1,10.53,19
2385,9.9400,0.8875,1,33.33,6
2386,9.8200,0.8875,1,16.67,18
2387,-2.7500,0.8875,0,0.00,25
2388,9.9800,0.8874,1,100.00,2
2389,9.9800,0.8874,1,100.00,2
2390,-0.7500,0.8873,0,0.00,25
2391,9.9800,0.8873,1,100.00,2
2392,9.9500,0.8872,1,40.00,5
2393,9.9300,0.8872,1,28.57,7
2394,9.8600,0.8871,1,35.71,14
2395,9.9500,0.8871,1,60.00,5
2396,9.9700,0.8871,1,33.33,3
2397,8.2900,0.8870,1,14.29,21
2398,-5.7500,0.8870,0,0.00,25
2399,7.8400,0.8869,1,31.25,16
2400,9.9800,0.8869,1,50.00,2
2401,9.3700,0.8868,1,23.08,13
2402,9.9700,0.8868,1,33.33,3
2403,7.8200,0.8867,1,11.11,18
2404,9.8800,0.8867,1,25.00,12
2405,9.7800,0.8867,1,13.64,22
2406,9.8700,0.8866,1,15.38,13
2407,9.2900,0.8866,1,23.81,21
2408,-1.2500,0.8865,0,0.00,25
2409,9.9800,0.8865,1,100.00,2
2410,9.9100,0.8864,1,22.22,9
2411,8.4100,0.8864,1,44.44,9
2412,-1.2500,0.8863,0,0.00,25
2413,-2.2500,0.8863,0,0.00,25
2414,9.9500,0.8863,1,60.00,5
2415,9.3500,0.8862,1,13.33,15
2416,9.9700,0.8862,1,33.33,3
2417,6.8800,0.8861,1,16.67,12
2418,-0.2500,0.8861,0,0.00,25
2419,9.8700,0.8860,1,23.08,13
2420,-3.7500,0.8860,0,0.00,25
2421,-2.7500,0.8859,0,0.00,25
2422,9.9800,0.8859,1,100.00,2
2423,-1.7500,0.8859,0,0.00,25
2424,9.8000,0.8858,1,10.00,20
2425,9.9900,0.8858,1,100.00,1
2426,-1.2500,0.8857,0,0.00,25
2427,8.8200,0.8857,1,27.78,18
2428,8.8900,0.8856,1,18.18,11
2429,8.8600,0.8856,1,28.57,14
2430,9.9500,0.8855,1,60.00,5
2431,8.7800,0.8855,1,27.27,22
2432,-1.7500,0.8855,0,0.00,25
2433,8.7900,0.8854,1,14.29,21
2434,9.9800,0.8854,1,100.00,2
2435,9.8400,0.8853,1,6.25,16
2436,-0.2500,0.8853,0,0.00,25
2437,-1.7500,0.8852,0,0.00,25
2438,9.9700,0.8852,1,100.00,3
2439,9.7800,0.8851,1,18.18,22
2440,8.3800,0.8851,1,33.33,12
2441,9.8800,0.8851,1,16.67,12
2442,9.9600,0.8850,1,50.00,4
2443,9.8800,0.8850,1,25.00,12
2444,8.4000,0.8849,1,30.00,10
2445,-2.2500,0.8849,0,0.00,25
2446,-1.2500,0.8848,0,0.00,25
2447,9.9500,0.8848,1,20.00,5
2448,-1.7500,0.8847,0,0.00,25
2449,9.9600,0.8847,1,50.00,4
2450,9.8600,0.8847,1,28.57,14
2451,8.2900,0.8846,1,14.29,21
2452,9.9800,0.8846,1,100.00,2
2453,9.9900,0.8845,1,100.00,1
2454,-3.2500,0.8845,0,0.00,25
2455,8.7800,0.8844,1,4.55,22
2456,9.9500,0.8844,1,60.00,5
2457,9.8300,0.8843,1,35.29,17
2458,9.8200,0.8843,1,16.67,18
2459,7.3100,0.8843,1,10.53,19
2460,9.8800,0.8842,1,16.67,12
2461,9.9400,0.8842,1,50.00,6
2462,8.8500,0.8841,1,26.67,15
2463,9.9800,0.8841,1,100.00,2
2464,-3.2500,0.8840,0,0.00,25
2465,-3.7500,0.8840,0,0.00,25
2466,8.2600,0.8840,1,20.83,24
2467,9.9800,0.8839,1,100.00,2
2468,9.3200,0.8839,1,5.56,18
2469,5.7800,0.8838,1,9.09,22
2470,9.9700,0.8838,1,100.00,3
2471,8.2600,0.8837,1,12.50,24
2472,9.4300,0.8837,1,57.14,7
2473,-0.2500,0.8836,0,0.00,25
2474,9.4000,0.8836,1,50.00,10
2475,7.8800,0.8836,1,16.67,12
2476,9.9200,0.8835,1,25.00,8
2477,9.9800,0.8835,1,100.00,2
2478,9.8000,0.8834,1,5.00,20
2479,8.9600,0.8834,1,50.00,4
2480,-3.2500,0.8833,0,0.00,25
2481,8.3600,0.8833,1,35.71,14
2482,9.9800,0.8832,1,100.00,2
2483,9.9700,0.8832,1,33.33,3
2484,9.9900,0.8832,1,100.00,1
2485,9.3700,0.8831,1,23.08,13
2486,9.3200,0.8831,1,11.11,18
2487,-1.7500,0.8830,0,0.00,25
2488,9.9700,0.8830,1,33.33,3
2489,9.9500,0.8829,1,100.00,5
2490,9.9200,0.8829,1,12.50,8
2491,8.3400,0.8828,1,18.75,16
2492,9.8800,0.8828,1,16.67,12
2493,9.9500,0.8828,1,60.00,5
2494,8.4100,0.8827,1,22.22,9
2495,8.3800,0.8827,1,16.67,12
2496,-5.2500,0.8826,0,0.00,25
2497,9.9400,0.8826,1,33.33,6
2498,9.3600,0.8825,1,28.57,14
2499,9.3100,0.8825,1,26.32,19
2500,-1.2500,0.8825,0,0.00,25
2501,9.8800,0.8824,1,25.00,12
2502,9.9700,0.8824,1,100.00,3
2503,-0.7500,0.8823,0,0.00,25
2504,9.7700,0.8823,1,26.09,23
2505,5.2500,0.8822,1,20.00,25
2506,9.4200,0.8822,1,25.00,8
2507,9.9700,0.8821,1,100.00,3
2508,9.9500,0.8821,1,60.00,5
2509,7.2900,0.8821,1,28.57,21
2510,9.8000,0.8820,1,10.00,20
2511,9.8900,0.8820,1,54.55,11
2512,9.9500,0.8819,1,60.00,5
2513,8.3700,0.8819,1,15.38,13
2514,7.7800,0.8818,1,22.73,22
2515,9.3200,0.8818,1,22.22,18
2516,9.9100,0.8817,1,33.33,9
2517,9.9500,0.8817,1,60.00,5
2518,-1.2500,0.8817,0,0.00,25
2519,9.4100,0.8816,1,44.44,9
2520,-3.2500,0.8816,0,0.00,25
2521,-1.2500,0.8815,0,0.00,25
2522,9.8500,0.8815,1,13.33,15
2523,-1.7500,0.8814,0,0.00,25
2524,9.8500,0.8814,1,6.67,15
2525,9.9800,0.8813,1,100.00,2
2526,8.2600,0.8813,1,25.00,24
2527,9.3100,0.8813,1,5.26,19
2528,-0.7500,0.8812,0,0.00,25
2529,-4.2500,0.8812,0,0.00,25
2530,8.8000,0.8811,1,15.00,20
2531,9.8600,0.8811,1,28.57,14
2532,-3.2500,0.8810,0,0.00,25
2533,9.9800,0.8810,1,100.00,2
2534,-4.2500,0.8810,0,0.00,25
2535,4.7700,0.8809,1,17.39,23
2536,8.9100,0.8809,1,33.33,9
2537,9.9700,0.8808,1,33.33,3
2538,9.9500,0.8808,1,60.00,5
2539,8.9300,0.8807,1,42.86,7
2540,9.4400,0.8807,1,16.67,6
2541,9.8900,0.8806,1,18.18,11
2542,-2.2500,0.8806,0,0.00,25
2543,9.9300,0.8806,1,42.86,7
2544,9.4500,0.8805,1,40.00,5
2545,9.8700,0.8805,1,7.69,13
2546,-0.2500,0.8804,0,0.00,25
2547,-1.7500,0.8804,0,0.00,25
2548,8.7800,0.8803,1,27.27,22
2549,-2.2500,0.8803,0,0.00,25
2550,9.9900,0.8802,1,100.00,1
2551,8.7900,0.8802,1,9.52,21
2552,9.9800,0.8802,1,100.00,2
2553,9.9500,0.8801,1,40.00,5
2554,9.9600,0.8801,1,50.00,4
2555,-2.7500,0.8800,0,0.00,25
2556,9.4100,0.8800,1,55.56,9
2557,9.9900,0.8799,1,100.00,1
2558,9.9800,0.8799,1,100.00,2
2559,9.9700,0.8799,1,33.33,3
2560,9.9900,0.8798,1,100.00,1
2561,9.8400,0.8798,1,12.50,16
2562,9.9300,0.8797,1,28.57,7
2563,-1.7500,0.8797,0,0.00,25
2564,-2.7500,0.8796,0,0.00,25
2565,9.9500,0.8796,1,40.00,5
2566,9.9300,0.8795,1,28.57,7
2567,9.9700,0.8795,1,66.67,3
2568,9.9200,0.8795,1,37.50,8
2569,9.4300,0.8794,1,57.14,7
2570,-1.7500,0.8794,0,0.00,25
2571,8.3500,0.8793,1,13.33,15
2572,-3.7500,0.8793,0,0.00,25
2573,9.9400,0.8792,1,33.33,6
2574,-0.2500,0.8792,0,0.00,25
2575,8.8800,0.8791,1,50.00,12
2576,9.9600,0.8791,1,50.00,4
2577,9.3100,0.8791,1,15.79,19
2578,9.8400,0.8790,1,18.75,16
2579,9.7800,0.8790,1,9.09,22
2580,9.9700,0.8789,1,33.33,3
2581,8.3000,0.8789,1,30.00,20
2582,9.8300,0.8788,1,29.41,17
2583,-3.2500,0.8788,0,0.00,25
2584,9.9400,0.8788,1,33.33,6
2585,-2.7500,0.8787,0,0.00,25
2586,9.8700,0.8787,1,15.38,13
2587,9.9500,0.8786,1,20.00,5
2588,8.8200,0.8786,1,11.11,18
2589,9.9100,0.8785,1,55.56,9
2590,-0.2500,0.8785,0,0.00,25
2591,9.4500,0.8784,1,40.00,5
2592,9.3400,0.8784,1,25.00,16
2593,9.8200,0.8784,1,16.67,18
2594,9.9200,0.8783,1,12.50,8
2595,9.9400,0.8783,1,33.33,6
2596,8.9200,0.8782,1,25.00,8
2597,-2.2500,0.8782,0,0.00,25
2598,8.9400,0.8781,1,33.33,6
2599,-2.7500,0.8781,0,0.00,25
2600,9.9400,0.8780,1,16.67,6
2601,9.7600,0.8780,1,12.50,24
2602,-2.2500,0.8780,0,0.00,25
2603,-1.2500,0.8779,0,0.00,25
2604,7.7800,0.8779,1,27.27,22
2605,8.9400,0.8778,1,66.67,6
2606,9.8300,0.8778,1,23.53,17
2607,9.9500,0.8777,1,60.00,5
2608,9.2800,0.8777,1,4.55,22
2609,9.9100,0.8777,1,55.56,9
2610,9.9000,0.8776,1,20.00,10
2611,-1.2500,0.8776,0,0.00,25
2612,9.3700,0.8775,1,23.08,13
2613,-1.7500,0.8775,0,0.00,25
2614,7.2500,0.8774,1,12.00,25
2615,-1.7500,0.8774,0,0.00,25
2616,9.9400,0.8773,1,16.67,6
2617,-0.7500,0.8773,0,0.00,25
2618,-2.2500,0.8773,0,0.00,25
2619,9.9600,0.8772,1,50.00,4
2620,8.9400,0.8772,1,33.33,6
2621,9.9100,0.8771,1,44.44,9
2622,-3.2500,0.8771,0,0.00,25
2623,8.3900,0.8770,1,36.36,11
2624,9.9900,0.8770,1,100.00,1
2625,8.8200,0.8770,1,22.22,18
2626,9.8900,0.8769,1,18.18,11
2627,9.9800,0.8769,1,100.00,2
2628,9.3100,0.8768,1,26.32,19
2629,9.9400,0.8768,1,66.67,6
2630,9.9600,0.8767,1,50.00,4
2631,9.9700,0.8767,1,33.33,3
2632,9.8400,0.8766,1,18.75,16
2633,9.4500,0.8766,1,80.00,5
2634,9.9400,0.8766,1,50.00,6
2635,9.4300,0.8765,1,28.57,7
2636,9.9700,0.8765,1,33.33,3
2637,8.3300,0.8764,1,11.76,17
2638,9.4100,0.8764,1,44.44,9
2639,9.9300,0.8763,1,42.86,7
2640,8.8900,0.8763,1,36.36,11
2641,9.8700,0.8763,1,23.08,13
2642,9.9300,0.8762,1,28.57,7
2643,8.2800,0.8762,1,13.64,22
2644,-3.2500,0.8761,0,0.00,25
2645,8.3300,0.8761,1,29.41,17
2646,9.4600,0.8760,1,75.00,4
2647,9.9900,0.8760,1,100.00,1
2648,9.7500,0.8759,1,4.00,25
2649,-1.7500,0.8759,0,0.00,25
2650,-4.7500,0.8759,0,0.00,25
2651,9.9500,0.8758,1,20.00,5
2652,9.8000,0.8758,1,15.00,20
2653,-2.7500,0.8757,0,0.00,25
2654,9.9500,0.8757,1,20.00,5
2655,9.9800,0.8756,1,50.00,2
2656,9.9300,0.8756,1,14.29,7
2657,9.9800,0.8755,1,100.00,2
2658,7.4000,0.8755,1,30.00,10
2659,-3.2500,0.8755,0,0.00,25
2660,9.9200,0.8754,1,37.50,8
2661,9.9800,0.8754,1,100.00,2
2662,9.8900,0.8753,1,27.27,11
2663,9.4200,0.8753,1,62.50,8
2664,9.9900,0.8752,1,100.00,1
2665,9.2500,0.8752,1,16.00,25
2666,9.9400,0.8752,1,50.00,6
2667,9.9200,0.8751,1,37.50,8
2668,9.9700,0.8751,1,66.67,3
2669,7.9200,0.8750,1,25.00,8
2670,9.9100,0.8750,1,11.11,9
2671,-0.2500,0.8749,0,0.00,25
2672,-1.7500,0.8749,0,0.00,25
2673,9.9900,0.8748,1,100.00,1
2674,9.9800,0.8748,1,100.00,2
2675,9.9100,0.8748,1,33.33,9
2676,9.9300,0.8747,1,28.57,7
2677,9.9000,0.8747,1,20.00,10
2678,9.9700,0.8746,1,66.67,3
2679,9.9800,0.8746,1,100.00,2
2680,-1.7500,0.8745,0,0.00,25
2681,9.8900,0.8745,1,27.27,11
2682,6.3100,0.8745,1,21.05,19
2683,9.9800,0.8744,1,100.00,2
2684,9.8400,0.8744,1,12.50,16
2685,-0.2500,0.8743,0,0.00,25
2686,8.2800,0.8743,1,9.09,22
2687,9.9100,0.8742,1,22.22,9
2688,9.9400,0.8742,1,33.33,6
2689,9.9900,0.8741,1,100.00,1
2690,-3.2500,0.8741,0,0.00,25
2691,7.8400,0.8741,1,12.50,16
2692,-3.2500,0.8740,0,0.00,25
2693,9.9100,0.8740,1,33.33,9
2694,8.9400,0.8739,1,33.33,6
2695,-0.7500,0.8739,0,0.00,25
2696,8.8800,0.8738,1,41.67,12
2697,-1.2500,0.8738,0,0.00,25
2698,9.8300,0.8738,1,5.88,17
2699,9.9400,0.8737,1,33.33,6
2700,9.4600,0.8737,1,75.00,4
2701,-2.2500,0.8736,0,0.00,25
2702,9.8900,0.8736,1,18.18,11
2703,9.8600,0.8735,1,42.86,14
2704,8.7600,0.8735,1,8.33,24
2705,-0.7500,0.8735,0,0.00,25
2706,-4.2500,0.8734,0,0.00,25
2707,-3.2500,0.8734,0,0.00,25
2708,9.3600,0.8733,1,14.29,14
2709,9.9600,0.8733,1,50.00,4
2710,9.9800,0.8732,1,100.00,2
2711,8.8200,0.8732,1,22.22,18
2712,9.4700,0.8731,1,66.67,3
2713,-0.7500,0.8731,0,0.00,25
2714,-0.7500,0.8731,0,0.00,25
2715,8.9200,0.8730,1,37.50,8
2716,8.4500,0.8730,1,40.00,5
2717,5.2800,0.8729,1,13.64,22
2718,9.9800,0.8729,1,100.00,2
2719,9.4300,0.8728,1,28.57,7
2720,9.9800,0.8728,1,100.00,2
2721,-5.2500,0.8728,0,0.00,25
2722,9.9600,0.8727,1,75.00,4
2723,-0.7500,0.8727,0,0.00,25
2724,9.9500,0.8726,1,20.00,5
2725,-3.2500,0.8726,0,0.00,25
2726,9.4500,0.8725,1,40.00,5
2727,9.9600,0.8725,1,25.00,4
2728,8.8600,0.8724,1,14.29,14
2729,9.9900,0.8724,1,100.00,1
2730,-2.2500,0.8724,0,0.00,25
2731,9.9800,0.8723,1,100.00,2
2732,9.9800,0.8723,1,100.00,2
2733,9.9700,0.8722,1,33.33,3
2734,9.9500,0.8722,1,60.00,5
2735,9.8800,0.8721,1,25.00,12
2736,9.8700,0.8721,1,15.38,13
2737,9.8400,0.8721,1,12.50,16
2738,9.9400,0.8720,1,50.00,6
2739,6.8400,0.8720,1,12.50,16
2740,8.8400,0.8719,1,12.50,16
2741,9.7800,0.8719,1,9.09,22
2742,9.3200,0.8718,1,11.11,18
2743,9.9700,0.8718,1,100.00,3
2744,9.9700,0.8717,1,100.00,3
2745,-3.7500,0.8717,0,0.00,25
2746,9.9400,0.8717,1,16.67,6
2747,9.9200,0.8716,1,12.50,8
2748,9.9800,0.8716,1,100.00,2
2749,8.3200,0.8715,1,33.33,18
2750,9.3300,0.8715,1,5.88,17
2751,9.3800,0.8714,1,16.67,12
2752,9.7600,0.8714,1,8.33,24
2753,9.7600,0.8714,1,8.33,24
2754,9.8700,0.8713,1,15.38,13
2755,9.9500,0.8713,1,40.00,5
2756,9.9500,0.8712,1,40.00,5
2757,9.9000,0.8712,1,20.00,10
2758,8.9600,0.8711,1,50.00,4
2759,9.9900,0.8711,1,100.00,1
2760,7.8800,0.8711,1,41.67,12
2761,9.8800,0.8710,1,25.00,12
2762,-1.2500,0.8710,0,0.00,25
2763,6.7600,0.8709,1,12.50,24
2764,9.9500,0.8709,1,20.00,5
2765,9.9900,0.8708,1,100.00,1
2766,9.7600,0.8708,1,12.50,24
2767,8.7900,0.8707,1,19.05,21
2768,8.3000,0.8707,1,15.00,20
2769,8.3700,0.8707,1,15.38,13
2770,9.9100,0.8706,1,33.33,9
2771,9.4700,0.8706,1,66.67,3
2772,-2.7500,0.8705,0,0.00,25
2773,9.7900,0.8705,1,9.52,21
2774,9.9700,0.8704,1,100.00,3
2775,9.9500,0.8704,1,20.00,5
2776,9.8600,0.8704,1,7.14,14
2777,9.9800,0.8703,1,100.00,2
2778,9.7800,0.8703,1,18.18,22
2779,8.8900,0.8702,1,27.27,11
2780,-5.2500,0.8702,0,0.00,25
2781,8.8600,0.8701,1,14.29,14
2782,9.8600,0.8701,1,21.43,14
2783,-0.7500,0.8701,0,0.00,25
2784,-3.7500,0.8700,0,0.00,25
2785,8.8900,0.8700,1,9.09,11
2786,-0.2500,0.8699,0,0.00,25
2787,9.3700,0.8699,1,23.08,13
2788,9.9700,0.8698,1,100.00,3
2789,9.3100,0.8698,1,5.26,19
2790,8.8400,0.8697,1,37.50,16
2791,8.7500,0.8697,1,4.00,25
2792,-0.7500,0.8697,0,0.00,25
2793,9.8900,0.8696,1,18.18,11
2794,9.3400,0.8696,1,18.75,16
2795,-4.2500,0.8695,0,0.00,25
2796,9.9700,0.8695,1,66.67,3
2797,9.9000,0.8694,1,50.00,10
2798,-0.7500,0.8694,0,0.00,25
2799,9.9500,0.8694,1,60.00,5
2800,9.9700,0.8693,1,33.33,3
2801,9.9200,0.8693,1,12.50,8
2802,9.9900,0.8692,1,100.00,1
2803,9.7900,0.8692,1,19.05,21
2804,-0.2500,0.8691,0,0.00,25
2805,9.4100,0.8691,1,22.22,9
2806,-6.7500,0.8691,0,0.00,25
2807,-1.2500,0.8690,0,0.00,25
2808,-0.7500,0.8690,0,0.00,25
2809,-2.7500,0.8689,0,0.00,25
2810,9.2900,0.8689,1,23.81,21
2811,7.8600,0.8688,1,28.57,14
2812,9.8500,0.8688,1,20.00,15
2813,9.4200,0.8687,1,62.50,8
2814,9.9700,0.8687,1,100.00,3
2815,-4.7500,0.8687,0,0.00,25
2816,9.8800,0.8686,1,16.67,12
2817,6.3600,0.8686,1,7.14,14
2818,-1.2500,0.8685,0,0.00,25
2819,9.9500,0.8685,1,60.00,5
2820,9.8900,0.8684,1,27.27,11
2821,9.4200,0.8684,1,37.50,8
2822,9.9700,0.8684,1,100.00,3
2823,9.9100,0.8683,1,55.56,9
2824,8.9000,0.8683,1,20.00,10
2825,9.9800,0.8682,1,100.00,2
2826,9.9900,0.8682,1,100.00,1
2827,9.9800,0.8681,1,100.00,2
2828,9.8600,0.8681,1,21.43,14
2829,-1.2500,0.8681,0,0.00,25
2830,8.8400,0.8680,1,18.75,16
2831,8.7900,0.8680,1,23.81,21
2832,9.9500,0.8679,1,60.00,5
2833,9.3000,0.8679,1,10.00,20
2834,9.9700,0.8678,1,100.00,3
2835,9.9900,0.8678,1,100.00,1
2836,9.9200,0.8677,1,25.00,8
2837,9.9600,0.8677,1,50.00,4
2838,9.9800,0.8677,1,50.00,2
2839,7.8000,0.8676,1,25.00,20
2840,9.7500,0.8676,1,20.00,25
2841,9.9900,0.8675,1,100.00,1
2842,-0.7500,0.8675,0,0.00,25
2843,9.4700,0.8674,1,66.67,3
2844,9.9400,0.8674,1,33.33,6
2845,9.8700,0.8674,1,23.08,13
2846,9.8700,0.8673,1,15.38,13
2847,9.8400,0.8673,1,12.50,16
2848,9.8200,0.8672,1,22.22,18
2849,9.9800,0.8672,1,100.00,2
2850,-3.2500,0.8671,0,0.00,25
2851,9.8200,0.8671,1,11.11,18
2852,9.8600,0.8671,1,7.14,14
2853,-1.2500,0.8670,0,0.00,25
2854,8.9200,0.8670,1,37.50,8
2855,9.3800,0.8669,1,25.00,12
2856,9.4500,0.8669,1,40.00,5
2857,8.8200,0.8668,1,11.11,18
2858,9.9600,0.8668,1,50.00,4
2859,9.9900,0.8668,1,100.00,1
2860,9.9900,0.8667,1,100.00,1
2861,9.9700,0.8667,1,33.33,3
2862,9.9100,0.8666,1,33.33,9
2863,9.3700,0.8666,1,23.08,13
2864,9.4300,0.8665,1,57.14,7
2865,-1.2500,0.8665,0,0.00,25
2866,9.9700,0.8664,1,100.00,3
2867,8.3300,0.8664,1,11.76,17
2868,-0.2500,0.8664,0,0.00,25
2869,-3.2500,0.8663,0,0.00,25
2870,-3.2500,0.8663,0,0.00,25
2871,8.8100,0.8662,1,5.26,19
2872,9.9500,0.8662,1,20.00,5
2873,9.9800,0.8661,1,100.00,2
2874,9.9500,0.8661,1,20.00,5
2875,-2.7500,0.8661,0,0.00,25
2876,9.9500,0.8660,1,20.00,5
2877,8.3500,0.8660,1,13.33,15
2878,9.9600,0.8659,1,50.00,4
2879,-0.7500,0.8659,0,0.00,25
2880,9.9000,0.8658,1,50.00,10
2881,8.9200,0.8658,1,37.50,8
2882,9.9800,0.8658,1,100.00,2
2883,9.8900,0.8657,1,9.09,11
2884,8.8300,0.8657,1,5.88,17
2885,-3.2500,0.8656,0,0.00,25
2886,6.7900,0.8656,1,19.05,21
2887,9.9600,0.8655,1,50.00,4
2888,9.8600,0.8655,1,14.29,14
2889,9.9800,0.8655,1,100.00,2
2890,9.8500,0.8654,1,6.67,15
2891,9.8700,0.8654,1,15.38,13
2892,-2.7500,0.8653,0,0.00,25
2893,9.2500,0.8653,1,8.00,25
2894,9.9900,0.8652,1,100.00,1
2895,9.9400,0.8652,1,33.33,6
2896,8.4100,0.8651,1,55.56,9
2897,8.8500,0.8651,1,20.00,15
2898,9.9500,0.8651,1,40.00,5
2899,-0.2500,0.8650,0,0.00,25
2900,-1.2500,0.8650,0,0.00,25
2901,-1.2500,0.8649,0,0.00,25
2902,9.9900,0.8649,1,100.00,1
2903,8.8300,0.8648,1,11.76,17
2904,9.9900,0.8648,1,100.00,1
2905,-1.7500,0.8648,0,0.00,25
2906,9.8300,0.8647,1,17.65,17
2907,8.9000,0.8647,1,40.00,10
2908,9.9200,0.8646,1,25.00,8
2909,7.7600,0.8646,1,12.50,24
2910,9.9000,0.8645,1,20.00,10
2911,-1.2500,0.8645,0,0.00,25
2912,7.8900,0.8645,1,45.45,11
2913,-2.2500,0.8644,0,0.00,25
2914,8.4000,0.8644,1,20.00,10
2915,9.9100,0.8643,1,11.11,9
2916,9.3300,0.8643,1,11.76,17
2917,8.9400,0.8642,1,33.33,6
2918,-3.2500,0.8642,0,0.00,25
2919,9.9900,0.8642,1,100.00,1
2920,9.9800,0.8641,1,100.00,2
2921,-4.2500,0.8641,0,0.00,25
2922,9.9400,0.8640,1,50.00,6
2923,9.9700,0.8640,1,66.67,3
2924,-0.2500,0.8639,0,0.00,25
2925,8.2500,0.8639,1,12.00,25
2926,9.9800,0.8639,1,50.00,2
2927,9.8100,0.8638,1,10.53,19
2928,9.9700,0.8638,1,33.33,3
2929,9.9600,0.8637,1,50.00,4
2930,9.9900,0.8637,1,100.00,1
2931,9.9800,0.8636,1,100.00,2
2932,-1.2500,0.8636,0,0.00,25
2933,-2.2500,0.8635,0,0.00,25
2934,-2.2500,0.8635,0,0.00,25
2935,9.9400,0.8635,1,50.00,6
2936,9.2800,0.8634,1,13.64,22
2937,9.9900,0.8634,1,100.00,1
2938,9.9200,0.8633,1,25.00,8
2939,9.9500,0.8633,1,60.00,5
2940,-3.7500,0.8632,0,0.00,25
2941,8.2700,0.8632,1,17.39,23
2942,9.9800,0.8632,1,100.00,2
2943,9.8900,0.8631,1,18.18,11
2944,9.9300,0.8631,1,42.86,7
2945,8.8100,0.8630,1,31.58,19
2946,9.4700,0.8630,1,66.67,3
2947,9.9700,0.8629,1,100.00,3
2948,9.8800,0.8629,1,41.67,12
2949,9.9000,0.8629,1,10.00,10
2950,-1.2500,0.8628,0,0.00,25
2951,9.3200,0.8628,1,11.11,18
2952,-0.7500,0.8627,0,0.00,25
2953,9.8400,0.8627,1,12.50,16
2954,6.8400,0.8626,1,12.50,16
2955,9.3800,0.8626,1,16.67,12
2956,9.8900,0.8626,1,9.09,11
2957,8.3400,0.8625,1,18.75,16
2958,9.9500,0.8625,1,60.00,5
2959,9.4400,0.8624,1,33.33,6
2960,8.8700,0.8624,1,15.38,13
2961,9.9300,0.8623,1,28.57,7
2962,9.3200,0.8623,1,11.11,18
2963,-0.2500,0.8623,0,0.00,25
2964,-0.7500,0.8622,0,0.00,25
2965,9.4300,0.8622,1,57.14,7
2966,9.8700,0.8621,1,23.08,13
2967,9.9800,0.8621,1,100.00,2
2968,9.9800,0.8620,1,100.00,2
2969,8.9500,0.8620,1,20.00,5
2970,8.3600,0.8620,1,35.71,14
2971,9.9400,0.8619,1,33.33,6
2972,-1.7500,0.8619,0,0.00,25
2973,7.3600,0.8618,1,35.71,14
2974,-0.2500,0.8618,0,0.00,25
2975,9.7600,0.8617,1,8.33,24
2976,-0.2500,0.8617,0,0.00,25
2977,9.9500,0.8617,1,60.00,5
2978,9.9900,0.8616,1,100.00,1
2979,9.8400,0.8616,1,12.50,16
2980,9.9700,0.8615,1,100.00,3
2981,9.8800,0.8615,1,16.67,12
2982,9.9900,0.8614,1,100.00,1
2983,9.9800,0.8614,1,100.00,2
2984,9.9400,0.8614,1,50.00,6
2985,-2.2500,0.8613,0,0.00,25
2986,8.2700,0.8613,1,13.04,23
2987,-3.2500,0.8612,0,0.00,25
2988,9.3600,0.8612,1,35.71,14
2989,9.9100,0.8611,1,22.22,9
2990,9.8400,0.8611,1,12.50,16
2991,9.8500,0.8610,1,33.33,15
2992,9.8900,0.8610,1,18.18,11
2993,6.8600,0.8610,1,35.71,14
2994,9.9000,0.8609,1,50.00,10
2995,9.8900,0.8609,1,27.27,11
2996,-0.2500,0.8608,0,0.00,25
2997,9.8200,0.8608,1,16.67,18
2998,9.9900,0.8607,1,100.00,1
2999,9.9600,0.8607,1,75.00,4
3000,8.8400,0.8607,1,25.00,16
3001,9.4500,0.8606,1,40.00,5
3002,8.3100,0.8606,1,31.58,19
3003,9.9400,0.8605,1,50.00,6
3004,-1.7500,0.8605,0,0.00,25
3005,9.8500,0.8604,1,20.00,15
3006,9.9000,0.8604,1,20.00,10
3007,9.9700,0.8604,1,33.33,3
3008,-3.2500,0.8603,0,0.00,25
3009,9.9300,0.8603,1,42.86,7
3010,9.9500,0.8602,1,60.00,5
3011,-0.7500,0.8602,0,0.00,25
3012,9.9600,0.8601,1,75.00,4
3013,8.8600,0.8601,1,35.71,14
3014,9.9800,0.8601,1,100.00,2
3015,9.9900,0.8600,1,100.00,1
3016,-1.2500,0.8600,0,0.00,25
3017,-0.2500,0.8599,0,0.00,25
3018,9.9900,0.8599,1,100.00,1
3019,9.9800,0.8598,1,50.00,2
3020,-1.7500,0.8598,0,0.00,25
3021,8.3700,0.8598,1,30.77,13
3022,9.9200,0.8597,1,25.00,8
3023,9.9600,0.8597,1,100.00,4
3024,9.8000,0.8596,1,15.00,20
3025,-2.7500,0.8596,0,0.00,25
3026,9.8100,0.8595,1,5.26,19
3027,-0.2500,0.8595,0,0.00,25
3028,9.9900,0.8595,1,100.00,1
3029,-2.7500,0.8594,0,0.00,25
3030,-1.2500,0.8594,0,0.00,25
3031,8.8100,0.8593,1,21.05,19
3032,-1.7500,0.8593,0,0.00,25
3033,7.8800,0.8592,1,25.00,12
3034,-1.7500,0.8592,0,0.00,25
3035,9.9200,0.8592,1,25.00,8
3036,9.9400,0.8591,1,33.33,6
3037,-0.2500,0.8591,0,0.00,25
3038,9.9900,0.8590,1,100.00,1
3039,5.7500,0.8590,1,24.00,25
3040,9.3800,0.8589,1,16.67,12
3041,9.9200,0.8589,1,25.00,8
3042,-0.7500,0.8589,0,0.00,25
3043,9.9800,0.8588,1,100.00,2
3044,9.8400,0.8588,1,18.75,16
3045,9.9900,0.8587,1,100.00,1
3046,7.8000,0.8587,1,10.00,20
3047,9.9000,0.8586,1,20.00,10
3048,-3.7500,0.8586,0,0.00,25
3049,-1.2500,0.8586,0,0.00,25
3050,9.9900,0.8585,1,100.00,1
3051,9.8600,0.8585,1,14.29,14
3052,9.9500,0.8584,1,20.00,5
3053,-1.7500,0.8584,0,0.00,25
3054,9.9000,0.8583,1,30.00,10
3055,9.3700,0.8583,1,46.15,13
3056,-2.7500,0.8583,0,0.00,25
3057,9.8600,0.8582,1,7.14,14
3058,6.7600,0.8582,1,25.00,24
3059,9.7800,0.8581,1,13.64,22
3060,-0.7500,0.8581,0,0.00,25
3061,9.8300,0.8580,1,17.65,17
3062,9.8700,0.8580,1,23.08,13
3063,-0.7500,0.8580,0,0.00,25
3064,-0.7500,0.8579,0,0.00,25
3065,9.9900,0.8579,1,100.00,1
3066,7.3500,0.8578,1,13.33,15
3067,9.9600,0.8578,1,50.00,4
3068,9.9900,0.8577,1,100.00,1
3069,-3.2500,0.8577,0,0.00,25
3070,9.9700,0.8577,1,100.00,3
3071,8.8200,0.8576,1,22.22,18
3072,9.9900,0.8576,1,100.00,1
3073,9.8100,0.8575,1,10.53,19
3074,9.8900,0.8575,1,9.09,11
3075,-0.2500,0.8574,0,0.00,25
3076,9.8700,0.8574,1,38.46,13
3077,9.3300,0.8574,1,35.29,17
3078,9.3200,0.8573,1,11.11,18
3079,8.4000,0.8573,1,20.00,10
3080,8.9600,0.8572,1,50.00,4
3081,9.9700,0.8572,1,100.00,3
3082,8.9100,0.8571,1,44.44,9
3083,9.9000,0.8571,1,20.00,10
3084,7.2600,0.8571,1,16.67,24
3085,9.9900,0.8570,1,100.00,1
3086,9.9300,0.8570,1,28.57,7
3087,9.4300,0.8569,1,57.14,7
3088,9.8500,0.8569,1,33.33,15
3089,-1.7500,0.8568,0,0.00,25
3090,9.8700,0.8568,1,23.08,13
3091,-3.7500,0.8568,0,0.00,25
3092,9.9800,0.8567,1,100.00,2
3093,9.9500,0.8567,1,20.00,5
3094,7.8400,0.8566,1,12.50,16
3095,9.9600,0.8566,1,75.00,4
3096,8.2500,0.8565,1,24.00,25
3097,9.9700,0.8565,1,33.33,3
3098,9.8700,0.8565,1,15.38,13
3099,9.9600,0.8564,1,50.00,4
3100,9.9800,0.8564,1,100.00,2
3101,9.9900,0.8563,1,100.00,1
3102,9.7600,0.8563,1,8.33,24
3103,8.8600,0.8562,1,14.29,14
3104,9.9600,0.8562,1,25.00,4
3105,9.4600,0.8562,1,75.00,4
3106,-1.2500,0.8561,0,0.00,25
3107,9.9300,0.8561,1,42.86,7
3108,8.7900,0.8560,1,14.29,21
3109,7.7700,0.8560,1,4.35,23
3110,-0.7500,0.8559,0,0.00,25
3111,9.9400,0.8559,1,33.33,6
3112,-0.2500,0.8559,0,0.00,25
3113,8.8600,0.8558,1,28.57,14
3114,9.4000,0.8558,1,30.00,10
3115,9.4400,0.8557,1,50.00,6
3116,9.2900,0.8557,1,19.05,21
3117,9.9600,0.8556,1,50.00,4
3118,9.9900,0.8556,1,100.00,1
3119,9.9400,0.8556,1,50.00,6
3120,9.3100,0.8555,1,21.05,19
3121,8.7500,0.8555,1,12.00,25
3122,8.8800,0.8554,1,33.33,12
3123,9.9600,0.8554,1,50.00,4
3124,9.9200,0.8553,1,25.00,8
3125,9.9600,0.8553,1,50.00,4
3126,-2.7500,0.8553,0,0.00,25
3127,9.3400,0.8552,1,31.25,16
3128,-0.7500,0.8552,0,0.00,25
3129,9.4300,0.8551,1,28.57,7
3130,9.9500,0.8551,1,40.00,5
3131,-3.7500,0.8550,0,0.00,25
3132,7.7900,0.8550,1,4.76,21
3133,-2.2500,0.8550,0,0.00,25
3134,7.3400,0.8549,1,37.50,16
3135,9.8100,0.8549,1,15.79,19
3136,8.7900,0.8548,1,19.05,21
3137,9.4400,0.8548,1,50.00,6
3138,7.2700,0.8547,1,8.70,23
3139,8.2500,0.8547,1,24.00,25
3140,9.8600,0.8547,1,14.29,14
3141,9.9200,0.8546,1,25.00,8
3142,-3.2500,0.8546,0,0.00,25
3143,9.9900,0.8545,1,100.00,1
3144,8.8800,0.8545,1,50.00,12
3145,9.9100,0.8544,1,11.11,9
3146,-2.2500,0.8544,0,0.00,25
3147,9.8900,0.8544,1,18.18,11
3148,9.9200,0.8543,1,37.50,8
3149,-0.2500,0.8543,0,0.00,25
3150,-0.2500,0.8542,0,0.00,25
3151,8.8000,0.8542,1,25.00,20
3152,9.8200,0.8541,1,11.11,18
3153,9.9400,0.8541,1,50.00,6
3154,-0.7500,0.8541,0,0.00,25
3155,-0.2500,0.8540,0,0.00,25
3156,-0.7500,0.8540,0,0.00,25
3157,9.9800,0.8539,1,100.00,2
3158,9.4100,0.8539,1,33.33,9
3159,-2.7500,0.8538,0,0.00,25
3160,9.8600,0.8538,1,21.43,14
3161,-4.2500,0.8538,0,0.00,25
3162,9.2800,0.8537,1,13.64,22
3163,9.9600,0.8537,1,50.00,4
3164,8.8200,0.8536,1,33.33,18
3165,8.3200,0.8536,1,27.78,18
3166,-2.2500,0.8535,0,0.00,25
3167,9.3700,0.8535,1,15.38,13
3168,9.9300,0.8535,1,14.29,7
3169,-2.7500,0.8534,0,0.00,25
3170,9.4700,0.8534,1,66.67,3
3171,-2.7500,0.8533,0,0.00,25
3172,9.9900,0.8533,1,100.00,1
3173,9.9800,0.8532,1,100.00,2
3174,9.9700,0.8532,1,100.00,3
3175,9.9500,0.8532,1,20.00,5
3176,8.7800,0.8531,1,4.55,22
3177,-1.7500,0.8531,0,0.00,25
3178,9.8600,0.8530,1,21.43,14
3179,9.9800,0.8530,1,100.00,2
3180,-1.7500,0.8530,0,0.00,25
3181,8.7700,0.8529,1,13.04,23
3182,9.9600,0.8529,1,50.00,4
3183,-1.7500,0.8528,0,0.00,25
3184,9.9300,0.8528,1,28.57,7
3185,9.3000,0.8527,1,10.00,20
3186,9.9400,0.8527,1,50.00,6
3187,9.9400,0.8527,1,33.33,6
3188,9.9700,0.8526,1,100.00,3
3189,8.8200,0.8526,1,22.22,18
3190,-2.7500,0.8525,0,0.00,25
3191,-1.2500,0.8525,0,0.00,25
3192,-1.7500,0.8524,0,0.00,25
3193,9.9100,0.8524,1,33.33,9
3194,7.8200,0.8524,1,27.78,18
3195,9.9900,0.8523,1,100.00,1
3196,9.8100,0.8523,1,10.53,19
3197,9.9600,0.8522,1,50.00,4
3198,9.9300,0.8522,1,42.86,7
3199,9.9400,0.8521,1,33.33,6
3200,9.8200,0.8521,1,11.11,18
3201,-1.2500,0.8521,0,0.00,25
3202,9.9900,0.8520,1,100.00,1
3203,9.9900,0.8520,1,100.00,1
3204,9.3200,0.8519,1,11.11,18
3205,9.8900,0.8519,1,18.18,11
3206,9.2600,0.8518,1,16.67,24
3207,9.9400,0.8518,1,33.33,6
3208,9.9800,0.8518,1,100.00,2
3209,9.9500,0.8517,1,20.00,5
3210,9.9500,0.8517,1,60.00,5
3211,-1.7500,0.8516,0,0.00,25
3212,8.8500,0.8516,1,40.00,15
3213,9.9900,0.8515,1,100.00,1
3214,9.9700,0.8515,1,66.67,3
3215,9.9800,0.8515,1,100.00,2
3216,-1.2500,0.8514,0,0.00,25
3217,9.4000,0.8514,1,50.00,10
3218,9.9300,0.8513,1,42.86,7
3219,9.8700,0.8513,1,38.46,13
3220,9.9400,0.8512,1,33.33,6
3221,9.9800,0.8512,1,100.00,2
3222,9.9500,0.8512,1,60.00,5
3223,-1.7500,0.8511,0,0.00,25
3224,-2.2500,0.8511,0,0.00,25
3225,9.9200,0.8510,1,37.50,8
3226,9.8500,0.8510,1,20.00,15
3227,9.8900,0.8509,1,9.09,11
3228,8.3100,0.8509,1,21.05,19
3229,8.9300,0.8509,1,42.86,7
3230,9.8800,0.8508,1,16.67,12
3231,9.4400,0.8508,1,16.67,6
3232,9.9800,0.8507,1,100.00,2
3233,-2.7500,0.8507,0,0.00,25
3234,9.9800,0.8507,1,100.00,2
3235,9.9000,0.8506,1,20.00,10
3236,9.3200,0.8506,1,16.67,18
3237,-3.2500,0.8505,0,0.00,25
3238,9.9600,0.8505,1,100.00,4
3239,9.4400,0.8504,1,50.00,6
3240,-0.7500,0.8504,0,0.00,25
3241,-2.7500,0.8504,0,0.00,25
3242,9.9700,0.8503,1,66.67,3
3243,9.9400,0.8503,1,50.00,6
3244,9.3400,0.8502,1,25.00,16
3245,9.9400,0.8502,1,50.00,6
3246,8.2700,0.8501,1,17.39,23
3247,9.9400,0.8501,1,33.33,6
3248,9.9800,0.8501,1,100.00,2
3249,-1.2500,0.8500,0,0.00,25
3250,9.4100,0.8500,1,22.22,9
3251,8.9600,0.8499,1,50.00,4
3252,9.9500,0.8499,1,40.00,5
3253,9.9700,0.8498,1,33.33,3
3254,9.3600,0.8498,1,14.29,14
3255,9.9800,0.8498,1,100.00,2
3256,-1.2500,0.8497,0,0.00,25
3257,9.9400,0.8497,1,33.33,6
3258,6.8500,0.8496,1,20.00,15
3259,9.9700,0.8496,1,33.33,3
3260,9.4400,0.8495,1,50.00,6
3261,9.8200,0.8495,1,11.11,18
3262,9.9900,0.8495,1,100.00,1
3263,9.9300,0.8494,1,42.86,7
3264,9.9900,0.8494,1,100.00,1
3265,9.8800,0.8493,1,8.33,12
3266,9.9200,0.8493,1,25.00,8
3267,9.8000,0.8492,1,15.00,20
3268,9.9600,0.8492,1,50.00,4
3269,9.9800,0.8492,1,100.00,2
3270,9.9900,0.8491,1,100.00,1
3271,9.8700,0.8491,1,15.38,13
3272,9.9700,0.8490,1,33.33,3
3273,9.9200,0.8490,1,25.00,8
3274,9.9100,0.8490,1,22.22,9
3275,-1.7500,0.8489,0,0.00,25
3276,8.2700,0.8489,1,13.04,23
3277,9.3300,0.8488,1,5.88,17
3278,8.3300,0.8488,1,35.29,17
3279,7.8400,0.8487,1,18.75,16
3280,-1.2500,0.8487,0,0.00,25
3281,9.9900,0.8487,1,100.00,1
3282,-0.2500,0.8486,0,0.00,25
3283,-1.2500,0.8486,0,0.00,25
3284,-1.7500,0.8485,0,0.00,25
3285,8.8500,0.8485,1,20.00,15
3286,8.3300,0.8484,1,11.76,17
3287,9.9400,0.8484,1,16.67,6
3288,9.8000,0.8484,1,20.00,20
3289,9.8700,0.8483,1,15.38,13
3290,9.8300,0.8483,1,11.76,17
3291,9.9800,0.8482,1,100.00,2
3292,9.9800,0.8482,1,100.00,2
3293,9.9900,0.8481,1,100.00,1
3294,9.4700,0.8481,1,66.67,3
3295,9.9500,0.8481,1,20.00,5
3296,9.8300,0.8480,1,11.76,17
3297,9.9800,0.8480,1,100.00,2
3298,-2.7500,0.8479,0,0.00,25
3299,9.2700,0.8479,1,17.39,23
3300,-2.2500,0.8478,0,0.00,25
3301,-0.7500,0.8478,0,0.00,25
3302,8.3400,0.8478,1,18.75,16
3303,9.9700,0.8477,1,33.33,3
3304,9.9800,0.8477,1,100.00,2
3305,9.9700,0.8476,1,100.00,3
3306,-2.2500,0.8476,0,0.00,25
3307,9.9200,0.8476,1,12.50,8
3308,9.9900,0.8475,1,100.00,1
3309,9.7700,0.8475,1,8.70,23
3310,-1.7500,0.8474,0,0.00,25
3311,9.3900,0.8474,1,18.18,11
3312,9.8600,0.8473,1,21.43,14
3313,-2.7500,0.8473,0,0.00,25
3314,9.9300,0.8473,1,14.29,7
3315,-0.7500,0.8472,0,0.00,25
3316,8.9600,0.8472,1,50.00,4
3317,9.9800,0.8471,1,100.00,2
3318,7.8000,0.8471,1,15.00,20
3319,9.4300,0.8470,1,57.14,7
3320,9.9900,0.8470,1,100.00,1
3321,9.7900,0.8470,1,23.81,21
3322,9.4700,0.8469,1,66.67,3
3323,9.9900,0.8469,1,100.00,1
3324,9.9900,0.8468,1,100.00,1
3325,9.9800,0.8468,1,100.00,2
3326,-1.7500,0.8467,0,0.00,25
3327,9.3200,0.8467,1,22.22,18
3328,7.3300,0.8467,1,29.41,17
3329,9.9800,0.8466,1,100.00,2
3330,8.2800,0.8466,1,18.18,22
3331,9.7600,0.8465,1,8.33,24
3332,9.4400,0.8465,1,16.67,6
3333,-2.7500,0.8464,0,0.00,25
3334,7.2500,0.8464,1,16.00,25
3335,9.4200,0.8464,1,62.50,8
3336,-2.2500,0.8463,0,0.00,25
3337,-1.2500,0.8463,0,0.00,25
3338,8.4500,0.8462,1,40.00,5
3339,9.9100,0.8462,1,22.22,9
3340,8.3400,0.8462,1,37.50,16
3341,9.9600,0.8461,1,50.00,4
3342,9.9700,0.8461,1,33.33,3
3343,9.9700,0.8460,1,100.00,3
3344,9.8100,0.8460,1,5.26,19
3345,-0.7500,0.8459,0,0.00,25
3346,9.9100,0.8459,1,22.22,9
3347,9.3000,0.8459,1,25.00,20
3348,-0.7500,0.8458,0,0.00,25
3349,9.9600,0.8458,1,75.00,4
3350,9.9000,0.8457,1,30.00,10
3351,9.9800,0.8457,1,100.00,2
3352,9.8600,0.8456,1,21.43,14
3353,9.8400,0.8456,1,12.50,16
3354,9.8500,0.8456,1,26.67,15
3355,-0.7500,0.8455,0,0.00,25
3356,9.8500,0.8455,1,20.00,15
3357,-4.2500,0.8454,0,0.00,25
3358,9.7800,0.8454,1,22.73,22
3359,9.7500,0.8454,1,12.00,25
3360,-0.2500,0.8453,0,0.00,25
3361,9.8900,0.8453,1,54.55,11
3362,9.9800,0.8452,1,100.00,2
3363,9.8100,0.8452,1,10.53,19
3364,-0.2500,0.8451,0,0.00,25
3365,9.9700,0.8451,1,66.67,3
3366,9.9600,0.8451,1,50.00,4
3367,-1.7500,0.8450,0,0.00,25
3368,9.3900,0.8450,1,54.55,11
3369,-3.7500,0.8449,0,0.00,25
3370,9.9600,0.8449,1,75.00,4
3371,9.9400,0.8448,1,66.67,6
3372,8.8800,0.8448,1,33.33,12
3373,8.2900,0.8448,1,9.52,21
3374,9.7900,0.8447,1,4.76,21
3375,9.4000,0.8447,1,30.00,10
3376,-2.7500,0.8446,0,0.00,25
3377,8.8300,0.8446,1,17.65,17
3378,9.9400,0.8445,1,50.00,6
3379,9.2500,0.8445,1,12.00,25
3380,9.9900,0.8445,1,100.00,1
3381,-1.2500,0.8444,0,0.00,25
3382,9.9900,0.8444,1,100.00,1
3383,9.9900,0.8443,1,100.00,1
3384,9.4100,0.8443,1,22.22,9
3385,9.4100,0.8443,1,44.44,9
3386,9.4100,0.8442,1,22.22,9
3387,9.3000,0.8442,1,15.00,20
3388,7.2900,0.8441,1,23.81,21
3389,9.9700,0.8441,1,33.33,3
3390,9.9500,0.8440,1,20.00,5
3391,9.9400,0.8440,1,50.00,6
3392,9.9100,0.8440,1,33.33,9
3393,9.9200,0.8439,1,25.00,8
3394,-0.2500,0.8439,0,0.00,25
3395,9.9400,0.8438,1,16.67,6
3396,8.2600,0.8438,1,20.83,24
3397,-0.2500,0.8437,0,0.00,25
3398,-0.2500,0.8437,0,0.00,25
3399,9.9700,0.8437,1,33.33,3
3400,-3.2500,0.8436,0,0.00,25
3401,9.8700,0.8436,1,23.08,13
3402,-3.2500,0.8435,0,0.00,25
3403,9.9900,0.8435,1,100.00,1
3404,9.8800,0.8435,1,16.67,12
3405,9.9600,0.8434,1,50.00,4
3406,9.9500,0.8434,1,40.00,5
3407,-1.7500,0.8433,0,0.00,25
3408,9.9800,0.8433,1,100.00,2
3409,9.9100,0.8432,1,33.33,9
3410,9.9000,0.8432,1,20.00,10
3411,9.8900,0.8432,1,18.18,11
3412,9.9500,0.8431,1,60.00,5
3413,7.8000,0.8431,1,15.00,20
3414,-0.7500,0.8430,0,0.00,25
3415,8.9300,0.8430,1,42.86,7
3416,-2.7500,0.8429,0,0.00,25
3417,9.9300,0.8429,1,14.29,7
3418,-1.7500,0.8429,0,0.00,25
3419,9.9000,0.8428,1,20.00,10
3420,-3.7500,0.8428,0,0.00,25
3421,9.9100,0.8427,1,22.22,9
3422,9.9900,0.8427,1,100.00,1
3423,-1.7500,0.8426,0,0.00,25
3424,9.9700,0.8426,1,33.33,3
3425,-1.2500,0.8426,0,0.00,25
3426,9.9000,0.8425,1,20.00,10
3427,9.9700,0.8425,1,66.67,3
3428,7.7900,0.8424,1,14.29,21
3429,7.9000,0.8424,1,20.00,10
3430,9.3800,0.8424,1,25.00,12
3431,9.4300,0.8423,1,28.57,7
3432,9.9500,0.8423,1,40.00,5
3433,-1.7500,0.8422,0,0.00,25
3434,9.9100,0.8422,1,22.22,9
3435,8.3400,0.8421,1,37.50,16
3436,9.8800,0.8421,1,16.67,12
3437,9.9300,0.8421,1,42.86,7
3438,9.4300,0.8420,1,57.14,7
3439,7.8100,0.8420,1,31.58,19
3440,-2.7500,0.8419,0,0.00,25
3441,9.9800,0.8419,1,100.00,2
3442,-0.2500,0.8418,0,0.00,25
3443,9.9600,0.8418,1,25.00,4
3444,9.9500,0.8418,1,60.00,5
3445,9.9800,0.8417,1,100.00,2
3446,-2.2500,0.8417,0,0.00,25
3447,8.8100,0.8416,1,15.79,19
3448,9.9900,0.8416,1,100.00,1
3449,9.8800,0.8416,1,25.00,12
3450,9.9900,0.8415,1,100.00,1
3451,9.9900,0.8415,1,100.00,1
3452,9.9500,0.8414,1,40.00,5
3453,9.8600,0.8414,1,21.43,14
3454,-0.2500,0.8413,0,0.00,25
3455,9.9900,0.8413,1,100.00,1
3456,9.9300,0.8413,1,14.29,7
3457,-2.2500,0.8412,0,0.00,25
3458,-0.2500,0.8412,0,0.00,25
3459,9.9000,0.8411,1,10.00,10
3460,9.2600,0.8411,1,8.33,24
3461,9.7700,0.8410,1,26.09,23
3462,9.7900,0.8410,1,14.29,21
3463,9.7700,0.8410,1,8.70,23
3464,9.8600,0.8409,1,35.71,14
3465,9.7700,0.8409,1,21.74,23
3466,9.9800,0.8408,1,100.00,2
3467,9.9900,0.8408,1,100.00,1
3468,9.9100,0.8408,1,33.33,9
3469,9.9800,0.8407,1,100.00,2
3470,9.9200,0.8407,1,25.00,8
3471,8.7900,0.8406,1,9.52,21
3472,-0.7500,0.8406,0,0.00,25
3473,9.9600,0.8405,1,75.00,4
3474,9.9800,0.8405,1,100.00,2
3475,9.3700,0.8405,1,15.38,13
3476,9.4400,0.8404,1,50.00,6
3477,-2.2500,0.8404,0,0.00,25
3478,9.8500,0.8403,1,13.33,15
3479,9.9900,0.8403,1,100.00,1
3480,9.9200,0.8403,1,37.50,8
3481,-1.7500,0.8402,0,0.00,25
3482,9.8600,0.8402,1,7.14,14
3483,9.9800,0.8401,1,100.00,2
3484,9.9500,0.8401,1,60.00,5
3485,9.3200,0.8400,1,11.11,18
3486,9.4300,0.8400,1,28.57,7
3487,9.9200,0.8400,1,37.50,8
3488,9.9000,0.8399,1,40.00,10
3489,9.3500,0.8399,1,20.00,15
3490,6.2500,0.8398,1,24.00,25
3491,9.9900,0.8398,1,100.00,1
3492,9.8900,0.8397,1,27.27,11
3493,9.8900,0.8397,1,18.18,11
3494,-1.7500,0.8397,0,0.00,25
3495,7.3000,0.8396,1,15.00,20
3496,9.9900,0.8396,1,100.00,1
3497,9.9800,0.8395,1,100.00,2
3498,-1.2500,0.8395,0,0.00,25
3499,9.9300,0.8395,1,28.57,7
3500,-1.2500,0.8394,0,0.00,25
3501,9.9900,0.8394,1,100.00,1
3502,9.9900,0.8393,1,100.00,1
3503,-4.2500,0.8393,0,0.00,25
3504,9.8700,0.8392,1,23.08,13
3505,-2.2500,0.8392,0,0.00,25
3506,-4.2500,0.8392,0,0.00,25
3507,9.9700,0.8391,1,33.33,3
3508,-2.2500,0.8391,0,0.00,25
3509,9.9800,0.8390,1,100.00,2
3510,-1.7500,0.8390,0,0.00,25
3511,9.9100,0.8389,1,22.22,9
3512,8.8400,0.8389,1,18.75,16
3513,9.9800,0.8389,1,100.00,2
3514,9.8700,0.8388,1,7.69,13
3515,9.9700,0.8388,1,100.00,3
3516,8.4000,0.8387,1,60.00,10
3517,8.8700,0.8387,1,46.15,13
3518,8.2700,0.8387,1,21.74,23
3519,9.9200,0.8386,1,12.50,8
3520,9.9400,0.8386,1,33.33,6
3521,-1.7500,0.8385,0,0.00,25
3522,9.9900,0.8385,1,100.00,1
3523,9.9900,0.8384,1,100.00,1
3524,8.8900,0.8384,1,54.55,11
3525,-1.7500,0.8384,0,0.00,25
3526,9.9900,0.8383,1,100.00,1
3527,-1.2500,0.8383,0,0.00,25
3528,8.8400,0.8382,1,18.75,16
3529,9.3400,0.8382,1,25.00,16
3530,8.8000,0.8382,1,15.00,20
3531,9.9800,0.8381,1,100.00,2
3532,9.9500,0.8381,1,40.00,5
3533,9.8900,0.8380,1,18.18,11
3534,9.9900,0.8380,1,100.00,1
3535,-0.7500,0.8379,0,0.00,25
3536,9.4000,0.8379,1,20.00,10
3537,9.9700,0.8379,1,100.00,3
3538,9.9600,0.8378,1,50.00,4
3539,9.8800,0.8378,1,50.00,12
3540,9.9700,0.8377,1,100.00,3
3541,8.3000,0.8377,1,5.00,20
3542,-0.2500,0.8377,0,0.00,25
3543,8.7500,0.8376,1,20.00,25
3544,9.7700,0.8376,1,8.70,23
3545,9.9700,0.8375,1,33.33,3
3546,9.9700,0.8375,1,100.00,3
3547,9.4700,0.8374,1,66.67,3
3548,9.3900,0.8374,1,27.27,11
3549,9.8800,0.8374,1,16.67,12
3550,-1.7500,0.8373,0,0.00,25
3551,8.9100,0.8373,1,55.56,9
3552,9.8100,0.8372,1,10.53,19
3553,9.3200,0.8372,1,11.11,18
3554,-3.2500,0.8371,0,0.00,25
3555,8.2700,0.8371,1,17.39,23
3556,9.4100,0.8371,1,33.33,9
3557,9.9800,0.8370,1,50.00,2
3558,9.9400,0.8370,1,50.00,6
3559,8.9100,0.8369,1,33.33,9
3560,9.9300,0.8369,1,42.86,7
3561,8.2500,0.8369,1,16.00,25
3562,9.7700,0.8368,1,13.04,23
3563,9.2800,0.8368,1,18.18,22
3564,9.9700,0.8367,1,33.33,3
3565,9.8800,0.8367,1,16.67,12
3566,-4.2500,0.8366,0,0.00,25
3567,9.9000,0.8366,1,20.00,10
3568,9.9300,0.8366,1,28.57,7
3569,9.9500,0.8365,1,60.00,5
3570,9.9600,0.8365,1,50.00,4
3571,9.9600,0.8364,1,50.00,4
3572,9.9000,0.8364,1,40.00,10
3573,9.8400,0.8364,1,12.50,16
3574,-0.2500,0.8363,0,0.00,25
3575,8.8700,0.8363,1,46.15,13
3576,9.9800,0.8362,1,100.00,2
3577,9.9800,0.8362,1,100.00,2
3578,8.3400,0.8361,1,31.25,16
3579,9.4100,0.8361,1,66.67,9
3580,-2.2500,0.8361,0,0.00,25
3581,8.3200,0.8360,1,33.33,18
3582,9.9800,0.8360,1,100.00,2
3583,9.3900,0.8359,1,45.45,11
3584,9.7900,0.8359,1,14.29,21
3585,-1.7500,0.8359,0,0.00,25
3586,9.8100,0.8358,1,10.53,19
3587,9.9100,0.8358,1,11.11,9
3588,9.9700,0.8357,1,66.67,3
3589,9.9900,0.8357,1,100.00,1
3590,8.9400,0.8356,1,33.33,6
3591,9.3900,0.8356,1,27.27,11
3592,-0.2500,0.8356,0,0.00,25
3593,-2.7500,0.8355,0,0.00,25
3594,9.9000,0.8355,1,20.00,10
3595,9.9700,0.8354,1,100.00,3
3596,9.7700,0.8354,1,17.39,23
3597,9.4300,0.8353,1,57.14,7
3598,9.8300,0.8353,1,11.76,17
3599,9.9900,0.8353,1,100.00,1
3600,9.8900,0.8352,1,27.27,11
3601,9.9300,0.8352,1,42.86,7
3602,9.9500,0.8351,1,40.00,5
3603,9.9100,0.8351,1,33.33,9
3604,6.3100,0.8351,1,26.32,19
3605,9.8900,0.8350,1,18.18,11
3606,-1.2500,0.8350,0,0.00,25
3607,9.9700,0.8349,1,100.00,3
3608,9.3000,0.8349,1,25.00,20
3609,9.9800,0.8348,1,100.00,2
3610,9.9500,0.8348,1,60.00,5
3611,9.9400,0.8348,1,33.33,6
3612,-2.7500,0.8347,0,0.00,25
3613,-3.7500,0.8347,0,0.00,25
3614,9.8800,0.8346,1,16.67,12
3615,-1.2500,0.8346,0,0.00,25
3616,8.9100,0.8346,1,33.33,9
3617,8.8600,0.8345,1,21.43,14
3618,8.8300,0.8345,1,11.76,17
3619,9.3300,0.8344,1,11.76,17
3620,7.3000,0.8344,1,20.00,20
3621,9.9000,0.8343,1,30.00,10
3622,-2.7500,0.8343,0,0.00,25
3623,9.9900,0.8343,1,100.00,1
3624,9.9900,0.8342,1,100.00,1
3625,-1.7500,0.8342,0,0.00,25
3626,-0.7500,0.8341,0,0.00,25
3627,9.8300,0.8341,1,17.65,17
3628,9.9500,0.8341,1,20.00,5
3629,9.9400,0.8340,1,50.00,6
3630,9.8700,0.8340,1,23.08,13
3631,-0.7500,0.8339,0,0.00,25
3632,8.7700,0.8339,1,13.04,23
3633,9.9600,0.8338,1,75.00,4
3634,-2.7500,0.8338,0,0.00,25
3635,9.4600,0.8338,1,75.00,4
3636,9.8000,0.8337,1,10.00,20
3637,8.4100,0.8337,1,55.56,9
3638,9.8700,0.8336,1,15.38,13
3639,9.9600,0.8336,1,75.00,4
3640,9.9000,0.8336,1,30.00,10
3641,9.9400,0.8335,1,33.33,6
3642,9.2700,0.8335,1,21.74,23
3643,9.7600,0.8334,1,16.67,24
3644,9.9800,0.8334,1,100.00,2
3645,8.9200,0.8333,1,25.00,8
3646,9.9400,0.8333,1,33.33,6
3647,9.8800,0.8333,1,25.00,12
3648,9.3900,0.8332,1,18.18,11
3649,-0.7500,0.8332,0,0.00,25
3650,9.9900,0.8331,1,100.00,1
3651,9.9900,0.8331,1,100.00,1
3652,-3.2500,0.8331,0,0.00,25
3653,9.8500,0.8330,1,20.00,15
3654,-2.2500,0.8330,0,0.00,25
3655,-2.7500,0.8329,0,0.00,25
3656,-3.2500,0.8329,0,0.00,25
3657,8.7800,0.8328,1,9.09,22
3658,9.8100,0.8328,1,15.79,19
3659,9.9400,0.8328,1,33.33,6
3660,9.9500,0.8327,1,60.00,5
3661,9.8800,0.8327,1,8.33,12
3662,9.9600,0.8326,1,50.00,4
3663,9.8600,0.8326,1,14.29,14
3664,9.9900,0.8326,1,100.00,1
3665,9.4100,0.8325,1,22.22,9
3666,9.9000,0.8325,1,30.00,10
3667,9.9400,0.8324,1,33.33,6
3668,8.2800,0.8324,1,18.18,22
3669,9.8200,0.8323,1,11.11,18
3670,-2.7500,0.8323,0,0.00,25
3671,9.9700,0.8323,1,33.33,3
3672,9.2600,0.8322,1,12.50,24
3673,-0.2500,0.8322,0,0.00,25
3674,8.2900,0.8321,1,23.81,21
3675,9.8000,0.8321,1,10.00,20
3676,9.8000,0.8321,1,25.00,20
3677,9.8900,0.8320,1,27.27,11
3678,9.8200,0.8320,1,33.33,18
3679,9.9900,0.8319,1,100.00,1
3680,9.9900,0.8319,1,100.00,1
3681,9.9500,0.8318,1,20.00,5
3682,-0.7500,0.8318,0,0.00,25
3683,9.9700,0.8318,1,100.00,3
3684,9.9200,0.8317,1,37.50,8
3685,7.8100,0.8317,1,15.79,19
3686,-0.7500,0.8316,0,0.00,25
3687,9.8100,0.8316,1,10.53,19
3688,6.3000,0.8316,1,30.00,20
3689,9.9200,0.8315,1,25.00,8
3690,8.3300,0.8315,1,29.41,17
3691,9.3200,0.8314,1,22.22,18
3692,-3.7500,0.8314,0,0.00,25
3693,8.8600,0.8313,1,28.57,14
3694,9.2700,0.8313,1,21.74,23
3695,8.8100,0.8313,1,31.58,19
3696,9.9700,0.8312,1,100.00,3
3697,9.9300,0.8312,1,42.86,7
3698,9.9400,0.8311,1,33.33,6
3699,-2.2500,0.8311,0,0.00,25
3700,-6.2500,0.8311,0,0.00,25
3701,9.2700,0.8310,1,17.39,23
3702,9.4300,0.8310,1,28.57,7
3703,9.3000,0.8309,1,25.00,20
3704,9.3000,0.8309,1,5.00,20
3705,9.9200,0.8309,1,37.50,8
3706,7.7600,0.8308,1,12.50,24
3707,9.9500,0.8308,1,40.00,5
3708,9.9400,0.8307,1,33.33,6
3709,-0.7500,0.8307,0,0.00,25
3710,-0.2500,0.8306,0,0.00,25
3711,9.3600,0.8306,1,21.43,14
3712,9.9800,0.8306,1,100.00,2
3713,-0.2500,0.8305,0,0.00,25
3714,9.8600,0.8305,1,28.57,14
3715,9.3900,0.8304,1,27.27,11
3716,-0.7500,0.8304,0,0.00,25
3717,-0.2500,0.8304,0,0.00,25
3718,8.8800,0.8303,1,33.33,12
3719,9.9400,0.8303,1,16.67,6
3720,9.8900,0.8302,1,27.27,11
3721,9.3900,0.8302,1,18.18,11
3722,9.3700,0.8301,1,23.08,13
3723,9.9800,0.8301,1,100.00,2
3724,-3.2500,0.8301,0,0.00,25
3725,9.9600,0.8300,1,50.00,4
3726,9.9700,0.8300,1,100.00,3
3727,8.8600,0.8299,1,28.57,14
3728,9.3400,0.8299,1,18.75,16
3729,9.9600,0.8299,1,100.00,4
3730,9.4100,0.8298,1,55.56,9
3731,9.9200,0.8298,1,37.50,8
3732,9.8700,0.8297,1,23.08,13
3733,-0.7500,0.8297,0,0.00,25
3734,-1.2500,0.8296,0,0.00,25
3735,7.2600,0.8296,1,25.00,24
3736,7.8800,0.8296,1,33.33,12
3737,9.9400,0.8295,1,33.33,6
3738,9.4700,0.8295,1,66.67,3
3739,9.9500,0.8294,1,40.00,5
3740,-2.7500,0.8294,0,0.00,25
3741,9.8400,0.8294,1,12.50,16
3742,9.9700,0.8293,1,66.67,3
3743,9.9600,0.8293,1,50.00,4
3744,9.7500,0.8292,1,8.00,25
3745,-2.7500,0.8292,0,0.00,25
3746,-0.7500,0.8291,0,0.00,25
3747,9.9100,0.8291,1,22.22,9
3748,8.9500,0.8291,1,60.00,5
3749,8.3100,0.8290,1,10.53,19
3750,9.8800,0.8290,1,25.00,12
3751,8.8200,0.8289,1,11.11,18
3752,8.7600,0.8289,1,12.50,24
3753,-1.2500,0.8289,0,0.00,25
3754,9.9900,0.8288,1,100.00,1
3755,-2.7500,0.8288,0,0.00,25
3756,9.9700,0.8287,1,100.00,3
3757,9.8600,0.8287,1,21.43,14
3758,8.3500,0.8287,1,40.00,15
3759,8.2600,0.8286,1,8.33,24
3760,-2.7500,0.8286,0,0.00,25
3761,9.9700,0.8285,1,100.00,3
3762,9.9300,0.8285,1,57.14,7
3763,9.9500,0.8284,1,40.00,5
3764,9.9800,0.8284,1,100.00,2
3765,-1.7500,0.8284,0,0.00,25
3766,9.9400,0.8283,1,16.67,6
3767,9.3900,0.8283,1,18.18,11
3768,9.9900,0.8282,1,100.00,1
3769,9.4300,0.8282,1,57.14,7
3770,9.8900,0.8282,1,18.18,11
3771,9.9500,0.8281,1,60.00,5
3772,9.9600,0.8281,1,50.00,4
3773,8.8000,0.8280,1,25.00,20
3774,9.3400,0.8280,1,25.00,16
3775,9.9800,0.8279,1,100.00,2
3776,9.3400,0.8279,1,12.50,16
3777,-0.2500,0.8279,0,0.00,25
3778,9.4000,0.8278,1,50.00,10
3779,9.3600,0.8278,1,7.14,14
3780,9.9300,0.8277,1,42.86,7
3781,9.9500,0.8277,1,60.00,5
3782,-3.7500,0.8277,0,0.00,25
3783,9.9500,0.8276,1,60.00,5
3784,9.9400,0.8276,1,33.33,6
3785,9.9300,0.8275,1,28.57,7
3786,9.9500,0.8275,1,40.00,5
3787,9.9600,0.8275,1,75.00,4
3788,9.4100,0.8274,1,33.33,9
3789,9.9800,0.8274,1,100.00,2
3790,8.3500,0.8273,1,6.67,15
3791,9.9600,0.8273,1,50.00,4
3792,9.9000,0.8272,1,30.00,10
3793,-3.2500,0.8272,0,0.00,25
3794,9.9900,0.8272,1,100.00,1
3795,8.4100,0.8271,1,22.22,9
3796,8.3000,0.8271,1,10.00,20
3797,9.9600,0.8270,1,50.00,4
3798,9.9700,0.8270,1,33.33,3
3799,9.4200,0.8270,1,37.50,8
3800,5.7700,0.8269,1,21.74,23
3801,9.9300,0.8269,1,14.29,7
3802,9.9600,0.8268,1,75.00,4
3803,9.9600,0.8268,1,25.00,4
3804,9.9700,0.8267,1,100.00,3
3805,9.3300,0.8267,1,17.65,17
3806,-3.7500,0.8267,0,0.00,25
3807,-4.7500,0.8266,0,0.00,25
3808,9.4300,0.8266,1,28.57,7
3809,-4.2500,0.8265,0,0.00,25
3810,9.8400,0.8265,1,18.75,16
3811,8.3900,0.8265,1,36.36,11
3812,9.4200,0.8264,1,37.50,8
3813,8.4000,0.8264,1,20.00,10
3814,9.3200,0.8263,1,27.78,18
3815,9.9800,0.8263,1,50.00,2
3816,9.9500,0.8263,1,60.00,5
3817,9.9500,0.8262,1,40.00,5
3818,9.8200,0.8262,1,5.56,18
3819,8.9100,0.8261,1,55.56,9
3820,9.3100,0.8261,1,10.53,19
3821,-1.2500,0.8260,0,0.00,25
3822,9.9100,0.8260,1,22.22,9
3823,9.9900,0.8260,1,100.00,1
3824,9.4200,0.8259,1,62.50,8
3825,9.8400,0.8259,1,6.25,16
3826,8.9200,0.8258,1,50.00,8
3827,9.9600,0.8258,1,50.00,4
3828,-3.2500,0.8258,0,0.00,25
3829,9.3200,0.8257,1,22.22,18
3830,8.9200,0.8257,1,25.00,8
3831,9.3200,0.8256,1,22.22,18
3832,6.2600,0.8256,1,12.50,24
3833,9.9900,0.8256,1,100.00,1
3834,9.9400,0.8255,1,33.33,6
3835,9.9000,0.8255,1,20.00,10
3836,9.3300,0.8254,1,29.41,17
3837,9.3200,0.8254,1,16.67,18
3838,9.4700,0.8253,1,66.67,3
3839,9.9800,0.8253,1,100.00,2
3840,-1.2500,0.8253,0,0.00,25
3841,9.9300,0.8252,1,28.57,7
3842,-3.7500,0.8252,0,0.00,25
3843,9.9900,0.8251,1,100.00,1
3844,9.9500,0.8251,1,60.00,5
3845,9.9200,0.8251,1,37.50,8
3846,9.9900,0.8250,1,100.00,1
3847,9.9500,0.8250,1,40.00,5
3848,9.8800,0.8249,1,8.33,12
3849,-3.7500,0.8249,0,0.00,25
3850,8.2700,0.8248,1,8.70,23
3851,-2.2500,0.8248,0,0.00,25
3852,-1.2500,0.8248,0,0.00,25
3853,9.9400,0.8247,1,33.33,6
3854,9.7800,0.8247,1,13.64,22
3855,-2.2500,0.8246,0,0.00,25
3856,-1.7500,0.8246,0,0.00,25
3857,9.9500,0.8246,1,40.00,5
3858,6.7800,0.8245,1,22.73,22
3859,9.9000,0.8245,1,50.00,10
3860,9.2600,0.8244,1,16.67,24
3861,9.4500,0.8244,1,40.00,5
3862,9.9600,0.8244,1,75.00,4
3863,9.8600,0.8243,1,14.29,14
3864,-1.7500,0.8243,0,0.00,25
3865,9.9700,0.8242,1,66.67,3
3866,9.9800,0.8242,1,100.00,2
3867,9.8700,0.8241,1,38.46,13
3868,9.9900,0.8241,1,100.00,1
3869,9.4600,0.8241,1,75.00,4
3870,9.9900,0.8240,1,100.00,1
3871,9.3600,0.8240,1,28.57,14
3872,9.2500,0.8239,1,16.00,25
3873,9.9300,0.8239,1,28.57,7
3874,-3.2500,0.8239,0,0.00,25
3875,-1.7500,0.8238,0,0.00,25
3876,9.3500,0.8238,1,26.67,15
3877,-0.2500,0.8237,0,0.00,25
3878,8.8000,0.8237,1,15.00,20
3879,9.9800,0.8237,1,100.00,2
3880,9.9500,0.8236,1,60.00,5
3881,8.7900,0.8236,1,14.29,21
3882,-0.7500,0.8235,0,0.00,25
3883,8.3700,0.8235,1,15.38,13
3884,8.8500,0.8234,1,26.67,15
3885,9.3600,0.8234,1,28.57,14
3886,9.9700,0.8234,1,100.00,3
3887,9.9100,0.8233,1,33.33,9
3888,9.3000,0.8233,1,5.00,20
3889,9.8200,0.8232,1,27.78,18
3890,9.8800,0.8232,1,16.67,12
3891,9.9600,0.8232,1,50.00,4
3892,9.7800,0.8231,1,13.64,22
3893,-1.7500,0.8231,0,0.00,25
3894,9.9500,0.8230,1,20.00,5
3895,9.9100,0.8230,1,11.11,9
3896,-3.2500,0.8230,0,0.00,25
3897,8.8700,0.8229,1,23.08,13
3898,8.8700,0.8229,1,23.08,13
3899,9.9600,0.8228,1,25.00,4
3900,8.9600,0.8228,1,50.00,4
3901,9.9900,0.8227,1,100.00,1
3902,9.9800,0.8227,1,100.00,2
3903,-4.2500,0.8227,0,0.00,25
3904,9.8800,0.8226,1,25.00,12
3905,9.9300,0.8226,1,28.57,7
3906,9.9700,0.8225,1,33.33,3
3907,9.8900,0.8225,1,18.18,11
3908,9.9800,0.8225,1,100.00,2
3909,9.9500,0.8224,1,60.00,5
3910,9.9200,0.8224,1,37.50,8
3911,9.8400,0.8223,1,12.50,16
3912,9.9700,0.8223,1,33.33,3
3913,-0.7500,0.8223,0,0.00,25
3914,9.9800,0.8222,1,100.00,2
3915,-2.7500,0.8222,0,0.00,25
3916,9.4100,0.8221,1,66.67,9
3917,9.9300,0.8221,1,28.57,7
3918,-3.2500,0.8220,0,0.00,25
3919,-1.2500,0.8220,0,0.00,25
3920,-1.7500,0.8220,0,0.00,25
3921,9.9300,0.8219,1,28.57,7
3922,9.9300,0.8219,1,42.86,7
3923,9.9900,0.8218,1,100.00,1
3924,-4.7500,0.8218,0,0.00,25
3925,9.9600,0.8218,1,25.00,4
3926,9.9100,0.8217,1,22.22,9
3927,-0.7500,0.8217,0,0.00,25
3928,8.3500,0.8216,1,20.00,15
3929,9.9600,0.8216,1,50.00,4
3930,9.9400,0.8216,1,33.33,6
3931,9.3500,0.8215,1,13.33,15
3932,6.3300,0.8215,1,11.76,17
3933,9.4700,0.8214,1,66.67,3
3934,9.9500,0.8214,1,60.00,5
3935,9.9300,0.8214,1,42.86,7
3936,9.9500,0.8213,1,20.00,5
3937,9.9800,0.8213,1,50.00,2
3938,-1.7500,0.8212,0,0.00,25
3939,9.9500,0.8212,1,40.00,5
3940,9.9400,0.8211,1,16.67,6
3941,9.3200,0.8211,1,22.22,18
3942,9.9400,0.8211,1,16.67,6
3943,9.9200,0.8210,1,25.00,8
3944,8.2800,0.8210,1,13.64,22
3945,9.9900,0.8209,1,100.00,1
3946,9.8300,0.8209,1,35.29,17
3947,9.9600,0.8209,1,50.00,4
3948,-0.2500,0.8208,0,0.00,25
3949,9.9300,0.8208,1,28.57,7
3950,9.3900,0.8207,1,45.45,11
3951,9.9500,0.8207,1,60.00,5
3952,9.9200,0.8207,1,25.00,8
3953,9.9100,0.8206,1,33.33,9
3954,9.3800,0.8206,1,41.67,12
3955,9.7800,0.8205,1,13.64,22
3956,9.4600,0.8205,1,75.00,4
3957,-1.2500,0.8204,0,0.00,25
3958,9.4600,0.8204,1,75.00,4
3959,8.9400,0.8204,1,33.33,6
3960,-1.2500,0.8203,0,0.00,25
3961,9.9800,0.8203,1,100.00,2
3962,9.9800,0.8202,1,50.00,2
3963,8.8500,0.8202,1,33.33,15
3964,7.7600,0.8202,1,25.00,24
3965,9.8300,0.8201,1,17.65,17
3966,9.9400,0.8201,1,33.33,6
3967,9.7700,0.8200,1,13.04,23
3968,9.3900,0.8200,1,27.27,11
3969,8.8800,0.8200,1,41.67,12
3970,8.3600,0.8199,1,35.71,14
3971,9.9000,0.8199,1,20.00,10
3972,9.9900,0.8198,1,100.00,1
3973,9.9600,0.8198,1,50.00,4
3974,-1.7500,0.8198,0,0.00,25
3975,9.7500,0.8197,1,8.00,25
3976,-3.2500,0.8197,0,0.00,25
3977,-1.7500,0.8196,0,0.00,25
3978,9.9200,0.8196,1,37.50,8
3979,7.8700,0.8195,1,23.08,13
3980,-2.7500,0.8195,0,0.00,25
3981,-4.7500,0.8195,0,0.00,25
3982,9.9800,0.8194,1,100.00,2
3983,9.2700,0.8194,1,17.39,23
3984,9.4500,0.8193,1,40.00,5
3985,8.8400,0.8193,1,18.75,16
3986,-0.7500,0.8193,0,0.00,25
3987,-2.2500,0.8192,0,0.00,25
3988,9.9600,0.8192,1,75.00,4
3989,9.9600,0.8191,1,75.00,4
3990,-0.2500,0.8191,0,0.00,25
3991,7.2500,0.8191,1,12.00,25
3992,7.3800,0.8190,1,41.67,12
3993,-3.2500,0.8190,0,0.00,25
3994,8.2700,0.8189,1,17.39,23
3995,-2.2500,0.8189,0,0.00,25
3996,9.9400,0.8188,1,33.33,6
3997,7.8800,0.8188,1,16.67,12
3998,9.9800,0.8188,1,100.00,2
3999,9.9800,0.8187,1,100.00,2
4000,9.4500,0.8187,1,40.00,5
4001,9.9900,0.8186,1,100.00,1
4002,9.9700,0.8186,1,100.00,3
4003,9.8400,0.8186,1,31.25,16
4004,9.4500,0.8185,1,60.00,5
4005,-1.7500,0.8185,0,0.00,25
4006,-2.2500,0.8184,0,0.00,25
4007,5.8300,0.8184,1,29.41,17
4008,9.9600,0.8184,1,50.00,4
4009,9.8900,0.8183,1,27.27,11
4010,8.8000,0.8183,1,20.00,20
4011,9.9900,0.8182,1,100.00,1
4012,9.4600,0.8182,1,75.00,4
4013,9.9500,0.8182,1,60.00,5
4014,-3.7500,0.8181,0,0.00,25
4015,9.9300,0.8181,1,71.43,7
4016,9.9600,0.8180,1,100.00,4
4017,9.8000,0.8180,1,15.00,20
4018,9.9400,0.8179,1,83.33,6
4019,-4.2500,0.8179,0,0.00,25
4020,9.8400,0.8179,1,18.75,16
4021,7.7800,0.8178,1,27.27,22
4022,9.7500,0.8178,1,24.00,25
4023,9.8600,0.8177,1,7.14,14
4024,9.3600,0.8177,1,14.29,14
4025,-1.2500,0.8177,0,0.00,25
4026,8.8100,0.8176,1,15.79,19
4027,7.8000,0.8176,1,25.00,20
4028,9.9100,0.8175,1,22.22,9
4029,-2.7500,0.8175,0,0.00,25
4030,9.8700,0.8175,1,7.69,13
4031,9.9700,0.8174,1,100.00,3
4032,9.7900,0.8174,1,9.52,21
4033,9.9200,0.8173,1,50.00,8
4034,8.3900,0.8173,1,27.27,11
4035,-0.2500,0.8173,0,0.00,25
4036,9.9400,0.8172,1,33.33,6
4037,-0.7500,0.8172,0,0.00,25
4038,9.8900,0.8171,1,36.36,11
4039,8.9200,0.8171,1,50.00,8
4040,9.8400,0.8170,1,25.00,16
4041,9.9500,0.8170,1,40.00,5
4042,-2.2500,0.8170,0,0.00,25
4043,8.9300,0.8169,1,28.57,7
4044,-3.7500,0.8169,0,0.00,25
4045,9.9800,0.8168,1,100.00,2
4046,9.8600,0.8168,1,21.43,14
4047,8.3600,0.8168,1,42.86,14
4048,9.9200,0.8167,1,62.50,8
4049,9.8800,0.8167,1,16.67,12
4050,-1.7500,0.8166,0,0.00,25
4051,9.3500,0.8166,1,26.67,15
4052,9.9800,0.8166,1,100.00,2
4053,9.9400,0.8165,1,50.00,6
4054,9.9900,0.8165,1,100.00,1
4055,9.9800,0.8164,1,100.00,2
4056,9.8600,0.8164,1,14.29,14
4057,9.8500,0.8164,1,20.00,15
4058,9.9300,0.8163,1,42.86,7
4059,9.9500,0.8163,1,60.00,5
4060,9.9400,0.8162,1,83.33,6
4061,-1.7500,0.8162,0,0.00,25
4062,9.9600,0.8162,1,50.00,4
4063,9.9000,0.8161,1,30.00,10
4064,8.8700,0.8161,1,23.08,13
4065,9.9700,0.8160,1,33.33,3
4066,-1.2500,0.8160,0,0.00,25
4067,9.7600,0.8159,1,12.50,24
4068,9.4000,0.8159,1,30.00,10
4069,6.8700,0.8159,1,7.69,13
4070,9.9900,0.8158,1,100.00,1
4071,9.8700,0.8158,1,15.38,13
4072,9.7900,0.8157,1,14.29,21
4073,9.9500,0.8157,1,20.00,5
4074,9.9300,0.8157,1,42.86,7
4075,9.7800,0.8156,1,13.64,22
4076,9.9700,0.8156,1,33.33,3
4077,9.9400,0.8155,1,16.67,6
4078,9.9700,0.8155,1,66.67,3
4079,8.8000,0.8155,1,25.00,20
4080,9.9500,0.8154,1,60.00,5
4081,8.9400,0.8154,1,33.33,6
4082,9.4500,0.8153,1,40.00,5
4083,9.9000,0.8153,1,30.00,10
4084,9.9000,0.8153,1,20.00,10
4085,9.8700,0.8152,1,15.38,13
4086,9.4700,0.8152,1,66.67,3
4087,9.9700,0.8151,1,66.67,3
4088,8.3500,0.8151,1,20.00,15
4089,9.9800,0.8151,1,100.00,2
4090,9.9800,0.8150,1,100.00,2
4091,9.9600,0.8150,1,75.00,4
4092,9.9800,0.8149,1,100.00,2
4093,-3.2500,0.8149,0,0.00,25
4094,9.9800,0.8148,1,100.00,2
4095,8.8100,0.8148,1,21.05,19
4096,9.9400,0.8148,1,33.33,6
4097,9.4400,0.8147,1,16.67,6
4098,7.8900,0.8147,1,9.09,11
4099,9.4500,0.8146,1,40.00,5
4100,8.7800,0.8146,1,18.18,22
4101,9.9700,0.8146,1,66.67,3
4102,9.2900,0.8145,1,9.52,21
4103,-0.2500,0.8145,0,0.00,25
4104,9.8700,0.8144,1,15.38,13
4105,9.8500,0.8144,1,13.33,15
4106,9.9000,0.8144,1,20.00,10
4107,-4.2500,0.8143,0,0.00,25
4108,7.7700,0.8143,1,21.74,23
4109,9.9700,0.8142,1,33.33,3
4110,9.9200,0.8142,1,37.50,8
4111,9.9800,0.8142,1,100.00,2
4112,9.9300,0.8141,1,71.43,7
4113,9.8500,0.8141,1,13.33,15
4114,9.9700,0.8140,1,100.00,3
4115,-5.7500,0.8140,0,0.00,25
4116,-0.2500,0.8140,0,0.00,25
4117,9.4500,0.8139,1,40.00,5
4118,9.3200,0.8139,1,11.11,18
4119,-0.7500,0.8138,0,0.00,25
4120,9.3500,0.8138,1,20.00,15
4121,9.9300,0.8137,1,57.14,7
4122,9.9900,0.8137,1,100.00,1
4123,-0.7500,0.8137,0,0.00,25
4124,9.9300,0.8136,1,42.86,7
4125,9.9000,0.8136,1,30.00,10
4126,9.8500,0.8135,1,6.67,15
4127,8.9200,0.8135,1,50.00,8
4128,-0.7500,0.8135,0,0.00,25
4129,-1.2500,0.8134,0,0.00,25
4130,9.3100,0.8134,1,21.05,19
4131,9.9800,0.8133,1,100.00,2
4132,9.9700,0.8133,1,100.00,3
4133,8.8600,0.8133,1,28.57,14
4134,9.8900,0.8132,1,18.18,11
4135,9.9300,0.8132,1,42.86,7
4136,-0.7500,0.8131,0,0.00,25
4137,9.9600,0.8131,1,25.00,4
4138,9.9900,0.8131,1,100.00,1
4139,9.8600,0.8130,1,42.86,14
4140,9.8100,0.8130,1,15.79,19
4141,9.3800,0.8129,1,25.00,12
4142,-2.7500,0.8129,0,0.00,25
4143,-1.2500,0.8129,0,0.00,25
4144,9.9500,0.8128,1,60.00,5
4145,9.9400,0.8128,1,50.00,6
4146,9.9900,0.8127,1,100.00,1
4147,-2.7500,0.8127,0,0.00,25
4148,9.8700,0.8126,1,23.08,13
4149,9.2700,0.8126,1,8.70,23
4150,9.3900,0.8126,1,9.09,11
4151,9.4300,0.8125,1,57.14,7
4152,-1.7500,0.8125,0,0.00,25
4153,8.8700,0.8124,1,23.08,13
4154,-1.7500,0.8124,0,0.00,25
4155,9.9100,0.8124,1,33.33,9
4156,9.3700,0.8123,1,38.46,13
4157,-0.7500,0.8123,0,0.00,25
4158,9.9700,0.8122,1,66.67,3
4159,9.9900,0.8122,1,100.00,1
4160,9.8700,0.8122,1,15.38,13
4161,7.4100,0.8121,1,22.22,9
4162,9.9400,0.8121,1,33.33,6
4163,9.8600,0.8120,1,28.57,14
4164,-0.7500,0.8120,0,0.00,25
4165,9.4600,0.8120,1,25.00,4
4166,9.9500,0.8119,1,40.00,5
4167,-0.7500,0.8119,0,0.00,25
4168,8.8800,0.8118,1,16.67,12
4169,9.9800,0.8118,1,100.00,2
4170,8.3100,0.8118,1,21.05,19
4171,8.9300,0.8117,1,14.29,7
4172,9.9900,0.8117,1,100.00,1
4173,8.7600,0.8116,1,16.67,24
4174,9.9800,0.8116,1,100.00,2
4175,9.9900,0.8116,1,100.00,1
4176,8.7600,0.8115,1,16.67,24
4177,9.9700,0.8115,1,100.00,3
4178,9.4300,0.8114,1,28.57,7
4179,9.8400,0.8114,1,12.50,16
4180,9.9900,0.8114,1,100.00,1
4181,9.4200,0.8113,1,12.50,8
4182,9.9100,0.8113,1,22.22,9
4183,7.7900,0.8112,1,23.81,21
4184,9.9900,0.8112,1,100.00,1
4185,9.2600,0.8111,1,8.33,24
4186,9.3400,0.8111,1,31.25,16
4187,9.9800,0.8111,1,100.00,2
4188,9.3600,0.8110,1,14.29,14
4189,-3.7500,0.8110,0,0.00,25
4190,9.8600,0.8109,1,7.14,14
4191,9.9300,0.8109,1,28.57,7
4192,9.9700,0.8109,1,100.00,3
4193,8.8000,0.8108,1,25.00,20
4194,9.9800,0.8108,1,100.00,2
4195,9.9300,0.8107,1,14.29,7
4196,7.2800,0.8107,1,22.73,22
4197,-1.2500,0.8107,0,0.00,25
4198,-0.2500,0.8106,0,0.00,25
4199,9.8400,0.8106,1,12.50,16
4200,9.8400,0.8105,1,12.50,16
4201,9.9600,0.8105,1,50.00,4
4202,9.8600,0.8105,1,14.29,14
4203,-0.2500,0.8104,0,0.00,25
4204,8.3800,0.8104,1,41.67,12
4205,9.9900,0.8103,1,100.00,1
4206,-0.2500,0.8103,0,0.00,25
4207,-0.7500,0.8103,0,0.00,25
4208,9.9900,0.8102,1,100.00,1
4209,-1.2500,0.8102,0,0.00,25
4210,9.3100,0.8101,1,31.58,19
4211,8.2500,0.8101,1,20.00,25
4212,9.7900,0.8101,1,23.81,21
4213,9.9800,0.8100,1,100.00,2
4214,9.9500,0.8100,1,60.00,5
4215,9.9300,0.8099,1,14.29,7
4216,9.9900,0.8099,1,100.00,1
4217,-2.7500,0.8099,0,0.00,25
4218,9.8600,0.8098,1,14.29,14
4219,9.9600,0.8098,1,50.00,4
4220,9.9100,0.8097,1,11.11,9
4221,9.8900,0.8097,1,18.18,11
4222,9.9800,0.8096,1,100.00,2
4223,9.9800,0.8096,1,100.00,2
4224,9.7800,0.8096,1,13.64,22
4225,8.8600,0.8095,1,14.29,14
4226,-0.2500,0.8095,0,0.00,25
4227,9.9700,0.8094,1,33.33,3
4228,9.8800,0.8094,1,25.00,12
4229,9.8700,0.8094,1,15.38,13
4230,9.9400,0.8093,1,16.67,6
4231,-0.7500,0.8093,0,0.00,25
4232,9.9400,0.8092,1,50.00,6
4233,9.2500,0.8092,1,16.00,25
4234,9.9100,0.8092,1,33.33,9
4235,8.2500,0.8091,1,12.00,25
4236,9.9900,0.8091,1,100.00,1
4237,9.9700,0.8090,1,100.00,3
4238,9.3900,0.8090,1,27.27,11
4239,9.8400,0.8090,1,6.25,16
4240,9.9200,0.8089,1,62.50,8
4241,9.8300,0.8089,1,11.76,17
4242,9.4500,0.8088,1,40.00,5
4243,-3.2500,0.8088,0,0.00,25
4244,9.8700,0.8088,1,7.69,13
4245,8.4100,0.8087,1,44.44,9
4246,9.8500,0.8087,1,6.67,15
4247,8.8400,0.8086,1,25.00,16
4248,9.9400,0.8086,1,33.33,6
4249,6.8000,0.8086,1,25.00,20
4250,-1.7500,0.8085,0,0.00,25
4251,9.8900,0.8085,1,9.09,11
4252,9.9800,0.8084,1,100.00,2
4253,9.9100,0.8084,1,22.22,9
4254,9.9600,0.8084,1,75.00,4
4255,9.9400,0.8083,1,33.33,6
4256,9.9100,0.8083,1,33.33,9
4257,9.9700,0.8082,1,33.33,3
4258,9.4500,0.8082,1,40.00,5
4259,9.9500,0.8082,1,60.00,5
4260,8.9000,0.8081,1,50.00,10
4261,9.8900,0.8081,1,18.18,11
4262,9.9400,0.8080,1,33.33,6
4263,9.9600,0.8080,1,50.00,4
4264,9.9300,0.8079,1,42.86,7
4265,9.3700,0.8079,1,23.08,13
4266,8.9400,0.8079,1,33.33,6
4267,9.8100,0.8078,1,15.79,19
4268,9.9100,0.8078,1,33.33,9
4269,-3.2500,0.8077,0,0.00,25
4270,9.9600,0.8077,1,50.00,4
4271,-3.2500,0.8077,0,0.00,25
4272,-1.2500,0.8076,0,0.00,25
4273,9.9100,0.8076,1,33.33,9
4274,9.9800,0.8075,1,100.00,2
4275,9.8800,0.8075,1,25.00,12
4276,9.8400,0.8075,1,31.25,16
4277,9.9700,0.8074,1,66.67,3
4278,-2.2500,0.8074,0,0.00,25
4279,9.9300,0.8073,1,71.43,7
4280,9.9900,0.8073,1,100.00,1
4281,9.9500,0.8073,1,20.00,5
4282,9.9700,0.8072,1,33.33,3
4283,9.9200,0.8072,1,62.50,8
4284,9.8300,0.8071,1,11.76,17
4285,8.2500,0.8071,1,20.00,25
4286,7.3400,0.8071,1,18.75,16
4287,9.9800,0.8070,1,100.00,2
4288,8.3400,0.8070,1,37.50,16
4289,9.3500,0.8069,1,33.33,15
4290,8.8400,0.8069,1,18.75,16
4291,9.9100,0.8069,1,22.22,9
4292,8.7700,0.8068,1,13.04,23
4293,-0.7500,0.8068,0,0.00,25
4294,9.9200,0.8067,1,50.00,8
4295,-2.2500,0.8067,0,0.00,25
4296,9.9800,0.8067,1,100.00,2
4297,-0.7500,0.8066,0,0.00,25
4298,9.9700,0.8066,1,66.67,3
4299,9.9600,0.8065,1,50.00,4
4300,9.9800,0.8065,1,100.00,2
4301,9.4600,0.8065,1,75.00,4
4302,8.9500,0.8064,1,60.00,5
4303,9.8500,0.8064,1,13.33,15
4304,9.8100,0.8063,1,10.53,19
4305,9.9300,0.8063,1,28.57,7
4306,9.9700,0.8063,1,33.33,3
4307,9.9500,0.8062,1,60.00,5
4308,9.8200,0.8062,1,5.56,18
4309,-1.2500,0.8061,0,0.00,25
4310,9.3800,0.8061,1,33.33,12
4311,8.3800,0.8061,1,25.00,12
4312,9.8800,0.8060,1,16.67,12
4313,9.4700,0.8060,1,66.67,3
4314,9.9300,0.8059,1,28.57,7
4315,9.9600,0.8059,1,50.00,4
4316,9.9100,0.8059,1,22.22,9
4317,9.8200,0.8058,1,11.11,18
4318,9.8800,0.8058,1,25.00,12
4319,9.3500,0.8057,1,13.33,15
4320,8.8300,0.8057,1,17.65,17
4321,7.2600,0.8057,1,8.33,24
4322,9.9100,0.8056,1,33.33,9
4323,8.9000,0.8056,1,20.00,10
4324,-1.2500,0.8055,0,0.00,25
4325,9.9700,0.8055,1,100.00,3
4326,9.9500,0.8054,1,60.00,5
4327,9.9000,0.8054,1,20.00,10
4328,7.8400,0.8054,1,31.25,16
4329,7.3900,0.8053,1,27.27,11
4330,9.4400,0.8053,1,50.00,6
4331,-1.2500,0.8052,0,0.00,25
4332,9.9700,0.8052,1,33.33,3
4333,9.9300,0.8052,1,42.86,7
4334,9.9400,0.8051,1,33.33,6
4335,9.8900,0.8051,1,18.18,11
4336,8.3600,0.8050,1,7.14,14
4337,9.2900,0.8050,1,9.52,21
4338,9.9300,0.8050,1,28.57,7
4339,9.9100,0.8049,1,11.11,9
4340,9.4700,0.8049,1,66.67,3
4341,-0.7500,0.8048,0,0.00,25
4342,-4.2500,0.8048,0,0.00,25
4343,9.9300,0.8048,1,14.29,7
4344,9.3800,0.8047,1,25.00,12
4345,9.9400,0.8047,1,33.33,6
4346,9.8300,0.8046,1,17.65,17
4347,8.9000,0.8046,1,20.00,10
4348,8.8800,0.8046,1,33.33,12
4349,-3.7500,0.8045,0,0.00,25
4350,8.3800,0.8045,1,8.33,12
4351,-1.7500,0.8044,0,0.00,25
4352,9.9000,0.8044,1,30.00,10
4353,9.4000,0.8044,1,10.00,10
4354,9.4500,0.8043,1,80.00,5
4355,9.8100,0.8043,1,15.79,19
4356,8.9300,0.8042,1,42.86,7
4357,9.2500,0.8042,1,16.00,25
4358,9.9800,0.8042,1,100.00,2
4359,9.9100,0.8041,1,33.33,9
4360,7.8100,0.8041,1,15.79,19
4361,9.9500,0.8040,1,20.00,5
4362,9.8600,0.8040,1,28.57,14
4363,9.9500,0.8040,1,60.00,5
4364,9.9100,0.8039,1,22.22,9
4365,8.8800,0.8039,1,50.00,12
4366,-1.7500,0.8038,0,0.00,25
4367,9.9600,0.8038,1,50.00,4
4368,9.9700,0.8038,1,66.67,3
4369,7.3900,0.8037,1,36.36,11
4370,6.2600,0.8037,1,12.50,24
4371,9.9600,0.8036,1,50.00,4
4372,9.9600,0.8036,1,50.00,4
4373,9.9800,0.8036,1,100.00,2
4374,9.9100,0.8035,1,22.22,9
4375,9.9500,0.8035,1,40.00,5
4376,8.3200,0.8034,1,11.11,18
4377,9.9400,0.8034,1,66.67,6
4378,9.8700,0.8034,1,7.69,13
4379,-1.7500,0.8033,0,0.00,25
4380,9.8600,0.8033,1,21.43,14
4381,-0.2500,0.8032,0,0.00,25
4382,9.9800,0.8032,1,100.00,2
4383,8.3300,0.8032,1,11.76,17
4384,8.7700,0.8031,1,17.39,23
4385,9.3500,0.8031,1,20.00,15
4386,9.9900,0.8030,1,100.00,1
4387,9.9200,0.8030,1,37.50,8
4388,8.8500,0.8030,1,6.67,15
4389,9.9500,0.8029,1,20.00,5
4390,-1.2500,0.8029,0,0.00,25
4391,8.8300,0.8028,1,5.88,17
4392,9.9400,0.8028,1,66.67,6
4393,7.2500,0.8028,1,20.00,25
4394,9.9500,0.8027,1,60.00,5
4395,9.9700,0.8027,1,33.33,3
4396,8.3900,0.8026,1,18.18,11
4397,9.9700,0.8026,1,33.33,3
4398,9.8900,0.8026,1,18.18,11
4399,9.9800,0.8025,1,100.00,2
4400,9.2700,0.8025,1,8.70,23
4401,-3.7500,0.8024,0,0.00,25
4402,8.3600,0.8024,1,21.43,14
4403,-0.2500,0.8024,0,0.00,25
4404,9.8400,0.8023,1,25.00,16
4405,-3.2500,0.8023,0,0.00,25
4406,9.4300,0.8022,1,28.57,7
4407,9.9900,0.8022,1,100.00,1
4408,9.9400,0.8022,1,33.33,6
4409,9.8700,0.8021,1,15.38,13
4410,9.9800,0.8021,1,100.00,2
4411,9.9900,0.8020,1,100.00,1
4412,9.8000,0.8020,1,5.00,20
4413,9.8300,0.8020,1,11.76,17
4414,9.9500,0.8019,1,60.00,5
4415,9.9900,0.8019,1,100.00,1
4416,8.9400,0.8018,1,33.33,6
4417,8.8200,0.8018,1,33.33,18
4418,9.9100,0.8018,1,33.33,9
4419,7.3700,0.8017,1,30.77,13
4420,9.9500,0.8017,1,40.00,5
4421,9.9900,0.8016,1,100.00,1
4422,8.8100,0.8016,1,10.53,19
4423,8.9400,0.8016,1,33.33,6
4424,9.9800,0.8015,1,100.00,2
4425,-3.2500,0.8015,0,0.00,25
4426,8.8300,0.8014,1,11.76,17
4427,-2.2500,0.8014,0,0.00,25
4428,9.9900,0.8014,1,100.00,1
4429,9.9200,0.8013,1,62.50,8
4430,9.9700,0.8013,1,100.00,3
4431,9.9200,0.8012,1,12.50,8
4432,9.9500,0.8012,1,40.00,5
4433,9.9400,0.8012,1,33.33,6
4434,9.9700,0.8011,1,100.00,3
4435,9.4400,0.8011,1,33.33,6
4436,9.9600,0.8010,1,50.00,4
4437,9.9600,0.8010,1,100.00,4
4438,8.8700,0.8010,1,23.08,13
4439,9.9200,0.8009,1,25.00,8
4440,9.9000,0.8009,1,20.00,10
4441,9.9900,0.8008,1,100.00,1
4442,9.8800,0.8008,1,25.00,12
4443,9.2700,0.8008,1,17.39,23
4444,8.9200,0.8007,1,75.00,8
4445,8.8300,0.8007,1,11.76,17
4446,9.9300,0.8006,1,42.86,7
4447,9.2700,0.8006,1,21.74,23
4448,9.9400,0.8006,1,33.33,6
4449,-2.2500,0.8005,0,0.00,25
4450,9.9700,0.8005,1,33.33,3
4451,9.8800,0.8004,1,16.67,12
4452,-0.2500,0.8004,0,0.00,25
4453,9.9700,0.8004,1,100.00,3
4454,-2.7500,0.8003,0,0.00,25
4455,9.7900,0.8003,1,9.52,21
4456,9.9600,0.8002,1,50.00,4
4457,9.9900,0.8002,1,100.00,1
4458,8.9200,0.8002,1,25.00,8
4459,9.8700,0.8001,1,23.08,13
4460,9.9600,0.8001,1,50.00,4
4461,9.9900,0.8000,1,100.00,1
4462,9.2800,0.8000,1,22.73,22
4463,9.9800,0.8000,1,100.00,2
4464,9.9300,0.7999,1,42.86,7
4465,9.8500,0.7999,1,6.67,15
4466,9.8100,0.7998,1,15.79,19
4467,9.9400,0.7998,1,33.33,6
4468,9.4300,0.7998,1,28.57,7
4469,-0.2500,0.7997,0,0.00,25
4470,9.9900,0.7997,1,100.00,1
4471,9.9800,0.7996,1,100.00,2
4472,9.4500,0.7996,1,40.00,5
4473,9.9900,0.7996,1,100.00,1
4474,9.9800,0.7995,1,100.00,2
4475,9.4200,0.7995,1,37.50,8
4476,9.3600,0.7994,1,14.29,14
4477,7.7600,0.7994,1,12.50,24
4478,9.4500,0.7994,1,40.00,5
4479,9.9400,0.7993,1,33.33,6
4480,9.9300,0.7993,1,14.29,7
4481,9.4100,0.7992,1,55.56,9
4482,9.9700,0.7992,1,100.00,3
4483,7.3300,0.7992,1,29.41,17
4484,9.9800,0.7991,1,100.00,2
4485,9.8200,0.7991,1,5.56,18
4486,-2.2500,0.7990,0,0.00,25
4487,-2.2500,0.7990,0,0.00,25
4488,9.8900,0.7990,1,18.18,11
4489,7.8400,0.7989,1,25.00,16
4490,9.8800,0.7989,1,33.33,12
4491,-1.7500,0.7988,0,0.00,25
4492,-3.7500,0.7988,0,0.00,25
4493,-0.2500,0.7988,0,0.00,25
4494,9.8800,0.7987,1,25.00,12
4495,9.9700,0.7987,1,100.00,3
4496,8.8100,0.7986,1,15.79,19
4497,9.9900,0.7986,1,100.00,1
4498,9.9700,0.7986,1,66.67,3
4499,9.9500,0.7985,1,20.00,5
4500,9.9400,0.7985,1,33.33,6
4501,9.9900,0.7984,1,100.00,1
4502,8.8700,0.7984,1,46.15,13
4503,-0.2500,0.7984,0,0.00,25
4504,9.9600,0.7983,1,75.00,4
4505,9.8800,0.7983,1,16.67,12
4506,-0.2500,0.7982,0,0.00,25
4507,9.8600,0.7982,1,21.43,14
4508,9.9400,0.7982,1,33.33,6
4509,8.9200,0.7981,1,62.50,8
4510,9.9900,0.7981,1,100.00,1
4511,9.9900,0.7980,1,100.00,1
4512,9.9300,0.7980,1,71.43,7
4513,9.9500,0.7980,1,60.00,5
4514,8.9100,0.7979,1,33.33,9
4515,9.9300,0.7979,1,28.57,7
4516,-2.7500,0.7978,0,0.00,25
4517,-0.2500,0.7978,0,0.00,25
4518,9.9600,0.7978,1,50.00,4
4519,9.9600,0.7977,1,50.00,4
4520,9.9900,0.7977,1,100.00,1
4521,-3.2500,0.7976,0,0.00,25
4522,9.9800,0.7976,1,100.00,2
4523,8.8200,0.7976,1,27.78,18
4524,9.9600,0.7975,1,75.00,4
4525,9.8900,0.7975,1,18.18,11
4526,9.9600,0.7974,1,50.00,4
4527,9.9700,0.7974,1,66.67,3
4528,9.8400,0.7974,1,18.75,16
4529,9.4700,0.7973,1,66.67,3
4530,9.9200,0.7973,1,25.00,8
4531,9.9700,0.7972,1,100.00,3
4532,9.9200,0.7972,1,25.00,8
4533,-1.2500,0.7972,0,0.00,25
4534,9.9400,0.7971,1,50.00,6
4535,9.9000,0.7971,1,30.00,10
4536,-2.2500,0.7970,0,0.00,25
4537,8.8500,0.7970,1,6.67,15
4538,9.9800,0.7970,1,100.00,2
4539,8.8600,0.7969,1,14.29,14
4540,9.9900,0.7969,1,100.00,1
4541,9.9200,0.7968,1,25.00,8
4542,9.9600,0.7968,1,75.00,4
4543,9.8800,0.7968,1,8.33,12
4544,9.9800,0.7967,1,100.00,2
4545,9.9600,0.7967,1,50.00,4
4546,9.9500,0.7966,1,60.00,5
4547,9.9600,0.7966,1,75.00,4
4548,9.9900,0.7966,1,100.00,1
4549,9.9900,0.7965,1,100.00,1
4550,9.9700,0.7965,1,33.33,3
4551,9.9100,0.7964,1,33.33,9
4552,7.2800,0.7964,1,18.18,22
4553,9.9300,0.7964,1,71.43,7
4554,7.3100,0.7963,1,10.53,19
4555,9.9500,0.7963,1,20.00,5
4556,9.9900,0.7962,1,100.00,1
4557,9.8600,0.7962,1,21.43,14
4558,8.8300,0.7962,1,23.53,17
4559,9.9500,0.7961,1,60.00,5
4560,9.9800,0.7961,1,100.00,2
4561,8.2500,0.7960,1,12.00,25
4562,9.9500,0.7960,1,40.00,5
4563,9.8300,0.7960,1,11.76,17
4564,9.9100,0.7959,1,33.33,9
4565,9.9400,0.7959,1,33.33,6
4566,-1.2500,0.7958,0,0.00,25
4567,9.8500,0.7958,1,26.67,15
4568,9.9300,0.7958,1,71.43,7
4569,9.3900,0.7957,1,27.27,11
4570,9.9500,0.7957,1,60.00,5
4571,8.2800,0.7956,1,13.64,22
4572,9.9900,0.7956,1,100.00,1
4573,9.9100,0.7956,1,55.56,9
4574,8.4000,0.7955,1,50.00,10
4575,7.3700,0.7955,1,15.38,13
4576,9.9900,0.7954,1,100.00,1
4577,8.8500,0.7954,1,20.00,15
4578,8.8700,0.7954,1,38.46,13
4579,9.9900,0.7953,1,100.00,1
4580,9.9600,0.7953,1,75.00,4
4581,7.7800,0.7952,1,22.73,22
4582,7.2500,0.7952,1,8.00,25
4583,9.8600,0.7952,1,21.43,14
4584,8.4200,0.7951,1,62.50,8
4585,8.8800,0.7951,1,16.67,12
4586,9.4100,0.7950,1,44.44,9
4587,9.9900,0.7950,1,100.00,1
4588,9.9900,0.7950,1,100.00,1
4589,9.9700,0.7949,1,100.00,3
4590,7.8300,0.7949,1,29.41,17
4591,9.4400,0.7948,1,50.00,6
4592,9.2600,0.7948,1,8.33,24
4593,-3.7500,0.7948,0,0.00,25
4594,9.9500,0.7947,1,60.00,5
4595,8.9300,0.7947,1,14.29,7
4596,9.3300,0.7946,1,11.76,17
4597,9.9900,0.7946,1,100.00,1
4598,9.9800,0.7946,1,100.00,2
4599,9.9700,0.7945,1,100.00,3
4600,9.9800,0.7945,1,100.00,2
4601,-2.7500,0.7944,0,0.00,25
4602,8.3300,0.7944,1,23.53,17
4603,9.4400,0.7944,1,83.33,6
4604,9.9100,0.7943,1,33.33,9
4605,9.8900,0.7943,1,18.18,11
4606,9.4500,0.7943,1,40.00,5
4607,9.9900,0.7942,1,100.00,1
4608,9.9400,0.7942,1,50.00,6
4609,9.9400,0.7941,1,16.67,6
4610,9.9900,0.7941,1,100.00,1
4611,9.9400,0.7941,1,16.67,6
4612,9.8400,0.7940,1,12.50,16
4613,9.9400,0.7940,1,33.33,6
4614,9.9800,0.7939,1,50.00,2
4615,9.9600,0.7939,1,50.00,4
4616,8.4200,0.7939,1,37.50,8
4617,9.9600,0.7938,1,25.00,4
4618,9.4100,0.7938,1,22.22,9
4619,-1.2500,0.7937,0,0.00,25
4620,7.8600,0.7937,1,28.57,14
4621,9.3300,0.7937,1,11.76,17
4622,9.9800,0.7936,1,100.00,2
4623,9.9600,0.7936,1,75.00,4
4624,9.9900,0.7935,1,100.00,1
4625,9.9600,0.7935,1,100.00,4
4626,9.4300,0.7935,1,28.57,7
4627,8.8000,0.7934,1,10.00,20
4628,8.7700,0.7934,1,26.09,23
4629,8.4000,0.7933,1,30.00,10
4630,9.7900,0.7933,1,9.52,21
4631,9.9300,0.7933,1,28.57,7
4632,8.8600,0.7932,1,21.43,14
4633,9.3600,0.7932,1,28.57,14
4634,9.9900,0.7931,1,100.00,1
4635,9.3700,0.7931,1,30.77,13
4636,-1.7500,0.7931,0,0.00,25
4637,9.3900,0.7930,1,18.18,11
4638,-0.2500,0.7930,0,0.00,25
4639,9.9900,0.7929,1,100.00,1
4640,9.9700,0.7929,1,33.33,3
4641,9.3700,0.7929,1,23.08,13
4642,9.4500,0.7928,1,40.00,5
4643,9.9000,0.7928,1,20.00,10
4644,9.9300,0.7927,1,28.57,7
4645,9.4100,0.7927,1,55.56,9
4646,9.4000,0.7927,1,40.00,10
4647,7.8000,0.7926,1,20.00,20
4648,9.9700,0.7926,1,33.33,3
4649,9.9800,0.7925,1,100.00,2
4650,7.7800,0.7925,1,22.73,22
4651,8.3400,0.7925,1,18.75,16
4652,7.3100,0.7924,1,10.53,19
4653,9.8600,0.7924,1,21.43,14
4654,9.9900,0.7923,1,100.00,1
4655,9.8800,0.7923,1,16.67,12
4656,-4.7500,0.7923,0,0.00,25
4657,-0.2500,0.7922,0,0.00,25
4658,9.9300,0.7922,1,28.57,7
4659,9.3400,0.7921,1,12.50,16
4660,9.3900,0.7921,1,27.27,11
4661,7.8900,0.7921,1,36.36,11
4662,9.9900,0.7920,1,100.00,1
4663,9.9700,0.7920,1,33.33,3
4664,9.9400,0.7920,1,33.33,6
4665,9.9000,0.7919,1,20.00,10
4666,9.9800,0.7919,1,100.00,2
4667,8.8400,0.7918,1,12.50,16
4668,9.9200,0.7918,1,37.50,8
4669,9.9100,0.7918,1,44.44,9
4670,9.4600,0.7917,1,75.00,4
4671,9.9700,0.7917,1,33.33,3
4672,9.9700,0.7916,1,100.00,3
4673,9.8900,0.7916,1,27.27,11
4674,-0.2500,0.7916,0,0.00,25
4675,9.8900,0.7915,1,27.27,11
4676,9.9600,0.7915,1,50.00,4
4677,9.9800,0.7914,1,100.00,2
4678,9.9600,0.7914,1,50.00,4
4679,9.9600,0.7914,1,25.00,4
4680,9.4600,0.7913,1,75.00,4
4681,9.9500,0.7913,1,60.00,5
4682,-4.2500,0.7912,0,0.00,25
4683,9.9600,0.7912,1,25.00,4
4684,9.9800,0.7912,1,100.00,2
4685,9.9400,0.7911,1,83.33,6
4686,9.9900,0.7911,1,100.00,1
4687,8.2500,0.7910,1,12.00,25
4688,9.9700,0.7910,1,100.00,3
4689,9.3600,0.7910,1,28.57,14
4690,9.9400,0.7909,1,50.00,6
4691,8.3500,0.7909,1,20.00,15
4692,9.9300,0.7908,1,28.57,7
4693,8.2600,0.7908,1,16.67,24
4694,9.9600,0.7908,1,50.00,4
4695,-0.7500,0.7907,0,0.00,25
4696,9.9900,0.7907,1,100.00,1
4697,9.9200,0.7906,1,25.00,8
4698,9.9700,0.7906,1,33.33,3
4699,9.9400,0.7906,1,33.33,6
4700,9.9600,0.7905,1,75.00,4
4701,9.7700,0.7905,1,13.04,23
4702,9.9400,0.7904,1,33.33,6
4703,9.9400,0.7904,1,50.00,6
4704,9.8100,0.7904,1,15.79,19
4705,9.9100,0.7903,1,55.56,9
4706,9.9500,0.7903,1,40.00,5
4707,9.9900,0.7903,1,100.00,1
4708,-4.7500,0.7902,0,0.00,25
4709,9.8900,0.7902,1,9.09,11
4710,9.9800,0.7901,1,100.00,2
4711,-1.7500,0.7901,0,0.00,25
4712,-3.2500,0.7901,0,0.00,25
4713,7.7900,0.7900,1,23.81,21
4714,8.7600,0.7900,1,20.83,24
4715,9.9800,0.7899,1,100.00,2
4716,9.8100,0.7899,1,15.79,19
4717,9.3200,0.7899,1,22.22,18
4718,8.8600,0.7898,1,14.29,14
4719,9.9600,0.7898,1,25.00,4
4720,-0.2500,0.7897,0,0.00,25
4721,9.9700,0.7897,1,100.00,3
4722,9.8900,0.7897,1,18.18,11
4723,9.3900,0.7896,1,18.18,11
4724,9.8800,0.7896,1,16.67,12
4725,9.9800,0.7895,1,100.00,2
4726,9.9100,0.7895,1,11.11,9
4727,9.7500,0.7895,1,8.00,25
4728,-3.7500,0.7894,0,0.00,25
4729,9.7700,0.7894,1,21.74,23
4730,9.9800,0.7893,1,100.00,2
4731,9.9900,0.7893,1,100.00,1
4732,9.9600,0.7893,1,50.00,4
4733,9.4600,0.7892,1,75.00,4
4734,8.3800,0.7892,1,33.33,12
4735,9.3600,0.7891,1,35.71,14
4736,8.8800,0.7891,1,16.67,12
4737,9.9300,0.7891,1,57.14,7
4738,9.8300,0.7890,1,17.65,17
4739,9.9900,0.7890,1,100.00,1
4740,9.4700,0.7889,1,66.67,3
4741,9.9900,0.7889,1,100.00,1
4742,7.7900,0.7889,1,19.05,21
4743,-2.2500,0.7888,0,0.00,25
4744,9.9100,0.7888,1,22.22,9
4745,9.8200,0.7887,1,16.67,18
4746,9.9500,0.7887,1,60.00,5
4747,8.8000,0.7887,1,25.00,20
4748,9.9500,0.7886,1,60.00,5
4749,9.4300,0.7886,1,57.14,7
4750,9.9600,0.7886,1,50.00,4
4751,9.9800,0.7885,1,100.00,2
4752,9.9800,0.7885,1,100.00,2
4753,-1.7500,0.7884,0,0.00,25
4754,9.8900,0.7884,1,9.09,11
4755,8.8900,0.7884,1,36.36,11
4756,9.9400,0.7883,1,16.67,6
4757,9.9800,0.7883,1,50.00,2
4758,9.9400,0.7882,1,33.33,6
4759,9.7500,0.7882,1,4.00,25
4760,9.9200,0.7882,1,37.50,8
4761,9.9000,0.7881,1,20.00,10
4762,9.9600,0.7881,1,50.00,4
4763,9.9900,0.7880,1,100.00,1
4764,8.3600,0.7880,1,14.29,14
4765,9.9000,0.7880,1,50.00,10
4766,9.9100,0.7879,1,33.33,9
4767,9.9700,0.7879,1,100.00,3
4768,-1.7500,0.7878,0,0.00,25
4769,6.2900,0.7878,1,9.52,21
4770,7.8500,0.7878,1,33.33,15
4771,9.8400,0.7877,1,12.50,16
4772,8.7600,0.7877,1,20.83,24
4773,9.9900,0.7876,1,100.00,1
4774,9.3900,0.7876,1,18.18,11
4775,9.8900,0.7876,1,18.18,11
4776,9.9600,0.7875,1,100.00,4
4777,9.9800,0.7875,1,100.00,2
4778,8.9500,0.7874,1,60.00,5
4779,9.3000,0.7874,1,25.00,20
4780,9.8600,0.7874,1,21.43,14
4781,9.9500,0.7873,1,40.00,5
4782,9.9900,0.7873,1,100.00,1
4783,9.9400,0.7873,1,50.00,6
4784,9.3500,0.7872,1,33.33,15
4785,9.3700,0.7872,1,15.38,13
4786,9.9800,0.7871,1,100.00,2
4787,9.9900,0.7871,1,100.00,1
4788,8.9200,0.7871,1,62.50,8
4789,9.8600,0.7870,1,28.57,14
4790,8.3100,0.7870,1,26.32,19
4791,9.9400,0.7869,1,33.33,6
4792,9.9500,0.7869,1,60.00,5
4793,-2.2500,0.7869,0,0.00,25
4794,-2.7500,0.7868,0,0.00,25
4795,9.9700,0.7868,1,100.00,3
4796,9.9700,0.7867,1,33.33,3
4797,9.7800,0.7867,1,13.64,22
4798,9.4300,0.7867,1,28.57,7
4799,9.9700,0.7866,1,33.33,3
4800,9.9500,0.7866,1,20.00,5
4801,9.9000,0.7865,1,20.00,10
4802,9.9600,0.7865,1,50.00,4
4803,9.8300,0.7865,1,23.53,17
4804,9.9500,0.7864,1,40.00,5
4805,9.9600,0.7864,1,25.00,4
4806,9.8400,0.7863,1,12.50,16
4807,9.9200,0.7863,1,25.00,8
4808,8.8400,0.7863,1,37.50,16
4809,8.8200,0.7862,1,11.11,18
4810,8.8300,0.7862,1,35.29,17
4811,9.8900,0.7862,1,9.09,11
4812,9.8300,0.7861,1,17.65,17
4813,9.9800,0.7861,1,100.00,2
4814,9.9900,0.7860,1,100.00,1
4815,-0.2500,0.7860,0,0.00,25
4816,9.8400,0.7860,1,37.50,16
4817,9.9600,0.7859,1,25.00,4
4818,9.9400,0.7859,1,50.00,6
4819,9.8800,0.7858,1,16.67,12
4820,9.8600,0.7858,1,42.86,14
4821,9.9000,0.7858,1,10.00,10
4822,8.8100,0.7857,1,15.79,19
4823,8.9600,0.7857,1,50.00,4
4824,9.3300,0.7856,1,23.53,17
4825,9.9500,0.7856,1,60.00,5
4826,9.9800,0.7856,1,100.00,2
4827,9.3400,0.7855,1,31.25,16
4828,9.9700,0.7855,1,100.00,3
4829,9.9800,0.7854,1,100.00,2
4830,9.9400,0.7854,1,33.33,6
4831,9.9400,0.7854,1,33.33,6
4832,9.9400,0.7853,1,33.33,6
4833,-1.2500,0.7853,0,0.00,25
4834,9.3400,0.7852,1,25.00,16
4835,9.9900,0.7852,1,100.00,1
4836,9.4500,0.7852,1,40.00,5
4837,7.8200,0.7851,1,33.33,18
4838,8.8500,0.7851,1,33.33,15
4839,-3.7500,0.7851,0,0.00,25
4840,9.9700,0.7850,1,66.67,3
4841,9.9800,0.7850,1,100.00,2
4842,9.9800,0.7849,1,100.00,2
4843,9.9100,0.7849,1,33.33,9
4844,9.9500,0.7849,1,40.00,5
4845,9.9700,0.7848,1,66.67,3
4846,9.7600,0.7848,1,12.50,24
4847,9.9300,0.7847,1,42.86,7
4848,9.9000,0.7847,1,20.00,10
4849,6.7800,0.7847,1,9.09,22
4850,-0.7500,0.7846,0,0.00,25
4851,9.9600,0.7846,1,50.00,4
4852,9.8100,0.7845,1,10.53,19
4853,7.8200,0.7845,1,16.67,18
4854,-2.2500,0.7845,0,0.00,25
4855,8.7900,0.7844,1,9.52,21
4856,9.9200,0.7844,1,25.00,8
4857,8.8300,0.7843,1,11.76,17
4858,8.3800,0.7843,1,25.00,12
4859,9.8900,0.7843,1,18.18,11
4860,9.9700,0.7842,1,100.00,3
4861,9.9200,0.7842,1,50.00,8
4862,8.2500,0.7841,1,12.00,25
4863,8.9500,0.7841,1,20.00,5
4864,9.3200,0.7841,1,11.11,18
4865,9.9600,0.7840,1,50.00,4
4866,9.9900,0.7840,1,100.00,1
4867,9.9500,0.7840,1,40.00,5
4868,-1.2500,0.7839,0,0.00,25
4869,9.9600,0.7839,1,50.00,4
4870,9.9200,0.7838,1,75.00,8
4871,9.8600,0.7838,1,14.29,14
4872,9.8900,0.7838,1,18.18,11
4873,9.9900,0.7837,1,100.00,1
4874,-0.7500,0.7837,0,0.00,25
4875,8.7800,0.7836,1,4.55,22
4876,9.9400,0.7836,1,50.00,6
4877,9.4500,0.7836,1,40.00,5
4878,9.8500,0.7835,1,13.33,15
4879,8.8400,0.7835,1,12.50,16
4880,9.9800,0.7834,1,50.00,2
4881,9.4200,0.7834,1,25.00,8
4882,9.4400,0.7834,1,50.00,6
4883,9.8300,0.7833,1,29.41,17
4884,9.8700,0.7833,1,30.77,13
4885,9.9500,0.7832,1,80.00,5
4886,9.7500,0.7832,1,12.00,25
4887,8.7900,0.7832,1,14.29,21
4888,9.9200,0.7831,1,37.50,8
4889,-1.2500,0.7831,0,0.00,25
4890,9.9700,0.7831,1,33.33,3
4891,9.9300,0.7830,1,42.86,7
4892,-2.7500,0.7830,0,0.00,25
4893,9.9400,0.7829,1,33.33,6
4894,-2.2500,0.7829,0,0.00,25
4895,9.4500,0.7829,1,40.00,5
4896,9.8000,0.7828,1,15.00,20
4897,9.9800,0.7828,1,100.00,2
4898,9.9900,0.7827,1,100.00,1
4899,9.9800,0.7827,1,100.00,2
4900,-2.7500,0.7827,0,0.00,25
4901,9.8700,0.7826,1,23.08,13
4902,9.4000,0.7826,1,10.00,10
4903,9.9300,0.7825,1,14.29,7
4904,9.9300,0.7825,1,14.29,7
4905,9.9700,0.7825,1,100.00,3
4906,9.8900,0.7824,1,27.27,11
4907,9.3900,0.7824,1,18.18,11
4908,9.9900,0.7823,1,100.00,1
4909,-0.7500,0.7823,0,0.00,25
4910,7.8200,0.7823,1,11.11,18
4911,-1.7500,0.7822,0,0.00,25
4912,9.9100,0.7822,1,22.22,9
4913,9.2800,0.7822,1,9.09,22
4914,9.9800,0.7821,1,100.00,2
4915,9.9800,0.7821,1,100.00,2
4916,9.9800,0.7820,1,100.00,2
4917,9.8300,0.7820,1,11.76,17
4918,9.9700,0.7820,1,66.67,3
4919,9.9100,0.7819,1,22.22,9
4920,9.9700,0.7819,1,100.00,3
4921,-3.7500,0.7818,0,0.00,25
4922,9.9900,0.7818,1,100.00,1
4923,9.9500,0.7818,1,40.00,5
4924,-2.2500,0.7817,0,0.00,25
4925,9.4300,0.7817,1,28.57,7
4926,9.3600,0.7816,1,14.29,14
4927,9.9900,0.7816,1,100.00,1
4928,9.3800,0.7816,1,50.00,12
4929,9.9700,0.7815,1,33.33,3
4930,9.9700,0.7815,1,100.00,3
4931,9.9800,0.7814,1,100.00,2
4932,-1.2500,0.7814,0,0.00,25
4933,9.9900,0.7814,1,100.00,1
4934,9.9800,0.7813,1,100.00,2
4935,9.9000,0.7813,1,20.00,10
4936,8.4000,0.7813,1,50.00,10
4937,-1.2500,0.7812,0,0.00,25
4938,9.8700,0.7812,1,15.38,13
4939,9.9900,0.7811,1,100.00,1
4940,9.9700,0.7811,1,33.33,3
4941,9.9700,0.7811,1,66.67,3
4942,-1.7500,0.7810,0,0.00,25
4943,9.8800,0.7810,1,25.00,12
4944,8.4000,0.7809,1,30.00,10
4945,9.9900,0.7809,1,100.00,1
4946,9.9400,0.7809,1,33.33,6
4947,9.8800,0.7808,1,25.00,12
4948,9.9900,0.7808,1,100.00,1
4949,9.8700,0.7807,1,7.69,13
4950,9.9100,0.7807,1,33.33,9
4951,9.9700,0.7807,1,66.67,3
4952,9.4200,0.7806,1,50.00,8
4953,9.8800,0.7806,1,16.67,12
4954,9.8600,0.7806,1,7.14,14
4955,9.9400,0.7805,1,33.33,6
4956,9.9000,0.7805,1,20.00,10
4957,9.8500,0.7804,1,13.33,15
4958,8.3500,0.7804,1,13.33,15
4959,-2.7500,0.7804,0,0.00,25
4960,9.9900,0.7803,1,100.00,1
4961,9.9300,0.7803,1,42.86,7
4962,9.8700,0.7802,1,23.08,13
4963,9.9800,0.7802,1,100.00,2
4964,9.9800,0.7802,1,100.00,2
4965,9.9500,0.7801,1,40.00,5
4966,9.9700,0.7801,1,100.00,3
4967,9.4700,0.7800,1,66.67,3
4968,9.8600,0.7800,1,35.71,14
4969,9.8500,0.7800,1,20.00,15
4970,9.7800,0.7799,1,9.09,22
4971,9.8500,0.7799,1,26.67,15
4972,9.9800,0.7798,1,100.00,2
4973,8.3100,0.7798,1,31.58,19
4974,8.7900,0.7798,1,9.52,21
4975,8.2900,0.7797,1,14.29,21
4976,-0.2500,0.7797,0,0.00,25
4977,9.9900,0.7797,1,100.00,1
4978,9.9600,0.7796,1,75.00,4
4979,9.8200,0.7796,1,5.56,18
4980,9.4500,0.7795,1,40.00,5
4981,9.9700,0.7795,1,66.67,3
4982,9.9700,0.7795,1,33.33,3
4983,9.9700,0.7794,1,66.67,3
4984,-4.7500,0.7794,0,0.00,25
4985,9.8100,0.7793,1,10.53,19
4986,9.9700,0.7793,1,33.33,3
4987,9.9200,0.7793,1,25.00,8
4988,-0.2500,0.7792,0,0.00,25
4989,8.8300,0.7792,1,5.88,17
4990,-0.7500,0.7791,0,0.00,25
4991,9.4100,0.7791,1,11.11,9
4992,9.9100,0.7791,1,11.11,9
4993,9.3000,0.7790,1,15.00,20
4994,-2.2500,0.7790,0,0.00,25
4995,8.2900,0.7790,1,9.52,21
4996,6.7600,0.7789,1,8.33,24
4997,8.9500,0.7789,1,20.00,5
4998,8.8100,0.7788,1,21.05,19
4999,8.3500,0.7788,1,40.00,15
5000,9.9400,0.7788,1,50.00,6
5001,9.8100,0.7787,1,10.53,19
5002,8.3500,0.7787,1,26.67,15
5003,9.9400,0.7786,1,33.33,6
5004,8.3100,0.7786,1,26.32,19
5005,9.9800,0.7786,1,100.00,2
5006,9.9200,0.7785,1,37.50,8
5007,9.9800,0.7785,1,100.00,2
5008,9.7700,0.7784,1,13.04,23
5009,9.8100,0.7784,1,31.58,19
5010,9.9500,0.7784,1,100.00,5
5011,9.2500,0.7783,1,8.00,25
5012,9.9600,0.7783,1,25.00,4
5013,9.8400,0.7783,1,18.75,16
5014,6.8300,0.7782,1,17.65,17
5015,9.4100,0.7782,1,22.22,9
5016,9.8300,0.7781,1,29.41,17
5017,9.9500,0.7781,1,60.00,5
5018,9.8900,0.7781,1,9.09,11
5019,9.9500,0.7780,1,20.00,5
5020,9.9400,0.7780,1,33.33,6
5021,9.8600,0.7779,1,28.57,14
5022,9.9500,0.7779,1,40.00,5
5023,8.8100,0.7779,1,21.05,19
5024,9.9600,0.7778,1,50.00,4
5025,9.9800,0.7778,1,100.00,2
5026,9.4400,0.7777,1,50.00,6
5027,9.9400,0.7777,1,50.00,6
5028,9.3000,0.7777,1,20.00,20
5029,9.9800,0.7776,1,100.00,2
5030,9.9800,0.7776,1,100.00,2
5031,8.3900,0.7776,1,27.27,11
5032,9.8000,0.7775,1,20.00,20
5033,9.9700,0.7775,1,100.00,3
5034,9.9100,0.7774,1,22.22,9
5035,9.9700,0.7774,1,100.00,3
5036,9.8900,0.7774,1,27.27,11
5037,9.9300,0.7773,1,28.57,7
5038,9.9700,0.7773,1,33.33,3
5039,9.9400,0.7772,1,66.67,6
5040,8.3000,0.7772,1,30.00,20
5041,9.9300,0.7772,1,42.86,7
5042,-1.2500,0.7771,0,0.00,25
5043,9.9200,0.7771,1,25.00,8
5044,9.3300,0.7770,1,11.76,17
5045,8.8900,0.7770,1,18.18,11
5046,-1.7500,0.7770,0,0.00,25
5047,9.4400,0.7769,1,66.67,6
5048,9.9000,0.7769,1,10.00,10
5049,9.9000,0.7769,1,30.00,10
5050,9.9900,0.7768,1,100.00,1
5051,9.8600,0.7768,1,21.43,14
5052,7.2500,0.7767,1,24.00,25
5053,9.9900,0.7767,1,100.00,1
5054,9.9800,0.7767,1,100.00,2
5055,9.9300,0.7766,1,71.43,7
5056,9.9300,0.7766,1,42.86,7
5057,8.8700,0.7765,1,23.08,13
5058,9.9800,0.7765,1,100.00,2
5059,9.9300,0.7765,1,28.57,7
5060,-1.7500,0.7764,0,0.00,25
5061,9.9400,0.7764,1,33.33,6
5062,9.9400,0.7763,1,16.67,6
5063,9.4600,0.7763,1,75.00,4
5064,9.9200,0.7763,1,62.50,8
5065,9.9100,0.7762,1,44.44,9
5066,9.9700,0.7762,1,33.33,3
5067,9.9500,0.7762,1,60.00,5
5068,9.9700,0.7761,1,33.33,3
5069,9.9600,0.7761,1,75.00,4
5070,-1.2500,0.7760,0,0.00,25
5071,9.9500,0.7760,1,60.00,5
5072,9.8600,0.7760,1,7.14,14
5073,7.7500,0.7759,1,12.00,25
5074,9.7600,0.7759,1,8.33,24
5075,9.9800,0.7758,1,100.00,2
5076,9.9400,0.7758,1,50.00,6
5077,9.4700,0.7758,1,66.67,3
5078,9.8000,0.7757,1,15.00,20
5079,9.2800,0.7757,1,18.18,22
5080,-0.7500,0.7756,0,0.00,25
5081,9.4500,0.7756,1,80.00,5
5082,9.8800,0.7756,1,16.67,12
5083,-2.2500,0.7755,0,0.00,25
5084,6.7600,0.7755,1,16.67,24
5085,6.8600,0.7755,1,14.29,14
5086,8.8700,0.7754,1,23.08,13
5087,-1.7500,0.7754,0,0.00,25
5088,9.4600,0.7753,1,75.00,4
5089,9.2600,0.7753,1,25.00,24
5090,9.9800,0.7753,1,100.00,2
5091,9.9700,0.7752,1,66.67,3
5092,9.9900,0.7752,1,100.00,1
5093,9.9900,0.7751,1,100.00,1
5094,-1.2500,0.7751,0,0.00,25
5095,9.9300,0.7751,1,28.57,7
5096,9.9800,0.7750,1,100.00,2
5097,9.9200,0.7750,1,25.00,8
5098,9.8000,0.7750,1,10.00,20
5099,-1.7500,0.7749,0,0.00,25
5100,9.4300,0.7749,1,28.57,7
5101,-2.2500,0.7748,0,0.00,25
5102,-1.2500,0.7748,0,0.00,25
5103,9.9100,0.7748,1,33.33,9
5104,9.9800,0.7747,1,100.00,2
5105,8.8400,0.7747,1,37.50,16
5106,9.8900,0.7746,1,18.18,11
5107,9.4600,0.7746,1,75.00,4
5108,9.2900,0.7746,1,14.29,21
5109,9.8500,0.7745,1,20.00,15
5110,9.9700,0.7745,1,33.33,3
5111,9.9700,0.7744,1,100.00,3
5112,9.8800,0.7744,1,16.67,12
5113,9.9800,0.7744,1,50.00,2
5114,8.7900,0.7743,1,4.76,21
5115,8.8500,0.7743,1,13.33,15
5116,9.8400,0.7743,1,18.75,16
5117,-1.2500,0.7742,0,0.00,25
5118,9.4400,0.7742,1,50.00,6
5119,-3.2500,0.7741,0,0.00,25
5120,9.9500,0.7741,1,60.00,5
5121,-0.2500,0.7741,0,0.00,25
5122,9.3600,0.7740,1,35.71,14
5123,9.8600,0.7740,1,21.43,14
5124,9.9200,0.7739,1,25.00,8
5125,9.4600,0.7739,1,75.00,4
5126,9.9800,0.7739,1,100.00,2
5127,8.2700,0.7738,1,21.74,23
5128,9.9900,0.7738,1,100.00,1
5129,9.9900,0.7738,1,100.00,1
5130,9.3700,0.7737,1,38.46,13
5131,9.8600,0.7737,1,14.29,14
5132,9.9600,0.7736,1,50.00,4
5133,9.9800,0.7736,1,100.00,2
5134,8.3700,0.7736,1,23.08,13
5135,9.9700,0.7735,1,33.33,3
5136,9.9400,0.7735,1,16.67,6
5137,9.9400,0.7734,1,33.33,6
5138,9.9800,0.7734,1,100.00,2
5139,9.9900,0.7734,1,100.00,1
5140,-0.7500,0.7733,0,0.00,25
5141,9.9800,0.7733,1,100.00,2
5142,9.9700,0.7732,1,66.67,3
5143,9.8400,0.7732,1,12.50,16
5144,9.9000,0.7732,1,20.00,10
5145,7.3400,0.7731,1,37.50,16
5146,9.9900,0.7731,1,100.00,1
5147,9.9900,0.7731,1,100.00,1
5148,9.8300,0.7730,1,5.88,17
5149,-2.2500,0.7730,0,0.00,25
5150,8.3500,0.7729,1,33.33,15
5151,9.8200,0.7729,1,11.11,18
5152,9.9600,0.7729,1,50.00,4
5153,9.9800,0.7728,1,50.00,2
5154,7.8400,0.7728,1,25.00,16
5155,8.8600,0.7727,1,14.29,14
5156,5.7600,0.7727,1,25.00,24
5157,9.4100,0.7727,1,44.44,9
5158,9.8800,0.7726,1,25.00,12
5159,6.8500,0.7726,1,26.67,15
5160,9.9200,0.7726,1,37.50,8
5161,9.9300,0.7725,1,42.86,7
5162,9.9000,0.7725,1,10.00,10
5163,9.8500,0.7724,1,26.67,15
5164,9.9700,0.7724,1,33.33,3
5165,9.8800,0.7724,1,16.67,12
5166,9.4400,0.7723,1,50.00,6
5167,8.7800,0.7723,1,9.09,22
5168,9.8000,0.7722,1,25.00,20
5169,9.8700,0.7722,1,7.69,13
5170,9.8600,0.7722,1,21.43,14
5171,9.9200,0.7721,1,25.00,8
5172,9.8000,0.7721,1,10.00,20
5173,7.8500,0.7720,1,20.00,15
5174,8.9600,0.7720,1,50.00,4
5175,9.8000,0.7720,1,10.00,20
5176,9.9900,0.7719,1,100.00,1
5177,9.9400,0.7719,1,33.33,6
5178,-3.2500,0.7719,0,0.00,25
5179,-3.2500,0.7718,0,0.00,25
5180,-1.7500,0.7718,0,0.00,25
5181,7.8200,0.7717,1,22.22,18
5182,9.4100,0.7717,1,22.22,9
5183,9.8900,0.7717,1,9.09,11
5184,9.9000,0.7716,1,20.00,10
5185,-0.7500,0.7716,0,0.00,25
5186,-1.7500,0.7715,0,0.00,25
5187,9.9700,0.7715,1,100.00,3
5188,9.9900,0.7715,1,100.00,1
5189,9.9700,0.7714,1,33.33,3
5190,9.9300,0.7714,1,28.57,7
5191,9.9600,0.7714,1,75.00,4
5192,-1.7500,0.7713,0,0.00,25
5193,-1.2500,0.7713,0,0.00,25
5194,-2.2500,0.7712,0,0.00,25
5195,-0.7500,0.7712,0,0.00,25
5196,8.8700,0.7712,1,30.77,13
5197,9.9800,0.7711,1,100.00,2
5198,9.8300,0.7711,1,29.41,17
5199,-2.7500,0.7710,0,0.00,25
5200,9.8900,0.7710,1,45.45,11
5201,9.9900,0.7710,1,100.00,1
5202,9.9600,0.7709,1,50.00,4
5203,9.8800,0.7709,1,25.00,12
5204,9.9200,0.7709,1,62.50,8
5205,9.9300,0.7708,1,42.86,7
5206,9.9800,0.7708,1,100.00,2
5207,9.9600,0.7707,1,100.00,4
5208,9.4500,0.7707,1,40.00,5
5209,9.8500,0.7707,1,13.33,15
5210,9.4500,0.7706,1,40.00,5
5211,9.2900,0.7706,1,9.52,21
5212,9.9600,0.7705,1,50.00,4
5213,9.9600,0.7705,1,50.00,4
5214,9.3600,0.7705,1,28.57,14
5215,9.3800,0.7704,1,16.67,12
5216,9.9700,0.7704,1,100.00,3
5217,9.9700,0.7704,1,66.67,3
5218,-0.2500,0.7703,0,0.00,25
5219,9.9900,0.7703,1,100.00,1
5220,-2.2500,0.7702,0,0.00,25
5221,8.4000,0.7702,1,40.00,10
5222,9.9200,0.7702,1,50.00,8
5223,9.9500,0.7701,1,80.00,5
5224,9.9000,0.7701,1,20.00,10
5225,8.3300,0.7700,1,29.41,17
5226,9.7900,0.7700,1,14.29,21
5227,9.9900,0.7700,1,100.00,1
5228,9.9800,0.7699,1,100.00,2
5229,9.9900,0.7699,1,100.00,1
5230,9.9700,0.7699,1,100.00,3
5231,-2.7500,0.7698,0,0.00,25
5232,9.9900,0.7698,1,100.00,1
5233,8.9100,0.7697,1,44.44,9
5234,9.9200,0.7697,1,25.00,8
5235,9.9500,0.7697,1,60.00,5
5236,-1.2500,0.7696,0,0.00,25
5237,8.2900,0.7696,1,23.81,21
5238,-3.2500,0.7695,0,0.00,25
5239,9.9100,0.7695,1,33.33,9
5240,9.9600,0.7695,1,75.00,4
5241,9.8800,0.7694,1,25.00,12
5242,8.9100,0.7694,1,33.33,9
5243,9.8900,0.7694,1,54.55,11
5244,9.9400,0.7693,1,33.33,6
5245,9.9800,0.7693,1,100.00,2
5246,-0.2500,0.7692,0,0.00,25
5247,9.9800,0.7692,1,100.00,2
5248,-1.2500,0.7692,0,0.00,25
5249,9.9600,0.7691,1,100.00,4
5250,9.9700,0.7691,1,100.00,3
5251,9.9600,0.7690,1,50.00,4
5252,9.9400,0.7690,1,50.00,6
5253,-1.2500,0.7690,0,0.00,25
5254,8.8900,0.7689,1,45.45,11
5255,9.9700,0.7689,1,33.33,3
5256,9.9500,0.7689,1,60.00,5
5257,9.9300,0.7688,1,28.57,7
5258,9.9700,0.7688,1,100.00,3
5259,9.9300,0.7687,1,28.57,7
5260,8.8600,0.7687,1,42.86,14
5261,8.8400,0.7687,1,12.50,16
5262,-0.7500,0.7686,0,0.00,25
5263,-1.7500,0.7686,0,0.00,25
5264,9.9400,0.7685,1,66.67,6
5265,7.3100,0.7685,1,10.53,19
5266,9.8500,0.7685,1,13.33,15
5267,9.8000,0.7684,1,25.00,20
5268,9.3700,0.7684,1,23.08,13
5269,-1.2500,0.7684,0,0.00,25
5270,9.9900,0.7683,1,100.00,1
5271,6.3400,0.7683,1,18.75,16
5272,-1.7500,0.7682,0,0.00,25
5273,9.9900,0.7682,1,100.00,1
5274,9.8800,0.7682,1,41.67,12
5275,9.9900,0.7681,1,100.00,1
5276,9.3200,0.7681,1,33.33,18
5277,9.9600,0.7680,1,75.00,4
5278,9.9500,0.7680,1,40.00,5
5279,9.9400,0.7680,1,33.33,6
5280,9.9600,0.7679,1,50.00,4
5281,9.8600,0.7679,1,14.29,14
5282,9.9000,0.7679,1,10.00,10
5283,-1.7500,0.7678,0,0.00,25
5284,8.9200,0.7678,1,25.00,8
5285,9.9500,0.7677,1,60.00,5
5286,9.9200,0.7677,1,12.50,8
5287,8.9600,0.7677,1,50.00,4
5288,9.9700,0.7676,1,66.67,3
5289,8.2700,0.7676,1,21.74,23
5290,9.8700,0.7675,1,15.38,13
5291,9.9100,0.7675,1,33.33,9
5292,9.9900,0.7675,1,100.00,1
5293,9.9500,0.7674,1,60.00,5
5294,9.9400,0.7674,1,50.00,6
5295,9.4500,0.7674,1,40.00,5
5296,-0.2500,0.7673,0,0.00,25
5297,8.9600,0.7673,1,50.00,4
5298,9.9700,0.7672,1,100.00,3
5299,9.9700,0.7672,1,100.00,3
5300,9.4700,0.7672,1,66.67,3
5301,9.3700,0.7671,1,23.08,13
5302,9.9900,0.7671,1,100.00,1
5303,9.9400,0.7670,1,66.67,6
5304,-0.2500,0.7670,0,0.00,25
5305,9.9700,0.7670,1,100.00,3
5306,9.3900,0.7669,1,36.36,11
5307,9.2900,0.7669,1,9.52,21
5308,9.2800,0.7669,1,22.73,22
5309,-1.2500,0.7668,0,0.00,25
5310,9.7800,0.7668,1,13.64,22
5311,9.9600,0.7667,1,50.00,4
5312,9.9800,0.7667,1,100.00,2
5313,8.9500,0.7667,1,20.00,5
5314,7.7900,0.7666,1,14.29,21
5315,9.9900,0.7666,1,100.00,1
5316,9.9700,0.7665,1,100.00,3
5317,8.9100,0.7665,1,44.44,9
5318,9.9800,0.7665,1,100.00,2
5319,9.9900,0.7664,1,100.00,1
5320,9.9300,0.7664,1,42.86,7
5321,9.9800,0.7664,1,100.00,2
5322,9.9000,0.7663,1,30.00,10
5323,9.9800,0.7663,1,100.00,2
5324,9.9300,0.7662,1,42.86,7
5325,9.8200,0.7662,1,16.67,18
5326,9.9800,0.7662,1,100.00,2
5327,-1.2500,0.7661,0,0.00,25
5328,9.9800,0.7661,1,100.00,2
5329,9.8900,0.7661,1,9.09,11
5330,9.2800,0.7660,1,9.09,22
5331,9.9200,0.7660,1,37.50,8
5332,9.9600,0.7659,1,50.00,4
5333,9.9200,0.7659,1,37.50,8
5334,9.8000,0.7659,1,10.00,20
5335,9.9700,0.7658,1,33.33,3
5336,9.8900,0.7658,1,27.27,11
5337,9.9400,0.7657,1,33.33,6
5338,9.9100,0.7657,1,33.33,9
5339,9.8900,0.7657,1,9.09,11
5340,-2.7500,0.7656,0,0.00,25
5341,9.9900,0.7656,1,100.00,1
5342,9.9900,0.7656,1,100.00,1
5343,9.8600,0.7655,1,14.29,14
5344,9.9400,0.7655,1,33.33,6
5345,9.4500,0.7654,1,40.00,5
5346,9.9900,0.7654,1,100.00,1
5347,9.9600,0.7654,1,50.00,4
5348,9.4400,0.7653,1,50.00,6
5349,9.9900,0.7653,1,100.00,1
5350,9.9000,0.7652,1,40.00,10
5351,-1.7500,0.7652,0,0.00,25
5352,9.9300,0.7652,1,57.14,7
5353,9.9300,0.7651,1,14.29,7
5354,9.9900,0.7651,1,100.00,1
5355,8.9000,0.7651,1,40.00,10
5356,8.3100,0.7650,1,21.05,19
5357,-1.7500,0.7650,0,0.00,25
5358,9.8400,0.7649,1,12.50,16
5359,9.8900,0.7649,1,36.36,11
5360,8.3200,0.7649,1,16.67,18
5361,9.3800,0.7648,1,41.67,12
5362,8.3200,0.7648,1,5.56,18
5363,9.9700,0.7647,1,100.00,3
5364,7.3700,0.7647,1,15.38,13
5365,8.7600,0.7647,1,20.83,24
5366,8.3500,0.7646,1,20.00,15
5367,9.7800,0.7646,1,27.27,22
5368,9.8700,0.7646,1,15.38,13
5369,9.3700,0.7645,1,15.38,13
5370,7.2700,0.7645,1,8.70,23
5371,9.9500,0.7644,1,60.00,5
5372,9.9100,0.7644,1,22.22,9
5373,-2.2500,0.7644,0,0.00,25
5374,9.3400,0.7643,1,25.00,16
5375,9.9300,0.7643,1,14.29,7
5376,9.4200,0.7643,1,50.00,8
5377,7.2800,0.7642,1,13.64,22
5378,9.9200,0.7642,1,37.50,8
5379,9.8300,0.7641,1,11.76,17
5380,9.9800,0.7641,1,100.00,2
5381,9.9400,0.7641,1,50.00,6
5382,9.9700,0.7640,1,33.33,3
5383,8.3200,0.7640,1,11.11,18
5384,9.9700,0.7639,1,66.67,3
5385,-1.7500,0.7639,0,0.00,25
5386,9.4000,0.7639,1,50.00,10
5387,-0.2500,0.7638,0,0.00,25
5388,9.9400,0.7638,1,33.33,6
5389,9.9900,0.7638,1,100.00,1
5390,9.9900,0.7637,1,100.00,1
5391,8.9400,0.7637,1,33.33,6
5392,9.8800,0.7636,1,33.33,12
5393,9.8900,0.7636,1,36.36,11
5394,9.4100,0.7636,1,33.33,9
5395,9.9900,0.7635,1,100.00,1
5396,-5.2500,0.7635,0,0.00,25
5397,9.9800,0.7635,1,100.00,2
5398,8.8500,0.7634,1,26.67,15
5399,9.9600,0.7634,1,50.00,4
5400,9.9300,0.7633,1,71.43,7
5401,7.2500,0.7633,1,20.00,25
5402,9.9500,0.7633,1,60.00,5
5403,9.8900,0.7632,1,18.18,11
5404,9.8600,0.7632,1,21.43,14
5405,9.4600,0.7631,1,75.00,4
5406,9.9700,0.7631,1,33.33,3
5407,9.7900,0.7631,1,9.52,21
5408,9.4400,0.7630,1,16.67,6
5409,9.9600,0.7630,1,50.00,4
5410,9.8600,0.7630,1,14.29,14
5411,-2.2500,0.7629,0,0.00,25
5412,9.9900,0.7629,1,100.00,1
5413,8.7600,0.7628,1,8.33,24
5414,9.3100,0.7628,1,21.05,19
5415,9.9300,0.7628,1,42.86,7
5416,9.9400,0.7627,1,50.00,6
5417,-0.7500,0.7627,0,0.00,25
5418,-2.2500,0.7626,0,0.00,25
5419,9.9300,0.7626,1,42.86,7
5420,9.9300,0.7626,1,42.86,7
5421,9.9100,0.7625,1,55.56,9
5422,9.4700,0.7625,1,66.67,3
5423,9.8200,0.7625,1,27.78,18
5424,9.9900,0.7624,1,100.00,1
5425,9.9000,0.7624,1,20.00,10
5426,9.9200,0.7623,1,37.50,8
5427,9.9900,0.7623,1,100.00,1
5428,9.9800,0.7623,1,100.00,2
5429,9.3300,0.7622,1,11.76,17
5430,-0.7500,0.7622,0,0.00,25
5431,9.9400,0.7622,1,33.33,6
5432,9.8200,0.7621,1,11.11,18
5433,9.9600,0.7621,1,50.00,4
5434,9.9100,0.7620,1,55.56,9
5435,9.8800,0.7620,1,25.00,12
5436,9.9500,0.7620,1,60.00,5
5437,8.3800,0.7619,1,41.67,12
5438,9.8300,0.7619,1,29.41,17
5439,9.9800,0.7618,1,100.00,2
5440,8.9200,0.7618,1,50.00,8
5441,8.3900,0.7618,1,18.18,11
5442,9.9000,0.7617,1,20.00,10
5443,9.9200,0.7617,1,37.50,8
5444,9.9700,0.7617,1,100.00,3
5445,9.8500,0.7616,1,13.33,15
5446,9.9800,0.7616,1,100.00,2
5447,9.8700,0.7615,1,30.77,13
5448,9.9900,0.7615,1,100.00,1
5449,9.9800,0.7615,1,100.00,2
5450,9.9600,0.7614,1,50.00,4
5451,9.8400,0.7614,1,31.25,16
5452,9.9800,0.7614,1,100.00,2
5453,8.3300,0.7613,1,23.53,17
5454,9.9800,0.7613,1,100.00,2
5455,9.9800,0.7612,1,100.00,2
5456,9.4200,0.7612,1,50.00,8
5457,7.4000,0.7612,1,40.00,10
5458,-1.7500,0.7611,0,0.00,25
5459,9.8800,0.7611,1,25.00,12
5460,9.9200,0.7610,1,25.00,8
5461,9.9900,0.7610,1,100.00,1
5462,9.9500,0.7610,1,60.00,5
5463,9.4000,0.7609,1,30.00,10
5464,7.7800,0.7609,1,18.18,22
5465,9.9200,0.7609,1,12.50,8
5466,8.8200,0.7608,1,5.56,18
5467,7.8800,0.7608,1,41.67,12
5468,-3.2500,0.7607,0,0.00,25
5469,9.9800,0.7607,1,100.00,2
5470,9.9900,0.7607,1,100.00,1
5471,8.4000,0.7606,1,30.00,10
5472,9.8300,0.7606,1,29.41,17
5473,9.4400,0.7606,1,83.33,6
5474,9.4400,0.7605,1,50.00,6
5475,9.9900,0.7605,1,100.00,1
5476,8.3300,0.7604,1,29.41,17
5477,9.9600,0.7604,1,75.00,4
5478,-1.7500,0.7604,0,0.00,25
5479,8.9300,0.7603,1,14.29,7
5480,-3.7500,0.7603,0,0.00,25
5481,9.9500,0.7603,1,40.00,5
5482,9.9900,0.7602,1,100.00,1
5483,9.9600,0.7602,1,50.00,4
5484,9.9300,0.7601,1,28.57,7
5485,-0.2500,0.7601,0,0.00,25
5486,9.9900,0.7601,1,100.00,1
5487,7.8500,0.7600,1,20.00,15
5488,9.9500,0.7600,1,100.00,5
5489,9.9900,0.7599,1,100.00,1
5490,9.9600,0.7599,1,100.00,4
5491,7.3400,0.7599,1,25.00,16
5492,9.9800,0.7598,1,100.00,2
5493,9.9600,0.7598,1,50.00,4
5494,9.4600,0.7598,1,75.00,4
5495,9.9400,0.7597,1,33.33,6
5496,9.4100,0.7597,1,44.44,9
5497,9.9200,0.7596,1,25.00,8
5498,9.9500,0.7596,1,20.00,5
5499,9.2600,0.7596,1,8.33,24
5500,9.2900,0.7595,1,23.81,21
5501,9.4100,0.7595,1,22.22,9
5502,9.9300,0.7595,1,14.29,7
5503,9.9000,0.7594,1,20.00,10
5504,8.3900,0.7594,1,27.27,11
5505,7.7500,0.7593,1,24.00,25
5506,9.9800,0.7593,1,100.00,2
5507,8.8400,0.7593,1,18.75,16
5508,9.8700,0.7592,1,23.08,13
5509,9.9000,0.7592,1,30.00,10
5510,9.9800,0.7591,1,100.00,2
5511,9.9600,0.7591,1,50.00,4
5512,-1.7500,0.7591,0,0.00,25
5513,-1.2500,0.7590,0,0.00,25
5514,9.9700,0.7590,1,33.33,3
5515,9.4300,0.7590,1,71.43,7
5516,8.9400,0.7589,1,66.67,6
5517,9.9900,0.7589,1,100.00,1
5518,9.4500,0.7588,1,80.00,5
5519,9.8600,0.7588,1,14.29,14
5520,9.9600,0.7588,1,50.00,4
5521,9.8300,0.7587,1,35.29,17
5522,9.9800,0.7587,1,100.00,2
5523,-1.7500,0.7587,0,0.00,25
5524,9.9900,0.7586,1,100.00,1
5525,9.9900,0.7586,1,100.00,1
5526,9.4000,0.7585,1,30.00,10
5527,9.8900,0.7585,1,18.18,11
5528,9.4600,0.7585,1,25.00,4
5529,6.8900,0.7584,1,27.27,11
5530,6.7600,0.7584,1,20.83,24
5531,9.8700,0.7584,1,15.38,13
5532,9.9900,0.7583,1,100.00,1
5533,9.9900,0.7583,1,100.00,1
5534,9.8500,0.7582,1,13.33,15
5535,9.3900,0.7582,1,18.18,11
5536,-2.7500,0.7582,0,0.00,25
5537,9.9600,0.7581,1,25.00,4
5538,9.9800,0.7581,1,100.00,2
5539,9.9800,0.7580,1,100.00,2
5540,9.9300,0.7580,1,28.57,7
5541,9.9800,0.7580,1,100.00,2
5542,9.9800,0.7579,1,100.00,2
5543,8.8100,0.7579,1,26.32,19
5544,9.9700,0.7579,1,33.33,3
5545,9.9900,0.7578,1,100.00,1
5546,9.9200,0.7578,1,50.00,8
5547,9.9700,0.7577,1,100.00,3
5548,9.9400,0.7577,1,50.00,6
5549,9.8400,0.7577,1,18.75,16
5550,9.9600,0.7576,1,75.00,4
5551,9.9000,0.7576,1,30.00,10
5552,8.8900,0.7576,1,27.27,11
5553,9.9500,0.7575,1,60.00,5
5554,9.9900,0.7575,1,100.00,1
5555,8.4000,0.7574,1,60.00,10
5556,9.9800,0.7574,1,100.00,2
5557,9.9700,0.7574,1,100.00,3
5558,9.9200,0.7573,1,37.50,8
5559,9.9300,0.7573,1,42.86,7
5560,8.8900,0.7573,1,45.45,11
5561,-3.2500,0.7572,0,0.00,25
5562,9.9900,0.7572,1,100.00,1
5563,9.9600,0.7571,1,50.00,4
5564,9.8100,0.7571,1,10.53,19
5565,-0.2500,0.7571,0,0.00,25
5566,9.9600,0.7570,1,50.00,4
5567,7.8200,0.7570,1,5.56,18
5568,8.9200,0.7570,1,37.50,8
5569,9.9800,0.7569,1,100.00,2
5570,9.9200,0.7569,1,25.00,8
5571,9.9000,0.7568,1,30.00,10
5572,9.8300,0.7568,1,17.65,17
5573,9.2900,0.7568,1,19.05,21
5574,9.9300,0.7567,1,42.86,7
5575,-1.7500,0.7567,0,0.00,25
5576,9.9700,0.7566,1,100.00,3
5577,9.9300,0.7566,1,28.57,7
5578,9.9200,0.7566,1,25.00,8
5579,9.9900,0.7565,1,100.00,1
5580,9.9700,0.7565,1,33.33,3
5581,8.9300,0.7565,1,28.57,7
5582,9.9900,0.7564,1,100.00,1
5583,9.8000,0.7564,1,15.00,20
5584,9.9500,0.7563,1,60.00,5
5585,9.9800,0.7563,1,100.00,2
5586,9.9100,0.7563,1,22.22,9
5587,9.9000,0.7562,1,50.00,10
5588,9.9600,0.7562,1,50.00,4
5589,-0.2500,0.7562,0,0.00,25
5590,8.8100,0.7561,1,5.26,19
5591,9.9100,0.7561,1,22.22,9
5592,-5.2500,0.7560,0,0.00,25
5593,9.9800,0.7560,1,100.00,2
5594,8.8900,0.7560,1,45.45,11
5595,9.9900,0.7559,1,100.00,1
5596,9.9600,0.7559,1,50.00,4
5597,9.9900,0.7559,1,100.00,1
5598,9.9900,0.7558,1,100.00,1
5599,9.9200,0.7558,1,25.00,8
5600,9.9800,0.7557,1,100.00,2
5601,9.9900,0.7557,1,100.00,1
5602,-2.7500,0.7557,0,0.00,25
5603,8.8800,0.7556,1,41.67,12
5604,9.9200,0.7556,1,25.00,8
5605,9.9100,0.7556,1,33.33,9
5606,7.9000,0.7555,1,20.00,10
5607,9.9300,0.7555,1,28.57,7
5608,9.9300,0.7554,1,14.29,7
5609,9.9300,0.7554,1,28.57,7
5610,-0.2500,0.7554,0,0.00,25
5611,9.4000,0.7553,1,20.00,10
5612,9.9700,0.7553,1,100.00,3
5613,8.7800,0.7552,1,4.55,22
5614,9.9700,0.7552,1,100.00,3
5615,9.9400,0.7552,1,33.33,6
5616,8.8100,0.7551,1,15.79,19
5617,-0.2500,0.7551,0,0.00,25
5618,9.9700,0.7551,1,100.00,3
5619,9.9900,0.7550,1,100.00,1
5620,9.9800,0.7550,1,100.00,2
5621,-2.2500,0.7549,0,0.00,25
5622,9.9800,0.7549,1,100.00,2
5623,9.9500,0.7549,1,60.00,5
5624,9.8000,0.7548,1,5.00,20
5625,9.8700,0.7548,1,23.08,13
5626,9.8900,0.7548,1,27.27,11
5627,9.9900,0.7547,1,100.00,1
5628,8.8600,0.7547,1,14.29,14
5629,9.9900,0.7546,1,100.00,1
5630,8.3000,0.7546,1,30.00,20
5631,9.9900,0.7546,1,100.00,1
5632,-4.7500,0.7545,0,0.00,25
5633,6.2500,0.7545,1,12.00,25
5634,9.9600,0.7545,1,75.00,4
5635,9.9900,0.7544,1,100.00,1
5636,9.9300,0.7544,1,57.14,7
5637,9.8500,0.7543,1,20.00,15
5638,9.9400,0.7543,1,33.33,6
5639,9.9000,0.7543,1,20.00,10
5640,9.2600,0.7542,1,20.83,24
5641,9.9900,0.7542,1,100.00,1
5642,-4.7500,0.7542,0,0.00,25
5643,9.9800,0.7541,1,100.00,2
5644,9.3300,0.7541,1,23.53,17
5645,9.9900,0.7540,1,100.00,1
5646,9.4300,0.7540,1,28.57,7
5647,-0.7500,0.7540,0,0.00,25
5648,9.9200,0.7539,1,25.00,8
5649,9.4500,0.7539,1,40.00,5
5650,9.9900,0.7539,1,100.00,1
5651,9.9400,0.7538,1,100.00,6
5652,9.8400,0.7538,1,18.75,16
5653,-0.2500,0.7537,0,0.00,25
5654,-2.7500,0.7537,0,0.00,25
5655,9.9500,0.7537,1,20.00,5
5656,9.9800,0.7536,1,100.00,2
5657,9.9600,0.7536,1,100.00,4
5658,9.9600,0.7536,1,75.00,4
5659,9.3900,0.7535,1,45.45,11
5660,7.7500,0.7535,1,16.00,25
5661,9.8800,0.7534,1,25.00,12
5662,9.9900,0.7534,1,100.00,1
5663,8.3600,0.7534,1,21.43,14
5664,9.9500,0.7533,1,20.00,5
5665,9.8900,0.7533,1,18.18,11
5666,9.9700,0.7533,1,33.33,3
5667,9.3600,0.7532,1,14.29,14
5668,6.2800,0.7532,1,4.55,22
5669,9.9800,0.7531,1,100.00,2
5670,-1.2500,0.7531,0,0.00,25
5671,9.9300,0.7531,1,42.86,7
5672,9.9800,0.7530,1,100.00,2
5673,8.7900,0.7530,1,19.05,21
5674,9.9300,0.7529,1,57.14,7
5675,9.9800,0.7529,1,100.00,2
5676,7.7500,0.7529,1,12.00,25
5677,9.8500,0.7528,1,40.00,15
5678,9.9700,0.7528,1,66.67,3
5679,-1.7500,0.7528,0,0.00,25
5680,9.9600,0.7527,1,50.00,4
5681,9.9800,0.7527,1,100.00,2
5682,9.9800,0.7526,1,100.00,2
5683,9.8700,0.7526,1,38.46,13
5684,9.7800,0.7526,1,18.18,22
5685,-3.2500,0.7525,0,0.00,25
5686,-4.2500,0.7525,0,0.00,25
5687,9.9700,0.7525,1,100.00,3
5688,9.9700,0.7524,1,100.00,3
5689,-1.2500,0.7524,0,0.00,25
5690,9.9600,0.7523,1,75.00,4
5691,9.3900,0.7523,1,27.27,11
5692,-2.7500,0.7523,0,0.00,25
5693,9.9700,0.7522,1,66.67,3
5694,7.8900,0.7522,1,36.36,11
5695,8.9300,0.7522,1,71.43,7
5696,9.9500,0.7521,1,20.00,5
5697,9.3300,0.7521,1,29.41,17
5698,9.9600,0.7520,1,100.00,4
5699,-0.2500,0.7520,0,0.00,25
5700,9.7900,0.7520,1,4.76,21
5701,8.9000,0.7519,1,50.00,10
5702,9.9500,0.7519,1,60.00,5
5703,-0.2500,0.7519,0,0.00,25
5704,9.8600,0.7518,1,21.43,14
5705,9.4500,0.7518,1,80.00,5
5706,9.9300,0.7517,1,42.86,7
5707,9.4400,0.7517,1,66.67,6
5708,9.3900,0.7517,1,18.18,11
5709,9.9400,0.7516,1,50.00,6
5710,9.8800,0.7516,1,16.67,12
5711,9.9200,0.7516,1,12.50,8
5712,9.9000,0.7515,1,20.00,10
5713,-0.2500,0.7515,0,0.00,25
5714,9.8400,0.7514,1,12.50,16
5715,9.9900,0.7514,1,100.00,1
5716,9.3000,0.7514,1,20.00,20
5717,9.3300,0.7513,1,35.29,17
5718,9.9800,0.7513,1,100.00,2
5719,-2.2500,0.7513,0,0.00,25
5720,9.9000,0.7512,1,30.00,10
5721,-0.7500,0.7512,0,0.00,25
5722,9.9800,0.7511,1,100.00,2
5723,8.3200,0.7511,1,22.22,18
5724,9.9300,0.7511,1,42.86,7
5725,9.9800,0.7510,1,100.00,2
5726,-1.2500,0.7510,0,0.00,25
5727,-0.2500,0.7510,0,0.00,25
5728,9.9700,0.7509,1,100.00,3
5729,9.2700,0.7509,1,26.09,23
5730,9.9700,0.7508,1,33.33,3
5731,9.9600,0.7508,1,75.00,4
5732,9.9900,0.7508,1,100.00,1
5733,8.8700,0.7507,1,15.38,13
5734,9.3800,0.7507,1,25.00,12
5735,9.7700,0.7507,1,13.04,23
5736,8.2800,0.7506,1,18.18,22
5737,9.9100,0.7506,1,22.22,9
5738,9.9500,0.7505,1,60.00,5
5739,8.9000,0.7505,1,50.00,10
5740,9.9300,0.7505,1,42.86,7
5741,9.9300,0.7504,1,42.86,7
5742,-1.7500,0.7504,0,0.00,25
5743,8.3200,0.7504,1,33.33,18
5744,9.9700,0.7503,1,66.67,3
5745,-1.2500,0.7503,0,0.00,25
5746,-2.7500,0.7502,0,0.00,25
5747,9.9400,0.7502,1,16.67,6
5748,-1.7500,0.7502,0,0.00,25
5749,9.9700,0.7501,1,66.67,3
5750,9.9200,0.7501,1,37.50,8
5751,9.9900,0.7501,1,100.00,1
5752,-3.2500,0.7500,0,0.00,25
5753,8.3500,0.7500,1,33.33,15
5754,9.8700,0.7499,1,15.38,13
5755,-0.2500,0.7499,0,0.00,25
5756,9.3900,0.7499,1,36.36,11
5757,9.7500,0.7498,1,16.00,25
5758,9.8900,0.7498,1,36.36,11
5759,9.3500,0.7498,1,13.33,15
5760,9.9800,0.7497,1,100.00,2
5761,9.9200,0.7497,1,75.00,8
5762,9.9700,0.7496,1,100.00,3
5763,9.9800,0.7496,1,100.00,2
5764,9.2800,0.7496,1,13.64,22
5765,9.9900,0.7495,1,100.00,1
5766,9.9600,0.7495,1,50.00,4
5767,9.9800,0.7495,1,100.00,2
5768,9.9800,0.7494,1,100.00,2
5769,9.9400,0.7494,1,50.00,6
5770,-1.2500,0.7493,0,0.00,25
5771,8.8800,0.7493,1,8.33,12
5772,8.7500,0.7493,1,16.00,25
5773,9.9800,0.7492,1,100.00,2
5774,9.9800,0.7492,1,100.00,2
5775,9.3200,0.7492,1,27.78,18
5776,8.2600,0.7491,1,16.67,24
5777,9.9600,0.7491,1,50.00,4
5778,9.4600,0.7490,1,75.00,4
5779,9.4500,0.7490,1,80.00,5
5780,9.9900,0.7490,1,100.00,1
5781,9.8900,0.7489,1,9.09,11
5782,8.3600,0.7489,1,35.71,14
5783,9.9600,0.7489,1,50.00,4
5784,9.9200,0.7488,1,37.50,8
5785,9.8100,0.7488,1,5.26,19
5786,9.8900,0.7487,1,18.18,11
5787,-2.2500,0.7487,0,0.00,25
5788,7.8500,0.7487,1,20.00,15
5789,9.8600,0.7486,1,7.14,14
5790,9.9900,0.7486,1,100.00,1
5791,9.8700,0.7486,1,15.38,13
5792,9.9200,0.7485,1,50.00,8
5793,9.4500,0.7485,1,40.00,5
5794,-1.7500,0.7484,0,0.00,25
5795,9.9900,0.7484,1,100.00,1
5796,9.9200,0.7484,1,25.00,8
5797,9.4500,0.7483,1,40.00,5
5798,9.9600,0.7483,1,25.00,4
5799,9.9400,0.7483,1,33.33,6
5800,9.4600,0.7482,1,75.00,4
5801,9.9800,0.7482,1,100.00,2
5802,-0.2500,0.7481,0,0.00,25
5803,-2.7500,0.7481,0,0.00,25
5804,9.9300,0.7481,1,28.57,7
5805,9.8800,0.7480,1,33.33,12
5806,9.9700,0.7480,1,33.33,3
5807,9.9600,0.7480,1,50.00,4
5808,-1.2500,0.7479,0,0.00,25
5809,-2.2500,0.7479,0,0.00,25
5810,9.9600,0.7478,1,25.00,4
5811,9.8100,0.7478,1,10.53,19
5812,9.3900,0.7478,1,36.36,11
5813,9.8700,0.7477,1,7.69,13
5814,9.3400,0.7477,1,25.00,16
5815,9.9900,0.7477,1,100.00,1
5816,9.9900,0.7476,1,100.00,1
5817,9.9700,0.7476,1,100.00,3
5818,9.8700,0.7475,1,15.38,13
5819,9.4700,0.7475,1,66.67,3
5820,9.9700,0.7475,1,100.00,3
5821,8.9400,0.7474,1,50.00,6
5822,9.3800,0.7474,1,25.00,12
5823,9.9800,0.7474,1,100.00,2
5824,9.9900,0.7473,1,100.00,1
5825,8.9300,0.7473,1,42.86,7
5826,6.8500,0.7472,1,26.67,15
5827,9.9100,0.7472,1,22.22,9
5828,9.9000,0.7472,1,20.00,10
5829,8.8800,0.7471,1,50.00,12
5830,9.9600,0.7471,1,75.00,4
5831,-0.2500,0.7471,0,0.00,25
5832,9.4500,0.7470,1,80.00,5
5833,9.9500,0.7470,1,60.00,5
5834,9.8500,0.7469,1,20.00,15
5835,9.9900,0.7469,1,100.00,1
5836,9.7700,0.7469,1,8.70,23
5837,-2.7500,0.7468,0,0.00,25
5838,9.4400,0.7468,1,16.67,6
5839,9.8500,0.7468,1,13.33,15
5840,9.9900,0.7467,1,100.00,1
5841,9.4200,0.7467,1,75.00,8
5842,9.9300,0.7467,1,28.57,7
5843,5.7700,0.7466,1,26.09,23
5844,9.9400,0.7466,1,33.33,6
5845,9.8100,0.7465,1,10.53,19
5846,-0.7500,0.7465,0,0.00,25
5847,9.9500,0.7465,1,20.00,5
5848,9.3800,0.7464,1,33.33,12
5849,9.9800,0.7464,1,100.00,2
5850,-0.2500,0.7464,0,0.00,25
5851,9.9900,0.7463,1,100.00,1
5852,9.3400,0.7463,1,31.25,16
5853,9.3600,0.7462,1,21.43,14
5854,-3.2500,0.7462,0,0.00,25
5855,9.9500,0.7462,1,20.00,5
5856,9.9700,0.7461,1,33.33,3
5857,9.9600,0.7461,1,50.00,4
5858,9.9500,0.7461,1,20.00,5
5859,9.9900,0.7460,1,100.00,1
5860,9.3500,0.7460,1,6.67,15
5861,9.8600,0.7459,1,7.14,14
5862,7.8000,0.7459,1,25.00,20
5863,9.3100,0.7459,1,31.58,19
5864,9.9600,0.7458,1,50.00,4
5865,8.8100,0.7458,1,26.32,19
5866,-1.2500,0.7458,0,0.00,25
5867,9.9700,0.7457,1,100.00,3
5868,9.9300,0.7457,1,42.86,7
5869,9.9900,0.7456,1,100.00,1
5870,9.9700,0.7456,1,100.00,3
5871,9.3400,0.7456,1,37.50,16
5872,8.2700,0.7455,1,8.70,23
5873,9.8800,0.7455,1,25.00,12
5874,9.9100,0.7455,1,33.33,9
5875,9.9500,0.7454,1,40.00,5
5876,9.9800,0.7454,1,100.00,2
5877,9.9900,0.7453,1,100.00,1
5878,9.9900,0.7453,1,100.00,1
5879,9.4300,0.7453,1,42.86,7
5880,9.9600,0.7452,1,50.00,4
5881,9.9100,0.7452,1,55.56,9
5882,9.8200,0.7452,1,11.11,18
5883,9.8600,0.7451,1,21.43,14
5884,-0.7500,0.7451,0,0.00,25
5885,8.9400,0.7450,1,66.67,6
5886,9.4100,0.7450,1,55.56,9
5887,9.9800,0.7450,1,100.00,2
5888,9.9100,0.7449,1,11.11,9
5889,9.9600,0.7449,1,50.00,4
5890,9.4500,0.7449,1,80.00,5
5891,9.9800,0.7448,1,50.00,2
5892,9.9900,0.7448,1,100.00,1
5893,9.8700,0.7447,1,23.08,13
5894,-1.2500,0.7447,0,0.00,25
5895,8.8200,0.7447,1,11.11,18
5896,9.9100,0.7446,1,22.22,9
5897,9.9800,0.7446,1,100.00,2
5898,9.9700,0.7446,1,66.67,3
5899,9.8800,0.7445,1,25.00,12
5900,-1.2500,0.7445,0,0.00,25
5901,9.9600,0.7445,1,50.00,4
5902,9.9900,0.7444,1,100.00,1
5903,9.9800,0.7444,1,100.00,2
5904,8.3400,0.7443,1,18.75,16
5905,9.3500,0.7443,1,33.33,15
5906,9.3200,0.7443,1,11.11,18
5907,9.3500,0.7442,1,40.00,15
5908,9.9800,0.7442,1,100.00,2
5909,8.7500,0.7442,1,8.00,25
5910,9.9600,0.7441,1,50.00,4
5911,9.9700,0.7441,1,33.33,3
5912,9.9700,0.7440,1,100.00,3
5913,9.8500,0.7440,1,26.67,15
5914,9.8000,0.7440,1,10.00,20
5915,9.9200,0.7439,1,25.00,8
5916,9.9600,0.7439,1,50.00,4
5917,9.4200,0.7439,1,37.50,8
5918,8.8200,0.7438,1,11.11,18
5919,9.8900,0.7438,1,18.18,11
5920,9.9300,0.7437,1,28.57,7
5921,9.9200,0.7437,1,75.00,8
5922,9.9300,0.7437,1,42.86,7
5923,9.4000,0.7436,1,60.00,10
5924,9.9300,0.7436,1,42.86,7
5925,9.9800,0.7436,1,100.00,2
5926,9.9900,0.7435,1,100.00,1
5927,9.9400,0.7435,1,50.00,6
5928,9.9600,0.7434,1,50.00,4
5929,9.9600,0.7434,1,50.00,4
5930,-2.7500,0.7434,0,0.00,25
5931,9.9900,0.7433,1,100.00,1
5932,9.9600,0.7433,1,50.00,4
5933,9.9800,0.7433,1,100.00,2
5934,9.9800,0.7432,1,100.00,2
5935,9.8600,0.7432,1,7.14,14
5936,9.9500,0.7431,1,20.00,5
5937,9.3700,0.7431,1,23.08,13
5938,9.8500,0.7431,1,26.67,15
5939,-0.2500,0.7430,0,0.00,25
5940,9.9400,0.7430,1,50.00,6
5941,9.9600,0.7430,1,50.00,4
5942,9.9500,0.7429,1,20.00,5
5943,9.8700,0.7429,1,23.08,13
5944,-0.7500,0.7429,0,0.00,25
5945,9.4500,0.7428,1,40.00,5
5946,9.9300,0.7428,1,42.86,7
5947,9.9900,0.7427,1,100.00,1
5948,9.9800,0.7427,1,100.00,2
5949,9.9800,0.7427,1,50.00,2
5950,-1.7500,0.7426,0,0.00,25
5951,7.2600,0.7426,1,20.83,24
5952,9.9300,0.7426,1,42.86,7
5953,9.4300,0.7425,1,42.86,7
5954,9.9700,0.7425,1,33.33,3
5955,8.4300,0.7424,1,28.57,7
5956,9.9900,0.7424,1,100.00,1
5957,9.8700,0.7424,1,38.46,13
5958,9.9300,0.7423,1,28.57,7
5959,8.8900,0.7423,1,18.18,11
5960,9.9300,0.7423,1,42.86,7
5961,9.9800,0.7422,1,50.00,2
5962,9.9700,0.7422,1,100.00,3
5963,-0.7500,0.7421,0,0.00,25
5964,9.8800,0.7421,1,25.00,12
5965,9.9200,0.7421,1,37.50,8
5966,-0.7500,0.7420,0,0.00,25
5967,9.9000,0.7420,1,30.00,10
5968,9.4000,0.7420,1,30.00,10
5969,9.9800,0.7419,1,100.00,2
5970,9.9700,0.7419,1,33.33,3
5971,9.9900,0.7419,1,100.00,1
5972,9.9400,0.7418,1,50.00,6
5973,9.9900,0.7418,1,100.00,1
5974,9.9900,0.7417,1,100.00,1
5975,9.9000,0.7417,1,30.00,10
5976,9.9600,0.7417,1,50.00,4
5977,9.9700,0.7416,1,33.33,3
5978,9.8200,0.7416,1,11.11,18
5979,9.9300,0.7416,1,42.86,7
5980,9.8000,0.7415,1,10.00,20
5981,9.8000,0.7415,1,10.00,20
5982,9.9300,0.7414,1,71.43,7
5983,9.9300,0.7414,1,71.43,7
5984,9.8700,0.7414,1,38.46,13
5985,-2.2500,0.7413,0,0.00,25
5986,9.9200,0.7413,1,37.50,8
5987,9.4300,0.7413,1,28.57,7
5988,7.8200,0.7412,1,22.22,18
5989,8.3600,0.7412,1,42.86,14
5990,9.9400,0.7411,1,33.33,6
5991,9.9600,0.7411,1,50.00,4
5992,9.9600,0.7411,1,50.00,4
5993,9.9500,0.7410,1,60.00,5
5994,8.8100,0.7410,1,21.05,19
5995,9.9600,0.7410,1,100.00,4
5996,9.9700,0.7409,1,100.00,3
5997,-2.2500,0.7409,0,0.00,25
5998,9.9900,0.7408,1,100.00,1
5999,9.9800,0.7408,1,100.00,2
6000,8.3300,0.7408,1,29.41,17
6001,9.9700,0.7407,1,66.67,3
6002,9.9100,0.7407,1,22.22,9
6003,9.4700,0.7407,1,66.67,3
6004,-0.7500,0.7406,0,0.00,25
6005,9.9700,0.7406,1,33.33,3
6006,9.9400,0.7406,1,33.33,6
6007,9.4500,0.7405,1,40.00,5
6008,9.8900,0.7405,1,27.27,11
6009,9.9400,0.7404,1,50.00,6
6010,9.8300,0.7404,1,17.65,17
6011,9.4500,0.7404,1,80.00,5
6012,9.8600,0.7403,1,14.29,14
6013,9.9700,0.7403,1,33.33,3
6014,9.9900,0.7403,1,100.00,1
6015,8.4100,0.7402,1,22.22,9
6016,9.9200,0.7402,1,25.00,8
6017,9.9900,0.7401,1,100.00,1
6018,9.8800,0.7401,1,41.67,12
6019,8.2600,0.7401,1,20.83,24
6020,9.9200,0.7400,1,12.50,8
6021,8.9200,0.7400,1,50.00,8
6022,9.9900,0.7400,1,100.00,1
6023,9.9700,0.7399,1,33.33,3
6024,9.9600,0.7399,1,25.00,4
6025,8.8600,0.7399,1,14.29,14
6026,9.8400,0.7398,1,31.25,16
6027,9.9600,0.7398,1,50.00,4
6028,9.9500,0.7397,1,40.00,5
6029,-4.2500,0.7397,0,0.00,25
6030,9.9800,0.7397,1,100.00,2
6031,9.8200,0.7396,1,11.11,18
6032,8.8800,0.7396,1,16.67,12
6033,-1.7500,0.7396,0,0.00,25
6034,9.9600,0.7395,1,50.00,4
6035,8.7700,0.7395,1,21.74,23
6036,9.9000,0.7394,1,60.00,10
6037,9.3800,0.7394,1,41.67,12
6038,9.9100,0.7394,1,22.22,9
6039,8.9200,0.7393,1,50.00,8
6040,9.8600,0.7393,1,35.71,14
6041,9.9700,0.7393,1,100.00,3
6042,9.9500,0.7392,1,60.00,5
6043,9.4700,0.7392,1,66.67,3
6044,9.9400,0.7391,1,33.33,6
6045,9.9900,0.7391,1,100.00,1
6046,8.9000,0.7391,1,60.00,10
6047,9.9800,0.7390,1,100.00,2
6048,9.7800,0.7390,1,13.64,22
6049,9.4200,0.7390,1,25.00,8
6050,9.9800,0.7389,1,100.00,2
6051,9.8800,0.7389,1,16.67,12
6052,9.4300,0.7389,1,14.29,7
6053,9.9100,0.7388,1,33.33,9
6054,9.7500,0.7388,1,24.00,25
6055,-2.2500,0.7387,0,0.00,25
6056,9.9500,0.7387,1,20.00,5
6057,8.8800,0.7387,1,25.00,12
6058,9.9300,0.7386,1,14.29,7
6059,9.9600,0.7386,1,50.00,4
6060,9.9600,0.7386,1,75.00,4
6061,8.8900,0.7385,1,45.45,11
6062,9.9900,0.7385,1,100.00,1
6063,9.9800,0.7384,1,100.00,2
6064,8.3800,0.7384,1,50.00,12
6065,9.9800,0.7384,1,100.00,2
6066,9.9900,0.7383,1,100.00,1
6067,9.9900,0.7383,1,100.00,1
6068,9.9800,0.7383,1,100.00,2
6069,9.9700,0.7382,1,66.67,3
6070,7.9000,0.7382,1,40.00,10
6071,9.3600,0.7382,1,14.29,14
6072,9.8800,0.7381,1,50.00,12
6073,9.8800,0.7381,1,25.00,12
6074,9.9800,0.7380,1,100.00,2
6075,9.9500,0.7380,1,20.00,5
6076,9.9200,0.7380,1,62.50,8
6077,9.9700,0.7379,1,66.67,3
6078,9.8900,0.7379,1,9.09,11
6079,9.4200,0.7379,1,62.50,8
6080,9.9600,0.7378,1,50.00,4
6081,9.8700,0.7378,1,30.77,13
6082,9.8700,0.7377,1,7.69,13
6083,9.9300,0.7377,1,42.86,7
6084,9.9600,0.7377,1,50.00,4
6085,9.9900,0.7376,1,100.00,1
6086,9.8000,0.7376,1,10.00,20
6087,9.8000,0.7376,1,10.00,20
6088,9.9600,0.7375,1,75.00,4
6089,9.4300,0.7375,1,57.14,7
6090,9.7500,0.7374,1,12.00,25
6091,7.7700,0.7374,1,26.09,23
6092,9.9400,0.7374,1,33.33,6
6093,9.9000,0.7373,1,20.00,10
6094,8.3600,0.7373,1,35.71,14
6095,9.2700,0.7373,1,4.35,23
6096,9.3900,0.7372,1,54.55,11
6097,8.3300,0.7372,1,35.29,17
6098,9.9900,0.7372,1,100.00,1
6099,9.9300,0.7371,1,14.29,7
6100,9.9300,0.7371,1,14.29,7
6101,9.9600,0.7370,1,75.00,4
6102,9.4100,0.7370,1,44.44,9
6103,9.9800,0.7370,1,100.00,2
6104,9.8000,0.7369,1,20.00,20
6105,9.9600,0.7369,1,50.00,4
6106,-0.7500,0.7369,0,0.00,25
6107,8.8600,0.7368,1,21.43,14
6108,9.9200,0.7368,1,25.00,8
6109,9.9700,0.7367,1,66.67,3
6110,9.9400,0.7367,1,33.33,6
6111,9.9500,0.7367,1,20.00,5
6112,9.9700,0.7366,1,33.33,3
6113,9.3800,0.7366,1,50.00,12
6114,9.9700,0.7366,1,100.00,3
6115,9.9900,0.7365,1,100.00,1
6116,9.8800,0.7365,1,16.67,12
6117,8.8200,0.7365,1,33.33,18
6118,8.7600,0.7364,1,12.50,24
6119,9.9700,0.7364,1,100.00,3
6120,9.9000,0.7363,1,50.00,10
6121,9.9200,0.7363,1,25.00,8
6122,9.9500,0.7363,1,60.00,5
6123,9.8100,0.7362,1,10.53,19
6124,9.9500,0.7362,1,40.00,5
6125,9.3500,0.7362,1,33.33,15
6126,9.9900,0.7361,1,100.00,1
6127,9.9900,0.7361,1,100.00,1
6128,9.9900,0.7360,1,100.00,1
6129,9.9800,0.7360,1,100.00,2
6130,9.9700,0.7360,1,66.67,3
6131,9.9700,0.7359,1,100.00,3
6132,9.9600,0.7359,1,50.00,4
6133,9.4500,0.7359,1,40.00,5
6134,9.9700,0.7358,1,100.00,3
6135,9.9200,0.7358,1,12.50,8
6136,9.8700,0.7358,1,23.08,13
6137,9.9900,0.7357,1,100.00,1
6138,9.9600,0.7357,1,50.00,4
6139,9.9600,0.7356,1,25.00,4
6140,-0.2500,0.7356,0,0.00,25
6141,9.9000,0.7356,1,30.00,10
6142,9.9900,0.7355,1,100.00,1
6143,9.4700,0.7355,1,66.67,3
6144,8.8800,0.7355,1,50.00,12
6145,-3.2500,0.7354,0,0.00,25
6146,8.8800,0.7354,1,8.33,12
6147,9.4300,0.7354,1,28.57,7
6148,9.9800,0.7353,1,100.00,2
6149,9.8600,0.7353,1,21.43,14
6150,9.9500,0.7352,1,20.00,5
6151,9.9500,0.7352,1,40.00,5
6152,9.9400,0.7352,1,50.00,6
6153,9.3600,0.7351,1,42.86,14
6154,9.8900,0.7351,1,18.18,11
6155,9.9800,0.7351,1,100.00,2
6156,9.9200,0.7350,1,25.00,8
6157,9.8200,0.7350,1,16.67,18
6158,9.4300,0.7349,1,28.57,7
6159,9.9200,0.7349,1,37.50,8
6160,9.9100,0.7349,1,22.22,9
6161,8.8800,0.7348,1,16.67,12
6162,9.4300,0.7348,1,71.43,7
6163,9.9800,0.7348,1,100.00,2
6164,9.9700,0.7347,1,33.33,3
6165,9.8800,0.7347,1,16.67,12
6166,9.9800,0.7347,1,100.00,2
6167,9.8700,0.7346,1,30.77,13
6168,9.9100,0.7346,1,11.11,9
6169,9.9600,0.7345,1,50.00,4
6170,8.7700,0.7345,1,8.70,23
6171,9.8700,0.7345,1,15.38,13
6172,8.9200,0.7344,1,50.00,8
6173,9.9700,0.7344,1,33.33,3
6174,9.9400,0.7344,1,33.33,6
6175,9.9600,0.7343,1,50.00,4
6176,9.8200,0.7343,1,11.11,18
6177,-2.7500,0.7342,0,0.00,25
6178,9.9100,0.7342,1,22.22,9
6179,-1.2500,0.7342,0,0.00,25
6180,-1.7500,0.7341,0,0.00,25
6181,9.3600,0.7341,1,21.43,14
6182,9.9300,0.7341,1,14.29,7
6183,9.9700,0.7340,1,100.00,3
6184,9.4600,0.7340,1,75.00,4
6185,9.4000,0.7340,1,50.00,10
6186,9.9500,0.7339,1,80.00,5
6187,9.4400,0.7339,1,33.33,6
6188,9.7700,0.7338,1,13.04,23
6189,-1.7500,0.7338,0,0.00,25
6190,9.9500,0.7338,1,40.00,5
6191,-0.2500,0.7337,0,0.00,25
6192,9.9900,0.7337,1,100.00,1
6193,9.8600,0.7337,1,35.71,14
6194,9.9500,0.7336,1,60.00,5
6195,9.9100,0.7336,1,33.33,9
6196,9.9600,0.7336,1,50.00,4
6197,9.9500,0.7335,1,20.00,5
6198,9.3400,0.7335,1,18.75,16
6199,9.9500,0.7334,1,20.00,5
6200,9.8400,0.7334,1,12.50,16
6201,9.8600,0.7334,1,14.29,14
6202,9.9700,0.7333,1,100.00,3
6203,8.3300,0.7333,1,23.53,17
6204,9.9900,0.7333,1,100.00,1
6205,9.9700,0.7332,1,100.00,3
6206,9.9300,0.7332,1,71.43,7
6207,9.4200,0.7331,1,50.00,8
6208,9.9300,0.7331,1,28.57,7
6209,9.9700,0.7331,1,100.00,3
6210,9.9900,0.7330,1,100.00,1
6211,9.9600,0.7330,1,50.00,4
6212,9.9500,0.7330,1,20.00,5
6213,9.9000,0.7329,1,20.00,10
6214,9.8600,0.7329,1,21.43,14
6215,9.8500,0.7329,1,6.67,15
6216,7.2600,0.7328,1,25.00,24
6217,9.3000,0.7328,1,10.00,20
6218,9.9800,0.7327,1,100.00,2
6219,9.3000,0.7327,1,15.00,20
6220,9.9100,0.7327,1,22.22,9
6221,9.9000,0.7326,1,20.00,10
6222,9.9100,0.7326,1,33.33,9
6223,9.9500,0.7326,1,60.00,5
6224,-3.2500,0.7325,0,0.00,25
6225,9.9400,0.7325,1,50.00,6
6226,9.8900,0.7325,1,54.55,11
6227,9.9700,0.7324,1,33.33,3
6228,9.8300,0.7324,1,11.76,17
6229,7.8400,0.7323,1,31.25,16
6230,9.8900,0.7323,1,45.45,11
6231,9.8300,0.7323,1,23.53,17
6232,7.8500,0.7322,1,40.00,15
6233,9.9800,0.7322,1,100.00,2
6234,9.9500,0.7322,1,20.00,5
6235,9.9100,0.7321,1,11.11,9
6236,9.9400,0.7321,1,50.00,6
6237,8.8700,0.7320,1,30.77,13
6238,8.8100,0.7320,1,10.53,19
6239,9.9600,0.7320,1,100.00,4
6240,9.9000,0.7319,1,10.00,10
6241,9.9800,0.7319,1,100.00,2
6242,9.9200,0.7319,1,25.00,8
6243,9.9500,0.7318,1,40.00,5
6244,9.3000,0.7318,1,25.00,20
6245,8.8100,0.7318,1,5.26,19
6246,9.9600,0.7317,1,100.00,4
6247,8.8500,0.7317,1,13.33,15
6248,9.2500,0.7316,1,8.00,25
6249,9.9200,0.7316,1,12.50,8
6250,9.9600,0.7316,1,75.00,4
6251,9.9500,0.7315,1,100.00,5
6252,9.9200,0.7315,1,25.00,8
6253,9.9700,0.7315,1,33.33,3
6254,9.9600,0.7314,1,50.00,4
6255,8.9000,0.7314,1,20.00,10
6256,9.9000,0.7314,1,20.00,10
6257,8.2600,0.7313,1,20.83,24
6258,9.8800,0.7313,1,16.67,12
6259,9.9100,0.7312,1,22.22,9
6260,9.8700,0.7312,1,7.69,13
6261,9.9800,0.7312,1,100.00,2
6262,9.9300,0.7311,1,42.86,7
6263,-1.7500,0.7311,0,0.00,25
6264,9.9300,0.7311,1,28.57,7
6265,9.9600,0.7310,1,50.00,4
6266,9.8800,0.7310,1,16.67,12
6267,9.9000,0.7310,1,20.00,10
6268,9.8900,0.7309,1,27.27,11
6269,9.9600,0.7309,1,50.00,4
6270,8.3400,0.7308,1,25.00,16
6271,8.3500,0.7308,1,33.33,15
6272,7.3400,0.7308,1,37.50,16
6273,9.9100,0.7307,1,33.33,9
6274,9.9400,0.7307,1,33.33,6
6275,9.9700,0.7307,1,100.00,3
6276,9.9900,0.7306,1,100.00,1
6277,9.9100,0.7306,1,22.22,9
6278,9.3700,0.7305,1,15.38,13
6279,9.9400,0.7305,1,50.00,6
6280,9.9500,0.7305,1,100.00,5
6281,9.9400,0.7304,1,33.33,6
6282,9.9300,0.7304,1,42.86,7
6283,9.9400,0.7304,1,33.33,6
6284,9.9800,0.7303,1,100.00,2
6285,9.9300,0.7303,1,14.29,7
6286,8.8400,0.7303,1,25.00,16
6287,9.3400,0.7302,1,12.50,16
6288,9.4300,0.7302,1,71.43,7
6289,9.7600,0.7301,1,16.67,24
6290,9.8900,0.7301,1,18.18,11
6291,6.7700,0.7301,1,26.09,23
6292,9.9700,0.7300,1,33.33,3
6293,9.9500,0.7300,1,40.00,5
6294,9.3800,0.7300,1,41.67,12
6295,9.9100,0.7299,1,11.11,9
6296,9.9300,0.7299,1,57.14,7
6297,9.9600,0.7299,1,50.00,4
6298,9.9500,0.7298,1,60.00,5
6299,9.9000,0.7298,1,50.00,10
6300,9.9600,0.7297,1,75.00,4
6301,9.9500,0.7297,1,40.00,5
6302,8.9200,0.7297,1,25.00,8
6303,-3.2500,0.7296,0,0.00,25
6304,9.8900,0.7296,1,9.09,11
6305,9.9400,0.7296,1,33.33,6
6306,9.8900,0.7295,1,27.27,11
6307,9.9500,0.7295,1,60.00,5
6308,9.9900,0.7295,1,100.00,1
6309,9.9400,0.7294,1,33.33,6
6310,9.9500,0.7294,1,40.00,5
6311,9.3400,0.7293,1,18.75,16
6312,-0.7500,0.7293,0,0.00,25
6313,9.9800,0.7293,1,100.00,2
6314,9.9900,0.7292,1,100.00,1
6315,7.7900,0.7292,1,14.29,21
6316,9.9600,0.7292,1,75.00,4
6317,-1.7500,0.7291,0,0.00,25
6318,9.9000,0.7291,1,40.00,10
6319,9.8200,0.7291,1,16.67,18
6320,9.9100,0.7290,1,11.11,9
6321,-0.7500,0.7290,0,0.00,25
6322,9.9500,0.7289,1,40.00,5
6323,9.9800,0.7289,1,100.00,2
6324,9.8500,0.7289,1,20.00,15
6325,9.9200,0.7288,1,25.00,8
6326,9.8600,0.7288,1,28.57,14
6327,9.8900,0.7288,1,9.09,11
6328,9.9600,0.7287,1,50.00,4
6329,8.4100,0.7287,1,22.22,9
6330,8.8700,0.7287,1,7.69,13
6331,9.9800,0.7286,1,100.00,2
6332,9.9700,0.7286,1,33.33,3
6333,9.9100,0.7285,1,11.11,9
6334,9.9300,0.7285,1,42.86,7
6335,9.9500,0.7285,1,40.00,5
6336,9.9600,0.7284,1,25.00,4
6337,9.9900,0.7284,1,100.00,1
6338,9.9700,0.7284,1,100.00,3
6339,9.9400,0.7283,1,100.00,6
6340,-1.7500,0.7283,0,0.00,25
6341,9.9200,0.7283,1,75.00,8
6342,9.9800,0.7282,1,100.00,2
6343,9.9500,0.7282,1,60.00,5
6344,9.9400,0.7281,1,50.00,6
6345,9.9800,0.7281,1,100.00,2
6346,8.8600,0.7281,1,35.71,14
6347,9.9800,0.7280,1,100.00,2
6348,9.9800,0.7280,1,100.00,2
6349,9.9700,0.7280,1,100.00,3
6350,9.9800,0.7279,1,100.00,2
6351,8.8500,0.7279,1,33.33,15
6352,9.9900,0.7279,1,100.00,1
6353,9.8900,0.7278,1,27.27,11
6354,9.8900,0.7278,1,18.18,11
6355,9.8700,0.7277,1,15.38,13
6356,-0.7500,0.7277,0,0.00,25
6357,9.9800,0.7277,1,100.00,2
6358,7.8200,0.7276,1,27.78,18
6359,9.9800,0.7276,1,100.00,2
6360,9.9800,0.7276,1,50.00,2
6361,9.9300,0.7275,1,71.43,7
6362,9.9800,0.7275,1,50.00,2
6363,9.8900,0.7275,1,18.18,11
6364,9.8400,0.7274,1,12.50,16
6365,9.4600,0.7274,1,25.00,4
6366,-2.7500,0.7273,0,0.00,25
6367,9.4600,0.7273,1,25.00,4
6368,-4.2500,0.7273,0,0.00,25
6369,9.9600,0.7272,1,50.00,4
6370,9.9700,0.7272,1,100.00,3
6371,8.8700,0.7272,1,15.38,13
6372,9.9600,0.7271,1,75.00,4
6373,9.9500,0.7271,1,20.00,5
6374,9.4200,0.7271,1,37.50,8
6375,-2.2500,0.7270,0,0.00,25
6376,9.4700,0.7270,1,66.67,3
6377,-2.2500,0.7269,0,0.00,25
6378,9.3500,0.7269,1,13.33,15
6379,8.2900,0.7269,1,9.52,21
6380,9.9800,0.7268,1,100.00,2
6381,9.9800,0.7268,1,100.00,2
6382,9.9900,0.7268,1,100.00,1
6383,9.9600,0.7267,1,100.00,4
6384,9.4500,0.7267,1,40.00,5
6385,-2.2500,0.7267,0,0.00,25
6386,9.8600,0.7266,1,21.43,14
6387,9.9300,0.7266,1,42.86,7
6388,9.9400,0.7265,1,50.00,6
6389,8.7900,0.7265,1,28.57,21
6390,9.4100,0.7265,1,44.44,9
6391,9.4100,0.7264,1,22.22,9
6392,9.9200,0.7264,1,25.00,8
6393,9.4100,0.7264,1,33.33,9
6394,9.9200,0.7263,1,25.00,8
6395,9.8900,0.7263,1,45.45,11
6396,-0.2500,0.7263,0,0.00,25
6397,9.9800,0.7262,1,100.00,2
6398,9.9500,0.7262,1,40.00,5
6399,-0.2500,0.7261,0,0.00,25
6400,9.9700,0.7261,1,100.00,3
6401,7.8000,0.7261,1,30.00,20
6402,9.4400,0.7260,1,50.00,6
6403,-1.7500,0.7260,0,0.00,25
6404,8.8200,0.7260,1,22.22,18
6405,9.9900,0.7259,1,100.00,1
6406,8.3900,0.7259,1,27.27,11
6407,9.9600,0.7259,1,50.00,4
6408,7.2800,0.7258,1,18.18,22
6409,9.9500,0.7258,1,40.00,5
6410,9.9600,0.7257,1,50.00,4
6411,7.8600,0.7257,1,14.29,14
6412,9.8600,0.7257,1,14.29,14
6413,8.3300,0.7256,1,29.41,17
6414,9.4100,0.7256,1,22.22,9
6415,9.9900,0.7256,1,100.00,1
6416,9.9100,0.7255,1,11.11,9
6417,9.9700,0.7255,1,33.33,3
6418,9.8200,0.7255,1,22.22,18
6419,9.3700,0.7254,1,46.15,13
6420,9.9900,0.7254,1,100.00,1
6421,8.7900,0.7253,1,9.52,21
6422,-0.7500,0.7253,0,0.00,25
6423,9.9900,0.7253,1,100.00,1
6424,9.9000,0.7252,1,30.00,10
6425,8.8300,0.7252,1,17.65,17
6426,9.9200,0.7252,1,62.50,8
6427,9.3100,0.7251,1,31.58,19
6428,9.8900,0.7251,1,45.45,11
6429,9.9300,0.7251,1,42.86,7
6430,9.9300,0.7250,1,42.86,7
6431,-0.7500,0.7250,0,0.00,25
6432,9.9800,0.7249,1,100.00,2
6433,9.8800,0.7249,1,16.67,12
6434,9.8900,0.7249,1,18.18,11
6435,9.4500,0.7248,1,80.00,5
6436,-0.7500,0.7248,0,0.00,25
6437,9.9900,0.7248,1,100.00,1
6438,9.9800,0.7247,1,100.00,2
6439,8.8600,0.7247,1,42.86,14
6440,9.9000,0.7247,1,20.00,10
6441,9.9700,0.7246,1,33.33,3
6442,9.9700,0.7246,1,66.67,3
6443,9.9700,0.7245,1,100.00,3
6444,9.3800,0.7245,1,41.67,12
6445,8.8700,0.7245,1,30.77,13
6446,9.9500,0.7244,1,100.00,5
6447,-2.2500,0.7244,0,0.00,25
6448,9.9300,0.7244,1,42.86,7
6449,9.9900,0.7243,1,100.00,1
6450,9.9400,0.7243,1,50.00,6
6451,9.7900,0.7243,1,14.29,21
6452,9.9200,0.7242,1,25.00,8
6453,8.8500,0.7242,1,33.33,15
6454,8.9000,0.7241,1,50.00,10
6455,8.4100,0.7241,1,22.22,9
6456,9.4500,0.7241,1,80.00,5
6457,-1.2500,0.7240,0,0.00,25
6458,9.9900,0.7240,1,100.00,1
6459,8.9000,0.7240,1,40.00,10
6460,7.3100,0.7239,1,26.32,19
6461,9.3800,0.7239,1,33.33,12
6462,9.9500,0.7239,1,60.00,5
6463,9.4500,0.7238,1,40.00,5
6464,9.9100,0.7238,1,55.56,9
6465,-0.7500,0.7238,0,0.00,25
6466,9.8500,0.7237,1,13.33,15
6467,9.4000,0.7237,1,30.00,10
6468,9.9100,0.7236,1,22.22,9
6469,9.9600,0.7236,1,75.00,4
6470,9.9200,0.7236,1,25.00,8
6471,8.8900,0.7235,1,36.36,11
6472,9.4200,0.7235,1,37.50,8
6473,9.9200,0.7235,1,50.00,8
6474,9.8300,0.7234,1,11.76,17
6475,8.3500,0.7234,1,33.33,15
6476,9.3700,0.7234,1,23.08,13
6477,9.8700,0.7233,1,23.08,13
6478,9.4200,0.7233,1,62.50,8
6479,9.9200,0.7232,1,37.50,8
6480,9.9300,0.7232,1,28.57,7
6481,9.3800,0.7232,1,33.33,12
6482,9.3900,0.7231,1,36.36,11
6483,9.9800,0.7231,1,100.00,2
6484,9.9100,0.7231,1,44.44,9
6485,-1.7500,0.7230,0,0.00,25
6486,9.4200,0.7230,1,50.00,8
6487,9.3500,0.7230,1,40.00,15
6488,9.2900,0.7229,1,9.52,21
6489,9.9400,0.7229,1,50.00,6
6490,9.9600,0.7228,1,50.00,4
6491,-1.7500,0.7228,0,0.00,25
6492,9.9500,0.7228,1,20.00,5
6493,9.3800,0.7227,1,50.00,12
6494,8.4000,0.7227,1,20.00,10
6495,9.9800,0.7227,1,100.00,2
6496,9.8700,0.7226,1,15.38,13
6497,8.9000,0.7226,1,60.00,10
6498,9.4500,0.7226,1,40.00,5
6499,9.9300,0.7225,1,14.29,7
6500,9.9800,0.7225,1,100.00,2
6501,8.9300,0.7224,1,14.29,7
6502,8.3400,0.7224,1,18.75,16
6503,9.9600,0.7224,1,50.00,4
6504,9.9700,0.7223,1,100.00,3
6505,8.8700,0.7223,1,23.08,13
6506,9.9900,0.7223,1,100.00,1
6507,9.9500,0.7222,1,40.00,5
6508,9.9200,0.7222,1,75.00,8
6509,9.9400,0.7222,1,33.33,6
6510,9.9700,0.7221,1,66.67,3
6511,8.8900,0.7221,1,45.45,11
6512,9.9700,0.7221,1,100.00,3
6513,9.9500,0.7220,1,80.00,5
6514,9.9600,0.7220,1,100.00,4
6515,9.9700,0.7219,1,33.33,3
6516,9.8900,0.7219,1,27.27,11
6517,9.8500,0.7219,1,20.00,15
6518,9.7500,0.7218,1,24.00,25
6519,7.7700,0.7218,1,21.74,23
6520,8.2700,0.7218,1,17.39,23
6521,9.4700,0.7217,1,66.67,3
6522,9.9700,0.7217,1,100.00,3
6523,9.8600,0.7217,1,28.57,14
6524,9.9100,0.7216,1,11.11,9
6525,9.9800,0.7216,1,100.00,2
6526,-3.2500,0.7215,0,0.00,25
6527,9.4300,0.7215,1,28.57,7
6528,9.9400,0.7215,1,33.33,6
6529,9.9900,0.7214,1,100.00,1
6530,9.8900,0.7214,1,18.18,11
6531,-2.2500,0.7214,0,0.00,25
6532,-1.7500,0.7213,0,0.00,25
6533,8.9300,0.7213,1,42.86,7
6534,9.9500,0.7213,1,60.00,5
6535,-1.7500,0.7212,0,0.00,25
6536,9.9300,0.7212,1,28.57,7
6537,-1.2500,0.7211,0,0.00,25
6538,9.9900,0.7211,1,100.00,1
6539,8.8300,0.7211,1,35.29,17
6540,9.9000,0.7210,1,30.00,10
6541,9.9600,0.7210,1,50.00,4
6542,7.3400,0.7210,1,31.25,16
6543,9.9900,0.7209,1,100.00,1
6544,8.9300,0.7209,1,57.14,7
6545,9.9800,0.7209,1,100.00,2
6546,9.4500,0.7208,1,80.00,5
6547,9.2500,0.7208,1,16.00,25
6548,-0.2500,0.7208,0,0.00,25
6549,9.9500,0.7207,1,60.00,5
6550,9.9500,0.7207,1,40.00,5
6551,7.8100,0.7206,1,15.79,19
6552,9.9700,0.7206,1,100.00,3
6553,9.9400,0.7206,1,16.67,6
6554,9.9500,0.7205,1,20.00,5
6555,9.9500,0.7205,1,40.00,5
6556,9.8700,0.7205,1,7.69,13
6557,9.9300,0.7204,1,28.57,7
6558,9.9200,0.7204,1,25.00,8
6559,9.9500,0.7204,1,20.00,5
6560,-1.7500,0.7203,0,0.00,25
6561,9.9700,0.7203,1,100.00,3
6562,8.7600,0.7202,1,8.33,24
6563,8.8700,0.7202,1,38.46,13
6564,9.9800,0.7202,1,100.00,2
6565,-0.2500,0.7201,0,0.00,25
6566,9.9200,0.7201,1,37.50,8
6567,9.4000,0.7201,1,50.00,10
6568,9.9200,0.7200,1,37.50,8
6569,9.9600,0.7200,1,100.00,4
6570,7.8200,0.7200,1,11.11,18
6571,9.9400,0.7199,1,66.67,6
6572,9.9400,0.7199,1,33.33,6
6573,-0.2500,0.7199,0,0.00,25
6574,9.9600,0.7198,1,50.00,4
6575,9.3900,0.7198,1,27.27,11
6576,9.4000,0.7197,1,30.00,10
6577,9.8500,0.7197,1,13.33,15
6578,9.3900,0.7197,1,45.45,11
6579,-4.2500,0.7196,0,0.00,25
6580,9.9500,0.7196,1,40.00,5
6581,8.9300,0.7196,1,42.86,7
6582,9.9900,0.7195,1,100.00,1
6583,9.3700,0.7195,1,30.77,13
6584,9.9200,0.7195,1,25.00,8
6585,9.4200,0.7194,1,37.50,8
6586,9.9500,0.7194,1,60.00,5
6587,-0.2500,0.7193,0,0.00,25
6588,9.3600,0.7193,1,21.43,14
6589,9.9100,0.7193,1,11.11,9
6590,9.4400,0.7192,1,66.67,6
6591,9.9900,0.7192,1,100.00,1
6592,9.4400,0.7192,1,50.00,6
6593,9.9300,0.7191,1,57.14,7
6594,-0.7500,0.7191,0,0.00,25
6595,9.9900,0.7191,1,100.00,1
6596,9.9800,0.7190,1,100.00,2
6597,8.9600,0.7190,1,50.00,4
6598,8.8300,0.7190,1,35.29,17
6599,9.9300,0.7189,1,42.86,7
6600,9.9800,0.7189,1,100.00,2
6601,9.9500,0.7188,1,60.00,5
6602,9.9500,0.7188,1,20.00,5
6603,9.8600,0.7188,1,42.86,14
6604,-2.2500,0.7187,0,0.00,25
6605,9.9600,0.7187,1,50.00,4
6606,9.9600,0.7187,1,50.00,4
6607,9.9900,0.7186,1,100.00,1
6608,9.9300,0.7186,1,42.86,7
6609,9.3200,0.7186,1,11.11,18
6610,-1.7500,0.7185,0,0.00,25
6611,9.9700,0.7185,1,33.33,3
6612,9.9900,0.7185,1,100.00,1
6613,9.9300,0.7184,1,28.57,7
6614,9.9600,0.7184,1,100.00,4
6615,9.9700,0.7183,1,100.00,3
6616,9.9900,0.7183,1,100.00,1
6617,9.9800,0.7183,1,100.00,2
6618,9.8000,0.7182,1,5.00,20
6619,9.3400,0.7182,1,31.25,16
6620,9.9800,0.7182,1,100.00,2
6621,9.9300,0.7181,1,42.86,7
6622,9.9800,0.7181,1,100.00,2
6623,9.9800,0.7181,1,100.00,2
6624,9.9700,0.7180,1,100.00,3
6625,9.8500,0.7180,1,20.00,15
6626,9.9300,0.7179,1,14.29,7
6627,9.8700,0.7179,1,23.08,13
6628,9.8900,0.7179,1,18.18,11
6629,9.9400,0.7178,1,33.33,6
6630,9.9300,0.7178,1,42.86,7
6631,8.8600,0.7178,1,35.71,14
6632,8.8400,0.7177,1,12.50,16
6633,7.7600,0.7177,1,16.67,24
6634,9.9700,0.7177,1,100.00,3
6635,9.3700,0.7176,1,15.38,13
6636,9.9500,0.7176,1,20.00,5
6637,9.9700,0.7176,1,100.00,3
6638,9.3300,0.7175,1,5.88,17
6639,8.9400,0.7175,1,33.33,6
6640,9.9100,0.7174,1,33.33,9
6641,9.4100,0.7174,1,33.33,9
6642,9.9500,0.7174,1,60.00,5
6643,9.3700,0.7173,1,38.46,13
6644,9.9700,0.7173,1,100.00,3
6645,9.9100,0.7173,1,33.33,9
6646,8.2500,0.7172,1,20.00,25
6647,9.9100,0.7172,1,11.11,9
6648,9.9300,0.7172,1,42.86,7
6649,9.9800,0.7171,1,100.00,2
6650,9.9500,0.7171,1,60.00,5
6651,6.8000,0.7171,1,25.00,20
6652,9.9900,0.7170,1,100.00,1
6653,9.9500,0.7170,1,20.00,5
6654,-3.2500,0.7169,0,0.00,25
6655,9.3800,0.7169,1,25.00,12
6656,8.3600,0.7169,1,21.43,14
6657,9.9800,0.7168,1,100.00,2
6658,9.9100,0.7168,1,22.22,9
6659,-0.7500,0.7168,0,0.00,25
6660,9.9700,0.7167,1,33.33,3
6661,-2.2500,0.7167,0,0.00,25
6662,8.3100,0.7167,1,26.32,19
6663,9.8600,0.7166,1,7.14,14
6664,9.9900,0.7166,1,100.00,1
6665,9.9100,0.7165,1,33.33,9
6666,-0.2500,0.7165,0,0.00,25
6667,9.9800,0.7165,1,100.00,2
6668,9.4300,0.7164,1,71.43,7
6669,9.9700,0.7164,1,33.33,3
6670,-1.7500,0.7164,0,0.00,25
6671,9.9800,0.7163,1,100.00,2
6672,9.4400,0.7163,1,50.00,6
6673,-1.7500,0.7163,0,0.00,25
6674,9.8700,0.7162,1,23.08,13
6675,9.9400,0.7162,1,50.00,6
6676,8.3900,0.7162,1,18.18,11
6677,9.9500,0.7161,1,20.00,5
6678,9.9700,0.7161,1,33.33,3
6679,9.9700,0.7160,1,100.00,3
6680,8.8600,0.7160,1,35.71,14
6681,8.8700,0.7160,1,30.77,13
6682,9.9400,0.7159,1,33.33,6
6683,9.9400,0.7159,1,50.00,6
6684,9.9800,0.7159,1,100.00,2
6685,9.9900,0.7158,1,100.00,1
6686,9.9100,0.7158,1,33.33,9
6687,9.9400,0.7158,1,33.33,6
6688,9.9800,0.7157,1,100.00,2
6689,9.9600,0.7157,1,50.00,4
6690,9.9300,0.7157,1,42.86,7
6691,9.9700,0.7156,1,33.33,3
6692,9.9800,0.7156,1,100.00,2
6693,9.9800,0.7155,1,50.00,2
6694,9.9900,0.7155,1,100.00,1
6695,9.9100,0.7155,1,22.22,9
6696,9.8800,0.7154,1,25.00,12
6697,9.8900,0.7154,1,54.55,11
6698,9.9600,0.7154,1,50.00,4
6699,9.8800,0.7153,1,8.33,12
6700,9.9600,0.7153,1,25.00,4
6701,9.9600,0.7153,1,75.00,4
6702,9.3700,0.7152,1,38.46,13
6703,9.9800,0.7152,1,100.00,2
6704,8.9200,0.7152,1,25.00,8
6705,9.9500,0.7151,1,60.00,5
6706,9.3100,0.7151,1,21.05,19
6707,8.8800,0.7150,1,33.33,12
6708,7.8000,0.7150,1,20.00,20
6709,9.9700,0.7150,1,66.67,3
6710,9.9900,0.7149,1,100.00,1
6711,9.3700,0.7149,1,7.69,13
6712,-0.7500,0.7149,0,0.00,25
6713,9.4200,0.7148,1,75.00,8
6714,9.9300,0.7148,1,14.29,7
6715,9.9800,0.7148,1,100.00,2
6716,9.3500,0.7147,1,6.67,15
6717,9.4200,0.7147,1,37.50,8
6718,9.9700,0.7147,1,100.00,3
6719,9.9900,0.7146,1,100.00,1
6720,-1.7500,0.7146,0,0.00,25
6721,9.9700,0.7145,1,33.33,3
6722,9.8700,0.7145,1,23.08,13
6723,9.9200,0.7145,1,37.50,8
6724,9.9100,0.7144,1,11.11,9
6725,9.9200,0.7144,1,62.50,8
6726,9.9800,0.7144,1,50.00,2
6727,9.4100,0.7143,1,22.22,9
6728,7.8100,0.7143,1,31.58,19
6729,7.8900,0.7143,1,27.27,11
6730,9.4500,0.7142,1,40.00,5
6731,8.9200,0.7142,1,25.00,8
6732,-0.7500,0.7142,0,0.00,25
6733,9.9900,0.7141,1,100.00,1
6734,9.9800,0.7141,1,100.00,2
6735,9.9200,0.7140,1,37.50,8
6736,9.9400,0.7140,1,50.00,6
6737,9.9700,0.7140,1,33.33,3
6738,9.3900,0.7139,1,36.36,11
6739,-1.7500,0.7139,0,0.00,25
6740,9.9900,0.7139,1,100.00,1
6741,-0.7500,0.7138,0,0.00,25
6742,9.9300,0.7138,1,28.57,7
6743,9.9800,0.7138,1,50.00,2
6744,9.9500,0.7137,1,40.00,5
6745,9.9600,0.7137,1,75.00,4
6746,9.9100,0.7137,1,33.33,9
6747,9.9700,0.7136,1,100.00,3
6748,8.9000,0.7136,1,20.00,10
6749,9.8800,0.7135,1,25.00,12
6750,9.7600,0.7135,1,12.50,24
6751,9.8700,0.7135,1,7.69,13
6752,8.9000,0.7134,1,40.00,10
6753,9.3200,0.7134,1,22.22,18
6754,9.3400,0.7134,1,6.25,16
6755,9.3500,0.7133,1,20.00,15
6756,9.9300,0.7133,1,42.86,7
6757,9.9400,0.7133,1,33.33,6
6758,9.9900,0.7132,1,100.00,1
6759,-0.2500,0.7132,0,0.00,25
6760,9.2500,0.7132,1,20.00,25
6761,9.9900,0.7131,1,100.00,1
6762,7.9000,0.7131,1,20.00,10
6763,8.9500,0.7130,1,60.00,5
6764,8.3600,0.7130,1,35.71,14
6765,9.8200,0.7130,1,16.67,18
6766,-0.2500,0.7129,0,0.00,25
6767,9.9100,0.7129,1,33.33,9
6768,9.4500,0.7129,1,40.00,5
6769,9.9400,0.7128,1,83.33,6
6770,9.9700,0.7128,1,100.00,3
6771,9.9900,0.7128,1,100.00,1
6772,9.9700,0.7127,1,33.33,3
6773,9.9500,0.7127,1,60.00,5
6774,-0.7500,0.7127,0,0.00,25
6775,9.9300,0.7126,1,42.86,7
6776,9.8500,0.7126,1,20.00,15
6777,9.8200,0.7125,1,11.11,18
6778,8.9400,0.7125,1,66.67,6
6779,8.9200,0.7125,1,25.00,8
6780,9.8800,0.7124,1,16.67,12
6781,9.9600,0.7124,1,100.00,4
6782,9.4200,0.7124,1,37.50,8
6783,9.9900,0.7123,1,100.00,1
6784,9.4400,0.7123,1,50.00,6
6785,-1.2500,0.7123,0,0.00,25
6786,9.9900,0.7122,1,100.00,1
6787,9.9700,0.7122,1,33.33,3
6788,9.4700,0.7122,1,66.67,3
6789,9.9900,0.7121,1,100.00,1
6790,9.9400,0.7121,1,33.33,6
6791,8.8000,0.7120,1,30.00,20
6792,9.9200,0.7120,1,25.00,8
6793,9.9700,0.7120,1,100.00,3
6794,9.9300,0.7119,1,42.86,7
6795,9.9900,0.7119,1,100.00,1
6796,9.9700,0.7119,1,100.00,3
6797,9.3800,0.7118,1,33.33,12
6798,9.9900,0.7118,1,100.00,1
6799,7.2600,0.7118,1,4.17,24
6800,9.7700,0.7117,1,17.39,23
6801,9.9000,0.7117,1,30.00,10
6802,9.9900,0.7117,1,100.00,1
6803,9.9700,0.7116,1,66.67,3
6804,-1.2500,0.7116,0,0.00,25
6805,9.4200,0.7116,1,37.50,8
6806,9.9900,0.7115,1,100.00,1
6807,8.7800,0.7115,1,22.73,22
6808,9.2700,0.7114,1,21.74,23
6809,9.9000,0.7114,1,10.00,10
6810,9.9600,0.7114,1,50.00,4
6811,9.9400,0.7113,1,83.33,6
6812,9.9900,0.7113,1,100.00,1
6813,9.9500,0.7113,1,80.00,5
6814,9.9900,0.7112,1,100.00,1
6815,6.7900,0.7112,1,28.57,21
6816,7.2600,0.7112,1,16.67,24
6817,-1.2500,0.7111,0,0.00,25
6818,-1.2500,0.7111,0,0.00,25
6819,9.8900,0.7111,1,9.09,11
6820,9.4700,0.7110,1,66.67,3
6821,9.4000,0.7110,1,30.00,10
6822,9.9600,0.7109,1,50.00,4
6823,9.9400,0.7109,1,33.33,6
6824,9.8300,0.7109,1,11.76,17
6825,9.3900,0.7108,1,45.45,11
6826,6.7700,0.7108,1,26.09,23
6827,9.3700,0.7108,1,7.69,13
6828,9.9600,0.7107,1,50.00,4
6829,9.4300,0.7107,1,57.14,7
6830,-3.7500,0.7107,0,0.00,25
6831,9.9600,0.7106,1,50.00,4
6832,9.9700,0.7106,1,33.33,3
6833,9.9500,0.7106,1,60.00,5
6834,9.9500,0.7105,1,60.00,5
6835,9.9900,0.7105,1,100.00,1
6836,9.9000,0.7104,1,20.00,10
6837,9.9800,0.7104,1,100.00,2
6838,9.3800,0.7104,1,33.33,12
6839,9.3400,0.7103,1,12.50,16
6840,9.9400,0.7103,1,33.33,6
6841,9.9800,0.7103,1,100.00,2
6842,8.7500,0.7102,1,8.00,25
6843,9.8900,0.7102,1,18.18,11
6844,7.9200,0.7102,1,50.00,8
6845,-1.2500,0.7101,0,0.00,25
6846,9.9500,0.7101,1,40.00,5
6847,9.4100,0.7101,1,44.44,9
6848,9.9400,0.7100,1,16.67,6
6849,-0.2500,0.7100,0,0.00,25
6850,9.8300,0.7100,1,17.65,17
6851,9.9900,0.7099,1,100.00,1
6852,9.9600,0.7099,1,50.00,4
6853,9.9900,0.7098,1,100.00,1
6854,-1.2500,0.7098,0,0.00,25
6855,7.3600,0.7098,1,42.86,14
6856,9.9900,0.7097,1,100.00,1
6857,9.9700,0.7097,1,100.00,3
6858,9.9700,0.7097,1,100.00,3
6859,9.9900,0.7096,1,100.00,1
6860,-1.7500,0.7096,0,0.00,25
6861,9.8100,0.7096,1,15.79,19
6862,9.9800,0.7095,1,100.00,2
6863,9.9500,0.7095,1,100.00,5
6864,7.2600,0.7095,1,20.83,24
6865,9.9800,0.7094,1,100.00,2
6866,9.9000,0.7094,1,40.00,10
6867,9.8900,0.7093,1,27.27,11
6868,8.2800,0.7093,1,22.73,22
6869,9.9900,0.7093,1,100.00,1
6870,8.9000,0.7092,1,20.00,10
6871,9.9900,0.7092,1,100.00,1
6872,9.9500,0.7092,1,40.00,5
6873,-1.7500,0.7091,0,0.00,25
6874,9.4500,0.7091,1,40.00,5
6875,9.9700,0.7091,1,33.33,3
6876,-1.2500,0.7090,0,0.00,25
6877,9.9700,0.7090,1,100.00,3
6878,9.9700,0.7090,1,33.33,3
6879,9.3800,0.7089,1,33.33,12
6880,9.3300,0.7089,1,17.65,17
6881,9.9200,0.7089,1,25.00,8
6882,9.4200,0.7088,1,62.50,8
6883,9.4000,0.7088,1,30.00,10
6884,9.9400,0.7087,1,33.33,6
6885,8.7600,0.7087,1,8.33,24
6886,8.8900,0.7087,1,54.55,11
6887,9.9700,0.7086,1,66.67,3
6888,9.8700,0.7086,1,38.46,13
6889,9.8300,0.7086,1,29.41,17
6890,9.9900,0.7085,1,100.00,1
6891,9.4000,0.7085,1,30.00,10
6892,9.4300,0.7085,1,28.57,7
6893,9.9500,0.7084,1,60.00,5
6894,9.9200,0.7084,1,50.00,8
6895,-0.2500,0.7084,0,0.00,25
6896,9.9800,0.7083,1,100.00,2
6897,9.8300,0.7083,1,11.76,17
6898,9.9900,0.7082,1,100.00,1
6899,8.3600,0.7082,1,14.29,14
6900,9.9900,0.7082,1,100.00,1
6901,9.9600,0.7081,1,50.00,4
6902,9.9000,0.7081,1,20.00,10
6903,-1.7500,0.7081,0,0.00,25
6904,9.9800,0.7080,1,100.00,2
6905,9.9400,0.7080,1,66.67,6
6906,9.9700,0.7080,1,100.00,3
6907,8.8100,0.7079,1,26.32,19
6908,9.9300,0.7079,1,57.14,7
6909,9.3100,0.7079,1,15.79,19
6910,-1.2500,0.7078,0,0.00,25
6911,9.9800,0.7078,1,100.00,2
6912,9.9900,0.7078,1,100.00,1
6913,9.8700,0.7077,1,15.38,13
6914,9.9900,0.7077,1,100.00,1
6915,9.9700,0.7076,1,100.00,3
6916,7.3000,0.7076,1,10.00,20
6917,9.9800,0.7076,1,100.00,2
6918,-0.7500,0.7075,0,0.00,25
6919,9.9600,0.7075,1,50.00,4
6920,9.9800,0.7075,1,50.00,2
6921,9.9000,0.7074,1,30.00,10
6922,9.3700,0.7074,1,23.08,13
6923,9.9800,0.7074,1,100.00,2
6924,9.7800,0.7073,1,9.09,22
6925,9.8400,0.7073,1,18.75,16
6926,-1.7500,0.7073,0,0.00,25
6927,9.9500,0.7072,1,20.00,5
6928,9.9200,0.7072,1,37.50,8
6929,9.3300,0.7072,1,29.41,17
6930,9.9800,0.7071,1,100.00,2
6931,9.9400,0.7071,1,66.67,6
6932,9.4400,0.7070,1,50.00,6
6933,9.3500,0.7070,1,13.33,15
6934,9.9800,0.7070,1,100.00,2
6935,8.9100,0.7069,1,55.56,9
6936,8.3800,0.7069,1,25.00,12
6937,9.9500,0.7069,1,20.00,5
6938,-1.2500,0.7068,0,0.00,25
6939,9.9800,0.7068,1,100.00,2
6940,8.4200,0.7068,1,12.50,8
6941,9.9000,0.7067,1,30.00,10
6942,9.9500,0.7067,1,60.00,5
6943,9.4200,0.7067,1,37.50,8
6944,9.9300,0.7066,1,85.71,7
6945,9.9700,0.7066,1,100.00,3
6946,9.9900,0.7066,1,100.00,1
6947,7.7600,0.7065,1,20.83,24
6948,9.3800,0.7065,1,16.67,12
6949,9.4400,0.7064,1,16.67,6
6950,9.9700,0.7064,1,100.00,3
6951,-2.2500,0.7064,0,0.00,25
6952,9.3300,0.7063,1,17.65,17
6953,9.9900,0.7063,1,100.00,1
6954,9.8400,0.7063,1,12.50,16
6955,8.9600,0.7062,1,50.00,4
6956,9.8600,0.7062,1,21.43,14
6957,8.8100,0.7062,1,26.32,19
6958,9.9600,0.7061,1,75.00,4
6959,9.9900,0.7061,1,100.00,1
6960,9.3700,0.7061,1,23.08,13
6961,9.9300,0.7060,1,57.14,7
6962,9.3700,0.7060,1,30.77,13
6963,9.9000,0.7060,1,30.00,10
6964,9.9700,0.7059,1,100.00,3
6965,9.9200,0.7059,1,37.50,8
6966,9.9400,0.7058,1,33.33,6
6967,9.3600,0.7058,1,14.29,14
6968,9.4200,0.7058,1,62.50,8
6969,9.4600,0.7057,1,75.00,4
6970,9.9200,0.7057,1,37.50,8
6971,9.9400,0.7057,1,16.67,6
6972,9.9600,0.7056,1,75.00,4
6973,9.8000,0.7056,1,10.00,20
6974,9.9600,0.7056,1,100.00,4
6975,9.9900,0.7055,1,100.00,1
6976,9.9500,0.7055,1,60.00,5
6977,6.7500,0.7055,1,20.00,25
6978,9.9700,0.7054,1,100.00,3
6979,9.9500,0.7054,1,60.00,5
6980,7.2700,0.7054,1,26.09,23
6981,9.9800,0.7053,1,100.00,2
6982,9.9800,0.7053,1,100.00,2
6983,9.9600,0.7052,1,50.00,4
6984,9.4600,0.7052,1,25.00,4
6985,9.9900,0.7052,1,100.00,1
6986,9.2700,0.7051,1,13.04,23
6987,8.2800,0.7051,1,22.73,22
6988,9.8900,0.7051,1,18.18,11
6989,9.9900,0.7050,1,100.00,1
6990,9.8700,0.7050,1,38.46,13
6991,9.9500,0.7050,1,60.00,5
6992,9.9400,0.7049,1,66.67,6
6993,9.9400,0.7049,1,50.00,6
6994,7.2900,0.7049,1,23.81,21
6995,9.9600,0.7048,1,50.00,4
6996,9.9900,0.7048,1,100.00,1
6997,9.9900,0.7048,1,100.00,1
6998,8.8100,0.7047,1,15.79,19
6999,9.4700,0.7047,1,66.67,3
7000,9.8300,0.7046,1,11.76,17
7001,9.9900,0.7046,1,100.00,1
7002,9.9700,0.7046,1,33.33,3
7003,9.9900,0.7045,1,100.00,1
7004,9.9400,0.7045,1,100.00,6
7005,9.9300,0.7045,1,28.57,7
7006,9.9800,0.7044,1,100.00,2
7007,9.9900,0.7044,1,100.00,1
7008,9.9500,0.7044,1,40.00,5
7009,9.7900,0.7043,1,14.29,21
7010,9.9500,0.7043,1,60.00,5
7011,-2.2500,0.7043,0,0.00,25
7012,9.9500,0.7042,1,40.00,5
7013,9.9300,0.7042,1,28.57,7
7014,9.9300,0.7042,1,42.86,7
7015,9.3600,0.7041,1,28.57,14
7016,9.9800,0.7041,1,100.00,2
7017,9.9800,0.7040,1,100.00,2
7018,-1.7500,0.7040,0,0.00,25
7019,9.9100,0.7040,1,55.56,9
7020,9.9700,0.7039,1,66.67,3
7021,9.3400,0.7039,1,37.50,16
7022,9.9500,0.7039,1,100.00,5
7023,9.9800,0.7038,1,100.00,2
7024,9.9700,0.7038,1,100.00,3
7025,9.9700,0.7038,1,100.00,3
7026,9.9800,0.7037,1,100.00,2
7027,9.9700,0.7037,1,66.67,3
7028,9.8100,0.7037,1,15.79,19
7029,9.4100,0.7036,1,44.44,9
7030,9.9600,0.7036,1,50.00,4
7031,-1.7500,0.7036,0,0.00,25
7032,9.9500,0.7035,1,60.00,5
7033,9.4100,0.7035,1,66.67,9
7034,9.3200,0.7034,1,33.33,18
7035,9.9600,0.7034,1,50.00,4
7036,9.9500,0.7034,1,20.00,5
7037,9.9800,0.7033,1,100.00,2
7038,9.9900,0.7033,1,100.00,1
7039,9.9700,0.7033,1,100.00,3
7040,9.9400,0.7032,1,33.33,6
7041,9.9400,0.7032,1,33.33,6
7042,9.8200,0.7032,1,27.78,18
7043,9.9100,0.7031,1,33.33,9
7044,9.9800,0.7031,1,100.00,2
7045,9.3400,0.7031,1,31.25,16
7046,9.9600,0.7030,1,50.00,4
7047,9.7500,0.7030,1,8.00,25
7048,9.3400,0.7030,1,31.25,16
7049,9.9800,0.7029,1,100.00,2
7050,9.2800,0.7029,1,9.09,22
7051,9.9000,0.7029,1,30.00,10
7052,8.3800,0.7028,1,50.00,12
7053,9.4400,0.7028,1,50.00,6
7054,9.9500,0.7027,1,40.00,5
7055,9.9900,0.7027,1,100.00,1
7056,9.9400,0.7027,1,33.33,6
7057,8.7500,0.7026,1,20.00,25
7058,9.9800,0.7026,1,100.00,2
7059,8.9600,0.7026,1,50.00,4
7060,9.9600,0.7025,1,50.00,4
7061,9.9800,0.7025,1,100.00,2
7062,9.9500,0.7025,1,40.00,5
7063,9.9900,0.7024,1,100.00,1
7064,9.9700,0.7024,1,100.00,3
7065,9.9200,0.7024,1,25.00,8
7066,-0.7500,0.7023,0,0.00,25
7067,9.3200,0.7023,1,22.22,18
7068,9.9400,0.7023,1,66.67,6
7069,8.3500,0.7022,1,33.33,15
7070,9.9100,0.7022,1,22.22,9
7071,9.9900,0.7021,1,100.00,1
7072,9.3700,0.7021,1,30.77,13
7073,9.4300,0.7021,1,28.57,7
7074,9.9000,0.7020,1,40.00,10
7075,-1.2500,0.7020,0,0.00,25
7076,9.9900,0.7020,1,100.00,1
7077,9.9600,0.7019,1,50.00,4
7078,-2.2500,0.7019,0,0.00,25
7079,9.9800,0.7019,1,100.00,2
7080,9.9800,0.7018,1,100.00,2
7081,8.9200,0.7018,1,50.00,8
7082,9.9200,0.7018,1,50.00,8
7083,9.9600,0.7017,1,100.00,4
7084,9.9900,0.7017,1,100.00,1
7085,9.9900,0.7017,1,100.00,1
7086,9.9500,0.7016,1,80.00,5
7087,-2.7500,0.7016,0,0.00,25
7088,8.3700,0.7016,1,46.15,13
7089,8.3000,0.7015,1,10.00,20
7090,9.3500,0.7015,1,13.33,15
7091,9.9800,0.7014,1,100.00,2
7092,9.9400,0.7014,1,83.33,6
7093,9.9700,0.7014,1,100.00,3
7094,9.3400,0.7013,1,37.50,16
7095,9.3800,0.7013,1,25.00,12
7096,9.9900,0.7013,1,100.00,1
7097,9.2800,0.7012,1,27.27,22
7098,9.9900,0.7012,1,100.00,1
7099,9.3700,0.7012,1,15.38,13
7100,9.9900,0.7011,1,100.00,1
7101,-0.2500,0.7011,0,0.00,25
7102,9.9800,0.7011,1,100.00,2
7103,8.3100,0.7010,1,15.79,19
7104,8.7900,0.7010,1,28.57,21
7105,8.8400,0.7010,1,37.50,16
7106,9.8100,0.7009,1,15.79,19
7107,9.4400,0.7009,1,83.33,6
7108,9.4500,0.7009,1,60.00,5
7109,7.2700,0.7008,1,26.09,23
7110,8.4300,0.7008,1,42.86,7
7111,9.9100,0.7007,1,33.33,9
7112,9.9700,0.7007,1,100.00,3
7113,9.3300,0.7007,1,11.76,17
7114,9.9900,0.7006,1,100.00,1
7115,8.3500,0.7006,1,13.33,15
7116,9.9000,0.7006,1,30.00,10
7117,9.9300,0.7005,1,14.29,7
7118,9.9900,0.7005,1,100.00,1
7119,9.9600,0.7005,1,100.00,4
7120,9.8600,0.7004,1,7.14,14
7121,9.9600,0.7004,1,100.00,4
7122,9.9900,0.7004,1,100.00,1
7123,9.9700,0.7003,1,33.33,3
7124,9.4000,0.7003,1,40.00,10
7125,-1.2500,0.7003,0,0.00,25
7126,9.9700,0.7002,1,100.00,3
7127,9.9300,0.7002,1,28.57,7
7128,9.9500,0.7002,1,60.00,5
7129,9.8500,0.7001,1,13.33,15
7130,9.3500,0.7001,1,13.33,15
7131,9.4500,0.7000,1,40.00,5
7132,9.3600,0.7000,1,21.43,14
7133,9.9800,0.7000,1,100.00,2
7134,-5.2500,0.6999,0,0.00,25
7135,-1.2500,0.6999,0,0.00,25
7136,9.9300,0.6999,1,42.86,7
7137,8.9100,0.6998,1,66.67,9
7138,9.9400,0.6998,1,33.33,6
7139,9.4400,0.6998,1,50.00,6
7140,8.8400,0.6997,1,12.50,16
7141,9.9900,0.6997,1,100.00,1
7142,9.9800,0.6997,1,100.00,2
7143,9.8400,0.6996,1,18.75,16
7144,8.3400,0.6996,1,12.50,16
7145,9.4300,0.6996,1,57.14,7
7146,9.9300,0.6995,1,14.29,7
7147,9.9000,0.6995,1,20.00,10
7148,9.9800,0.6995,1,100.00,2
7149,9.9000,0.6994,1,20.00,10
7150,8.9000,0.6994,1,20.00,10
7151,9.9800,0.6993,1,100.00,2
7152,9.9400,0.6993,1,33.33,6
7153,9.9700,0.6993,1,66.67,3
7154,9.9600,0.6992,1,50.00,4
7155,9.9200,0.6992,1,25.00,8
7156,9.9400,0.6992,1,33.33,6
7157,8.9000,0.6991,1,50.00,10
7158,9.9600,0.6991,1,50.00,4
7159,9.9000,0.6991,1,60.00,10
7160,7.8600,0.6990,1,28.57,14
7161,7.7900,0.6990,1,23.81,21
7162,9.9300,0.6990,1,14.29,7
7163,9.9800,0.6989,1,100.00,2
7164,9.9100,0.6989,1,22.22,9
7165,-2.2500,0.6989,0,0.00,25
7166,9.9100,0.6988,1,33.33,9
7167,9.4500,0.6988,1,40.00,5
7168,9.8600,0.6988,1,21.43,14
7169,9.9900,0.6987,1,100.00,1
7170,9.9900,0.6987,1,100.00,1
7171,9.9400,0.6986,1,50.00,6
7172,9.9800,0.6986,1,100.00,2
7173,9.2900,0.6986,1,19.05,21
7174,9.3000,0.6985,1,10.00,20
7175,6.8300,0.6985,1,17.65,17
7176,9.9900,0.6985,1,100.00,1
7177,8.4000,0.6984,1,10.00,10
7178,9.9600,0.6984,1,50.00,4
7179,9.9800,0.6984,1,100.00,2
7180,9.4700,0.6983,1,66.67,3
7181,8.4200,0.6983,1,12.50,8
7182,9.9700,0.6983,1,100.00,3
7183,9.9800,0.6982,1,100.00,2
7184,9.2800,0.6982,1,27.27,22
7185,9.8900,0.6982,1,27.27,11
7186,9.9000,0.6981,1,50.00,10
7187,9.8900,0.6981,1,18.18,11
7188,9.9500,0.6981,1,60.00,5
7189,8.3300,0.6980,1,11.76,17
7190,8.8700,0.6980,1,38.46,13
7191,8.7500,0.6979,1,20.00,25
7192,9.9600,0.6979,1,75.00,4
7193,8.9400,0.6979,1,33.33,6
7194,9.9900,0.6978,1,100.00,1
7195,9.3800,0.6978,1,8.33,12
7196,9.9500,0.6978,1,40.00,5
7197,9.9900,0.6977,1,100.00,1
7198,9.9600,0.6977,1,50.00,4
7199,9.9800,0.6977,1,100.00,2
7200,9.9700,0.6976,1,100.00,3
7201,9.9700,0.6976,1,33.33,3
7202,-0.2500,0.6976,0,0.00,25
7203,9.9400,0.6975,1,33.33,6
7204,7.8100,0.6975,1,15.79,19
7205,9.7700,0.6975,1,4.35,23
7206,9.9000,0.6974,1,30.00,10
7207,9.9600,0.6974,1,50.00,4
7208,9.9800,0.6974,1,100.00,2
7209,-1.2500,0.6973,0,0.00,25
7210,9.9800,0.6973,1,100.00,2
7211,9.4600,0.6973,1,75.00,4
7212,9.9500,0.6972,1,60.00,5
7213,9.9500,0.6972,1,20.00,5
7214,9.9700,0.6971,1,100.00,3
7215,9.9600,0.6971,1,50.00,4
7216,9.8800,0.6971,1,50.00,12
7217,9.9700,0.6970,1,66.67,3
7218,-1.7500,0.6970,0,0.00,25
7219,9.9000,0.6970,1,50.00,10
7220,9.9300,0.6969,1,28.57,7
7221,9.9800,0.6969,1,100.00,2
7222,9.9600,0.6969,1,50.00,4
7223,9.2700,0.6968,1,8.70,23
7224,9.9800,0.6968,1,100.00,2
7225,9.9500,0.6968,1,60.00,5
7226,9.3900,0.6967,1,54.55,11
7227,9.9700,0.6967,1,100.00,3
7228,-2.7500,0.6967,0,0.00,25
7229,9.7700,0.6966,1,4.35,23
7230,9.9800,0.6966,1,100.00,2
7231,9.9300,0.6966,1,42.86,7
7232,9.9800,0.6965,1,100.00,2
7233,9.9400,0.6965,1,33.33,6
7234,9.9800,0.6965,1,100.00,2
7235,8.8700,0.6964,1,46.15,13
7236,9.9500,0.6964,1,40.00,5
7237,9.3800,0.6963,1,33.33,12
7238,9.9000,0.6963,1,20.00,10
7239,9.9200,0.6963,1,37.50,8
7240,9.9400,0.6962,1,33.33,6
7241,9.3900,0.6962,1,9.09,11
7242,7.8200,0.6962,1,22.22,18
7243,8.9300,0.6961,1,14.29,7
7244,8.8600,0.6961,1,42.86,14
7245,9.4100,0.6961,1,55.56,9
7246,9.9000,0.6960,1,30.00,10
7247,8.3000,0.6960,1,5.00,20
7248,9.7700,0.6960,1,13.04,23
7249,9.9600,0.6959,1,50.00,4
7250,-2.2500,0.6959,0,0.00,25
7251,9.9700,0.6959,1,100.00,3
7252,9.9200,0.6958,1,12.50,8
7253,-0.7500,0.6958,0,0.00,25
7254,9.8600,0.6958,1,35.71,14
7255,9.3200,0.6957,1,16.67,18
7256,9.9500,0.6957,1,40.00,5
7257,9.9600,0.6956,1,50.00,4
7258,9.9800,0.6956,1,100.00,2
7259,9.9600,0.6956,1,50.00,4
7260,9.9000,0.6955,1,30.00,10
7261,9.9300,0.6955,1,57.14,7
7262,9.9900,0.6955,1,100.00,1
7263,-0.2500,0.6954,0,0.00,25
7264,-2.2500,0.6954,0,0.00,25
7265,9.9800,0.6954,1,100.00,2
7266,9.3600,0.6953,1,28.57,14
7267,9.4100,0.6953,1,22.22,9
7268,7.3700,0.6953,1,38.46,13
7269,9.9300,0.6952,1,71.43,7
7270,9.2800,0.6952,1,27.27,22
7271,8.8600,0.6952,1,28.57,14
7272,9.9600,0.6951,1,75.00,4
7273,9.9800,0.6951,1,100.00,2
7274,9.4100,0.6951,1,55.56,9
7275,9.4400,0.6950,1,50.00,6
7276,9.9800,0.6950,1,100.00,2
7277,-2.2500,0.6950,0,0.00,25
7278,9.9700,0.6949,1,33.33,3
7279,9.9800,0.6949,1,100.00,2
7280,9.9700,0.6949,1,66.67,3
7281,9.4100,0.6948,1,22.22,9
7282,7.9000,0.6948,1,20.00,10
7283,9.9300,0.6947,1,71.43,7
7284,9.3800,0.6947,1,25.00,12
7285,9.9200,0.6947,1,37.50,8
7286,9.4000,0.6946,1,40.00,10
7287,9.3700,0.6946,1,30.77,13
7288,9.9600,0.6946,1,100.00,4
7289,9.9900,0.6945,1,100.00,1
7290,9.9700,0.6945,1,33.33,3
7291,9.9600,0.6945,1,50.00,4
7292,9.7800,0.6944,1,22.73,22
7293,9.8800,0.6944,1,33.33,12
7294,9.9600,0.6944,1,50.00,4
7295,8.4000,0.6943,1,30.00,10
7296,9.9900,0.6943,1,100.00,1
7297,9.4300,0.6943,1,28.57,7
7298,8.9300,0.6942,1,14.29,7
7299,8.9500,0.6942,1,60.00,5
7300,9.9200,0.6942,1,12.50,8
7301,9.9100,0.6941,1,11.11,9
7302,9.9600,0.6941,1,50.00,4
7303,9.9500,0.6941,1,40.00,5
7304,9.9800,0.6940,1,100.00,2
7305,9.2500,0.6940,1,16.00,25
7306,8.9000,0.6939,1,40.00,10
7307,9.3900,0.6939,1,45.45,11
7308,9.3400,0.6939,1,25.00,16
7309,9.9200,0.6938,1,25.00,8
7310,9.9300,0.6938,1,57.14,7
7311,9.7800,0.6938,1,4.55,22
7312,9.9800,0.6937,1,100.00,2
7313,9.4500,0.6937,1,60.00,5
7314,-2.7500,0.6937,0,0.00,25
7315,9.9700,0.6936,1,100.00,3
7316,9.9400,0.6936,1,83.33,6
7317,9.9200,0.6936,1,50.00,8
7318,8.9000,0.6935,1,20.00,10
7319,9.8300,0.6935,1,11.76,17
7320,9.9900,0.6935,1,100.00,1
7321,-0.2500,0.6934,0,0.00,25
7322,9.9400,0.6934,1,33.33,6
7323,9.9600,0.6934,1,75.00,4
7324,9.9800,0.6933,1,100.00,2
7325,9.9800,0.6933,1,100.00,2
7326,-1.2500,0.6933,0,0.00,25
7327,9.9100,0.6932,1,33.33,9
7328,9.3500,0.6932,1,20.00,15
7329,5.2500,0.6931,1,16.00,25
7330,9.9800,0.6931,1,100.00,2
7331,9.9700,0.6931,1,33.33,3
7332,9.8600,0.6930,1,14.29,14
7333,9.9700,0.6930,1,33.33,3
7334,9.9000,0.6930,1,40.00,10
7335,9.8600,0.6929,1,28.57,14
7336,9.8000,0.6929,1,15.00,20
7337,-2.2500,0.6929,0,0.00,25
7338,9.9700,0.6928,1,100.00,3
7339,-0.2500,0.6928,0,0.00,25
7340,9.9800,0.6928,1,100.00,2
7341,8.9000,0.6927,1,60.00,10
7342,9.9800,0.6927,1,100.00,2
7343,8.9200,0.6927,1,25.00,8
7344,9.9400,0.6926,1,50.00,6
7345,9.9300,0.6926,1,28.57,7
7346,9.9800,0.6926,1,100.00,2
7347,7.3300,0.6925,1,35.29,17
7348,9.9600,0.6925,1,50.00,4
7349,9.9900,0.6925,1,100.00,1
7350,8.3500,0.6924,1,26.67,15
7351,9.9500,0.6924,1,40.00,5
7352,9.9200,0.6924,1,37.50,8
7353,9.9300,0.6923,1,42.86,7
7354,9.9800,0.6923,1,100.00,2
7355,-2.2500,0.6922,0,0.00,25
7356,9.9300,0.6922,1,42.86,7
7357,9.9900,0.6922,1,100.00,1
7358,8.2500,0.6921,1,24.00,25
7359,-0.7500,0.6921,0,0.00,25
7360,9.9200,0.6921,1,25.00,8
7361,9.9200,0.6920,1,50.00,8
7362,9.9400,0.6920,1,33.33,6
7363,9.9900,0.6920,1,100.00,1
7364,8.9000,0.6919,1,20.00,10
7365,9.9300,0.6919,1,42.86,7
7366,9.8000,0.6919,1,10.00,20
7367,9.3400,0.6918,1,6.25,16
7368,9.9000,0.6918,1,30.00,10
7369,9.9900,0.6918,1,100.00,1
7370,9.4500,0.6917,1,80.00,5
7371,9.9500,0.6917,1,60.00,5
7372,9.3700,0.6917,1,38.46,13
7373,9.9700,0.6916,1,33.33,3
7374,9.9600,0.6916,1,75.00,4
7375,9.9100,0.6916,1,44.44,9
7376,8.8800,0.6915,1,33.33,12
7377,8.3200,0.6915,1,5.56,18
7378,7.8300,0.6915,1,23.53,17
7379,9.9700,0.6914,1,33.33,3
7380,9.4000,0.6914,1,10.00,10
7381,9.9500,0.6913,1,60.00,5
7382,9.7500,0.6913,1,4.00,25
7383,8.9100,0.6913,1,11.11,9
7384,9.9700,0.6912,1,33.33,3
7385,-1.7500,0.6912,0,0.00,25
7386,9.9800,0.6912,1,100.00,2
7387,8.8100,0.6911,1,31.58,19
7388,9.8000,0.6911,1,15.00,20
7389,9.9800,0.6911,1,100.00,2
7390,9.9700,0.6910,1,100.00,3
7391,9.3900,0.6910,1,27.27,11
7392,9.9700,0.6910,1,100.00,3
7393,9.9000,0.6909,1,20.00,10
7394,9.9500,0.6909,1,60.00,5
7395,9.9800,0.6909,1,100.00,2
7396,-2.2500,0.6908,0,0.00,25
7397,9.9700,0.6908,1,100.00,3
7398,9.9700,0.6908,1,33.33,3
7399,9.9000,0.6907,1,20.00,10
7400,-1.2500,0.6907,0,0.00,25
7401,7.8300,0.6907,1,29.41,17
7402,9.9200,0.6906,1,25.00,8
7403,9.9800,0.6906,1,100.00,2
7404,9.9500,0.6906,1,60.00,5
7405,9.8700,0.6905,1,30.77,13
7406,9.4200,0.6905,1,37.50,8
7407,9.9400,0.6905,1,50.00,6
7408,9.9700,0.6904,1,100.00,3
7409,9.9400,0.6904,1,33.33,6
7410,-3.2500,0.6903,0,0.00,25
7411,8.3500,0.6903,1,26.67,15
7412,9.9300,0.6903,1,14.29,7
7413,9.9500,0.6902,1,60.00,5
7414,-0.7500,0.6902,0,0.00,25
7415,9.9300,0.6902,1,28.57,7
7416,9.9700,0.6901,1,100.00,3
7417,9.4000,0.6901,1,50.00,10
7418,8.2500,0.6901,1,16.00,25
7419,9.9700,0.6900,1,100.00,3
7420,-2.7500,0.6900,0,0.00,25
7421,9.9600,0.6900,1,50.00,4
7422,6.2800,0.6899,1,18.18,22
7423,9.9400,0.6899,1,83.33,6
7424,9.9700,0.6899,1,100.00,3
7425,8.7800,0.6898,1,22.73,22
7426,9.9200,0.6898,1,37.50,8
7427,8.3900,0.6898,1,45.45,11
7428,9.9700,0.6897,1,33.33,3
7429,9.9500,0.6897,1,60.00,5
7430,9.9800,0.6897,1,100.00,2
7431,9.9800,0.6896,1,100.00,2
7432,9.9000,0.6896,1,30.00,10
7433,9.8300,0.6896,1,17.65,17
7434,9.9200,0.6895,1,25.00,8
7435,8.8500,0.6895,1,26.67,15
7436,9.9800,0.6895,1,100.00,2
7437,9.3700,0.6894,1,30.77,13
7438,9.9600,0.6894,1,50.00,4
7439,9.9900,0.6893,1,100.00,1
7440,9.9400,0.6893,1,33.33,6
7441,9.8400,0.6893,1,12.50,16
7442,8.3500,0.6892,1,33.33,15
7443,9.9100,0.6892,1,33.33,9
7444,8.3700,0.6892,1,30.77,13
7445,9.9700,0.6891,1,33.33,3
7446,9.9700,0.6891,1,33.33,3
7447,9.9700,0.6891,1,66.67,3
7448,9.7900,0.6890,1,23.81,21
7449,9.9500,0.6890,1,60.00,5
7450,9.9700,0.6890,1,33.33,3
7451,8.8100,0.6889,1,10.53,19
7452,9.9600,0.6889,1,50.00,4
7453,9.4300,0.6889,1,28.57,7
7454,9.4700,0.6888,1,66.67,3
7455,9.9900,0.6888,1,100.00,1
7456,9.9600,0.6888,1,50.00,4
7457,9.9400,0.6887,1,33.33,6
7458,9.4500,0.6887,1,80.00,5
7459,9.8200,0.6887,1,5.56,18
7460,9.8600,0.6886,1,14.29,14
7461,9.8500,0.6886,1,6.67,15
7462,8.8800,0.6886,1,50.00,12
7463,9.9100,0.6885,1,11.11,9
7464,9.9300,0.6885,1,28.57,7
7465,9.4400,0.6885,1,50.00,6
7466,9.9200,0.6884,1,62.50,8
7467,9.9600,0.6884,1,75.00,4
7468,9.8500,0.6883,1,26.67,15
7469,9.9000,0.6883,1,50.00,10
7470,9.9200,0.6883,1,25.00,8
7471,9.9500,0.6882,1,60.00,5
7472,9.9200,0.6882,1,37.50,8
7473,9.9700,0.6882,1,33.33,3
7474,9.9700,0.6881,1,100.00,3
7475,9.4600,0.6881,1,75.00,4
7476,8.2700,0.6881,1,26.09,23
7477,8.8500,0.6880,1,20.00,15
7478,9.9600,0.6880,1,75.00,4
7479,8.9200,0.6880,1,25.00,8
7480,9.9400,0.6879,1,33.33,6
7481,9.8700,0.6879,1,15.38,13
7482,8.7800,0.6879,1,27.27,22
7483,9.9800,0.6878,1,100.00,2
7484,8.7600,0.6878,1,12.50,24
7485,9.9100,0.6878,1,44.44,9
7486,9.9300,0.6877,1,42.86,7
7487,9.9700,0.6877,1,33.33,3
7488,9.4200,0.6877,1,37.50,8
7489,8.7800,0.6876,1,22.73,22
7490,8.4000,0.6876,1,50.00,10
7491,9.9300,0.6876,1,14.29,7
7492,9.9900,0.6875,1,100.00,1
7493,-0.2500,0.6875,0,0.00,25
7494,8.2500,0.6875,1,12.00,25
7495,7.7600,0.6874,1,16.67,24
7496,9.9700,0.6874,1,33.33,3
7497,9.9700,0.6874,1,33.33,3
7498,9.9700,0.6873,1,33.33,3
7499,9.4500,0.6873,1,80.00,5
7500,6.3000,0.6872,1,20.00,20
7501,9.4200,0.6872,1,37.50,8
7502,9.8200,0.6872,1,11.11,18
7503,9.9900,0.6871,1,100.00,1
7504,9.9100,0.6871,1,11.11,9
7505,9.9900,0.6871,1,100.00,1
7506,9.8500,0.6870,1,20.00,15
7507,9.8600,0.6870,1,28.57,14
7508,9.8800,0.6870,1,16.67,12
7509,8.4200,0.6869,1,12.50,8
7510,9.9100,0.6869,1,11.11,9
7511,9.8100,0.6869,1,21.05,19
7512,9.9800,0.6868,1,50.00,2
7513,9.9000,0.6868,1,30.00,10
7514,7.3500,0.6868,1,13.33,15
7515,8.9000,0.6867,1,30.00,10
7516,9.9500,0.6867,1,20.00,5
7517,9.8300,0.6867,1,29.41,17
7518,9.9900,0.6866,1,100.00,1
7519,9.9500,0.6866,1,60.00,5
7520,9.9700,0.6866,1,100.00,3
7521,9.9900,0.6865,1,100.00,1
7522,9.9800,0.6865,1,100.00,2
7523,9.9400,0.6865,1,33.33,6
7524,9.9900,0.6864,1,100.00,1
7525,9.9700,0.6864,1,100.00,3
7526,9.4200,0.6864,1,37.50,8
7527,9.9400,0.6863,1,50.00,6
7528,9.3400,0.6863,1,37.50,16
7529,9.3600,0.6863,1,21.43,14
7530,8.2800,0.6862,1,9.09,22
7531,9.8600,0.6862,1,21.43,14
7532,9.9800,0.6861,1,100.00,2
7533,9.9000,0.6861,1,10.00,10
7534,8.3400,0.6861,1,18.75,16
7535,9.9600,0.6860,1,50.00,4
7536,9.9700,0.6860,1,100.00,3
7537,9.9900,0.6860,1,100.00,1
7538,9.9500,0.6859,1,60.00,5
7539,9.9900,0.6859,1,100.00,1
7540,9.9900,0.6859,1,100.00,1
7541,7.3600,0.6858,1,42.86,14
7542,9.9500,0.6858,1,40.00,5
7543,9.9800,0.6858,1,100.00,2
7544,-1.7500,0.6857,0,0.00,25
7545,9.9800,0.6857,1,100.00,2
7546,9.9800,0.6857,1,100.00,2
7547,9.8700,0.6856,1,38.46,13
7548,9.9500,0.6856,1,20.00,5
7549,9.8900,0.6856,1,27.27,11
7550,9.3100,0.6855,1,26.32,19
7551,9.8000,0.6855,1,10.00,20
7552,9.9200,0.6855,1,75.00,8
7553,8.4500,0.6854,1,40.00,5
7554,9.9700,0.6854,1,100.00,3
7555,9.9700,0.6854,1,100.00,3
7556,9.9400,0.6853,1,50.00,6
7557,9.4500,0.6853,1,40.00,5
7558,9.9500,0.6853,1,40.00,5
7559,9.9200,0.6852,1,37.50,8
7560,-0.7500,0.6852,0,0.00,25
7561,8.9500,0.6852,1,60.00,5
7562,9.9800,0.6851,1,100.00,2
7563,9.8900,0.6851,1,18.18,11
7564,9.9300,0.6851,1,28.57,7
7565,9.4500,0.6850,1,40.00,5
7566,8.3600,0.6850,1,14.29,14
7567,9.4100,0.6849,1,55.56,9
7568,9.4600,0.6849,1,75.00,4
7569,9.9800,0.6849,1,100.00,2
7570,9.9700,0.6848,1,100.00,3
7571,-0.7500,0.6848,0,0.00,25
7572,9.9500,0.6848,1,20.00,5
7573,9.3300,0.6847,1,11.76,17
7574,9.9600,0.6847,1,50.00,4
7575,9.9300,0.6847,1,14.29,7
7576,9.9900,0.6846,1,100.00,1
7577,9.9800,0.6846,1,100.00,2
7578,8.4100,0.6846,1,22.22,9
7579,9.2600,0.6845,1,12.50,24
7580,9.9700,0.6845,1,100.00,3
7581,9.9600,0.6845,1,75.00,4
7582,9.9900,0.6844,1,100.00,1
7583,9.9100,0.6844,1,22.22,9
7584,9.9200,0.6844,1,25.00,8
7585,9.9700,0.6843,1,33.33,3
7586,9.9500,0.6843,1,40.00,5
7587,9.9500,0.6843,1,100.00,5
7588,9.9000,0.6842,1,10.00,10
7589,9.7600,0.6842,1,25.00,24
7590,9.4100,0.6842,1,55.56,9
7591,8.9100,0.6841,1,11.11,9
7592,9.9900,0.6841,1,100.00,1
7593,9.2800,0.6841,1,18.18,22
7594,9.9100,0.6840,1,33.33,9
7595,9.9300,0.6840,1,28.57,7
7596,9.9700,0.6840,1,33.33,3
7597,9.9200,0.6839,1,25.00,8
7598,9.8300,0.6839,1,29.41,17
7599,9.3400,0.6839,1,25.00,16
7600,9.9700,0.6838,1,100.00,3
7601,9.9300,0.6838,1,14.29,7
7602,8.8900,0.6838,1,18.18,11
7603,9.9800,0.6837,1,100.00,2
7604,9.9600,0.6837,1,100.00,4
7605,9.9600,0.6836,1,50.00,4
7606,9.9600,0.6836,1,75.00,4
7607,9.9500,0.6836,1,60.00,5
7608,-2.2500,0.6835,0,0.00,25
7609,9.9700,0.6835,1,100.00,3
7610,9.9100,0.6835,1,33.33,9
7611,9.9900,0.6834,1,100.00,1
7612,9.9500,0.6834,1,60.00,5
7613,9.9700,0.6834,1,66.67,3
7614,9.9900,0.6833,1,100.00,1
7615,9.9400,0.6833,1,33.33,6
7616,9.9500,0.6833,1,20.00,5
7617,9.9800,0.6832,1,100.00,2
7618,9.9800,0.6832,1,100.00,2
7619,9.3900,0.6832,1,18.18,11
7620,9.9600,0.6831,1,50.00,4
7621,9.9700,0.6831,1,66.67,3
7622,9.9400,0.6831,1,50.00,6
7623,9.4700,0.6830,1,66.67,3
7624,9.9700,0.6830,1,100.00,3
7625,8.8700,0.6830,1,23.08,13
7626,9.9500,0.6829,1,40.00,5
7627,9.4400,0.6829,1,50.00,6
7628,9.4100,0.6829,1,55.56,9
7629,9.8900,0.6828,1,27.27,11
7630,9.3500,0.6828,1,20.00,15
7631,9.9800,0.6828,1,100.00,2
7632,9.9700,0.6827,1,100.00,3
7633,9.9400,0.6827,1,50.00,6
7634,9.9900,0.6827,1,100.00,1
7635,9.9900,0.6826,1,100.00,1
7636,9.9700,0.6826,1,100.00,3
7637,8.9400,0.6826,1,33.33,6
7638,9.9300,0.6825,1,28.57,7
7639,9.9800,0.6825,1,100.00,2
7640,9.4100,0.6825,1,44.44,9
7641,9.8700,0.6824,1,7.69,13
7642,9.9800,0.6824,1,50.00,2
7643,9.4200,0.6824,1,62.50,8
7644,9.3000,0.6823,1,25.00,20
7645,9.9400,0.6823,1,50.00,6
7646,9.8500,0.6822,1,20.00,15
7647,9.4000,0.6822,1,10.00,10
7648,9.9700,0.6822,1,100.00,3
7649,7.7800,0.6821,1,22.73,22
7650,8.9400,0.6821,1,33.33,6
7651,9.9700,0.6821,1,100.00,3
7652,8.2700,0.6820,1,21.74,23
7653,5.2900,0.6820,1,23.81,21
7654,9.4100,0.6820,1,33.33,9
7655,9.7700,0.6819,1,17.39,23
7656,9.9300,0.6819,1,42.86,7
7657,9.9500,0.6819,1,60.00,5
7658,9.9200,0.6818,1,50.00,8
7659,9.9700,0.6818,1,33.33,3
7660,9.8500,0.6818,1,13.33,15
7661,9.9700,0.6817,1,100.00,3
7662,9.9600,0.6817,1,50.00,4
7663,-3.7500,0.6817,0,0.00,25
7664,9.9700,0.6816,1,100.00,3
7665,9.8900,0.6816,1,18.18,11
7666,9.9900,0.6816,1,100.00,1
7667,9.9300,0.6815,1,28.57,7
7668,9.9400,0.6815,1,16.67,6
7669,9.9400,0.6815,1,33.33,6
7670,9.8600,0.6814,1,35.71,14
7671,8.8400,0.6814,1,6.25,16
7672,8.2700,0.6814,1,17.39,23
7673,9.9500,0.6813,1,60.00,5
7674,7.7800,0.6813,1,22.73,22
7675,9.9700,0.6813,1,100.00,3
7676,9.9800,0.6812,1,100.00,2
7677,9.9600,0.6812,1,50.00,4
7678,9.9300,0.6812,1,14.29,7
7679,9.4300,0.6811,1,57.14,7
7680,9.9400,0.6811,1,33.33,6
7681,9.9400,0.6811,1,33.33,6
7682,9.9900,0.6810,1,100.00,1
7683,9.9100,0.6810,1,33.33,9
7684,9.8400,0.6810,1,25.00,16
7685,9.9600,0.6809,1,25.00,4
7686,8.8700,0.6809,1,38.46,13
7687,9.9200,0.6809,1,12.50,8
7688,9.9300,0.6808,1,28.57,7
7689,9.8700,0.6808,1,23.08,13
7690,9.8800,0.6808,1,16.67,12
7691,9.9800,0.6807,1,100.00,2
7692,9.9800,0.6807,1,100.00,2
7693,-0.7500,0.6806,0,0.00,25
7694,8.9100,0.6806,1,33.33,9
7695,9.8100,0.6806,1,31.58,19
7696,9.8500,0.6805,1,13.33,15
7697,9.9500,0.6805,1,20.00,5
7698,9.9500,0.6805,1,20.00,5
7699,9.9900,0.6804,1,100.00,1
7700,9.8900,0.6804,1,27.27,11
7701,9.9700,0.6804,1,33.33,3
7702,9.9400,0.6803,1,50.00,6
7703,9.9200,0.6803,1,50.00,8
7704,7.3100,0.6803,1,26.32,19
7705,9.9600,0.6802,1,50.00,4
7706,9.3900,0.6802,1,18.18,11
7707,9.4200,0.6802,1,12.50,8
7708,9.7900,0.6801,1,4.76,21
7709,9.9800,0.6801,1,100.00,2
7710,9.4700,0.6801,1,66.67,3
7711,9.9000,0.6800,1,20.00,10
7712,-0.7500,0.6800,0,0.00,25
7713,9.9400,0.6800,1,50.00,6
7714,9.9400,0.6799,1,33.33,6
7715,9.8600,0.6799,1,35.71,14
7716,9.9300,0.6799,1,42.86,7
7717,7.8400,0.6798,1,31.25,16
7718,9.9500,0.6798,1,40.00,5
7719,9.9600,0.6798,1,75.00,4
7720,9.9700,0.6797,1,66.67,3
7721,9.9800,0.6797,1,100.00,2
7722,8.9100,0.6797,1,44.44,9
7723,9.9800,0.6796,1,100.00,2
7724,9.9400,0.6796,1,33.33,6
7725,9.3100,0.6796,1,15.79,19
7726,9.9800,0.6795,1,100.00,2
7727,9.9700,0.6795,1,100.00,3
7728,9.8300,0.6795,1,5.88,17
7729,9.4300,0.6794,1,85.71,7
7730,9.9500,0.6794,1,60.00,5
7731,9.9700,0.6794,1,33.33,3
7732,9.9400,0.6793,1,33.33,6
7733,7.8200,0.6793,1,11.11,18
7734,9.9800,0.6793,1,100.00,2
7735,9.9900,0.6792,1,100.00,1
7736,9.9200,0.6792,1,25.00,8
7737,9.9000,0.6792,1,40.00,10
7738,9.9500,0.6791,1,40.00,5
7739,9.9100,0.6791,1,11.11,9
7740,9.9300,0.6791,1,57.14,7
7741,-1.2500,0.6790,0,0.00,25
7742,9.3700,0.6790,1,46.15,13
7743,7.8600,0.6789,1,14.29,14
7744,9.9800,0.6789,1,100.00,2
7745,8.9000,0.6789,1,20.00,10
7746,9.9900,0.6788,1,100.00,1
7747,9.9600,0.6788,1,50.00,4
7748,7.7800,0.6788,1,13.64,22
7749,9.9600,0.6787,1,75.00,4
7750,9.8400,0.6787,1,31.25,16
7751,9.9800,0.6787,1,100.00,2
7752,9.4400,0.6786,1,50.00,6
7753,9.9900,0.6786,1,100.00,1
7754,9.9900,0.6786,1,100.00,1
7755,9.9200,0.6785,1,37.50,8
7756,9.9800,0.6785,1,50.00,2
7757,8.3400,0.6785,1,31.25,16
7758,9.4700,0.6784,1,66.67,3
7759,9.9500,0.6784,1,60.00,5
7760,9.3500,0.6784,1,20.00,15
7761,9.9500,0.6783,1,40.00,5
7762,-1.2500,0.6783,0,0.00,25
7763,9.9800,0.6783,1,100.00,2
7764,9.9000,0.6782,1,20.00,10
7765,9.9800,0.6782,1,100.00,2
7766,8.9100,0.6782,1,55.56,9
7767,8.3400,0.6781,1,37.50,16
7768,9.3800,0.6781,1,50.00,12
7769,9.9700,0.6781,1,100.00,3
7770,9.9900,0.6780,1,100.00,1
7771,9.9000,0.6780,1,20.00,10
7772,9.4200,0.6780,1,37.50,8
7773,9.9800,0.6779,1,100.00,2
7774,9.8200,0.6779,1,16.67,18
7775,8.8700,0.6779,1,38.46,13
7776,9.4000,0.6778,1,30.00,10
7777,9.9300,0.6778,1,28.57,7
7778,9.8900,0.6778,1,9.09,11
7779,9.9700,0.6777,1,100.00,3
7780,9.9700,0.6777,1,33.33,3
7781,9.9200,0.6777,1,62.50,8
7782,9.9900,0.6776,1,100.00,1
7783,9.3600,0.6776,1,35.71,14
7784,9.9700,0.6776,1,100.00,3
7785,8.8300,0.6775,1,17.65,17
7786,9.9500,0.6775,1,20.00,5
7787,9.9900,0.6775,1,100.00,1
7788,9.9300,0.6774,1,71.43,7
7789,9.4000,0.6774,1,30.00,10
7790,-0.2500,0.6774,0,0.00,25
7791,9.9800,0.6773,1,100.00,2
7792,9.9000,0.6773,1,60.00,10
7793,9.8900,0.6773,1,9.09,11
7794,9.9700,0.6772,1,100.00,3
7795,9.8800,0.6772,1,25.00,12
7796,9.9600,0.6772,1,25.00,4
7797,8.8800,0.6771,1,25.00,12
7798,7.7800,0.6771,1,18.18,22
7799,9.9400,0.6771,1,50.00,6
7800,9.9600,0.6770,1,50.00,4
7801,9.9000,0.6770,1,40.00,10
7802,9.9700,0.6769,1,100.00,3
7803,9.9400,0.6769,1,33.33,6
7804,9.9400,0.6769,1,33.33,6
7805,9.9400,0.6768,1,33.33,6
7806,9.9400,0.6768,1,16.67,6
7807,9.9800,0.6768,1,100.00,2
7808,8.3500,0.6767,1,6.67,15
7809,9.9600,0.6767,1,100.00,4
7810,9.9900,0.6767,1,100.00,1
7811,-0.7500,0.6766,0,0.00,25
7812,9.9100,0.6766,1,11.11,9
7813,9.9600,0.6766,1,75.00,4
7814,9.4000,0.6765,1,50.00,10
7815,9.9800,0.6765,1,100.00,2
7816,9.3700,0.6765,1,15.38,13
7817,9.9000,0.6764,1,20.00,10
7818,9.9500,0.6764,1,20.00,5
7819,8.9300,0.6764,1,28.57,7
7820,8.3400,0.6763,1,12.50,16
7821,9.9600,0.6763,1,75.00,4
7822,9.9100,0.6763,1,33.33,9
7823,9.9900,0.6762,1,100.00,1
7824,9.9900,0.6762,1,100.00,1
7825,9.3800,0.6762,1,25.00,12
7826,9.9600,0.6761,1,50.00,4
7827,9.9500,0.6761,1,60.00,5
7828,-2.7500,0.6761,0,0.00,25
7829,8.8300,0.6760,1,29.41,17
7830,8.9100,0.6760,1,44.44,9
7831,9.9900,0.6760,1,100.00,1
7832,9.9700,0.6759,1,100.00,3
7833,8.2900,0.6759,1,28.57,21
7834,8.8300,0.6759,1,17.65,17
7835,-2.2500,0.6758,0,0.00,25
7836,9.9400,0.6758,1,33.33,6
7837,9.9300,0.6758,1,42.86,7
7838,9.8600,0.6757,1,14.29,14
7839,9.3400,0.6757,1,18.75,16
7840,9.4200,0.6757,1,50.00,8
7841,9.2600,0.6756,1,20.83,24
7842,9.8800,0.6756,1,16.67,12
7843,9.9200,0.6756,1,50.00,8
7844,-0.2500,0.6755,0,0.00,25
7845,9.9000,0.6755,1,30.00,10
7846,9.9900,0.6755,1,100.00,1
7847,8.4200,0.6754,1,37.50,8
7848,-1.2500,0.6754,0,0.00,25
7849,9.9600,0.6754,1,75.00,4
7850,9.9900,0.6753,1,100.00,1
7851,9.7900,0.6753,1,9.52,21
7852,9.4500,0.6753,1,80.00,5
7853,9.3900,0.6752,1,18.18,11
7854,7.8700,0.6752,1,46.15,13
7855,9.9100,0.6752,1,22.22,9
7856,9.9400,0.6751,1,16.67,6
7857,9.3500,0.6751,1,26.67,15
7858,7.8500,0.6751,1,33.33,15
7859,8.8900,0.6750,1,18.18,11
7860,9.8600,0.6750,1,21.43,14
7861,9.9700,0.6750,1,66.67,3
7862,9.9700,0.6749,1,66.67,3
7863,9.3800,0.6749,1,16.67,12
7864,7.8100,0.6749,1,26.32,19
7865,-2.7500,0.6748,0,0.00,25
7866,9.9300,0.6748,1,14.29,7
7867,9.8200,0.6748,1,16.67,18
7868,9.9600,0.6747,1,50.00,4
7869,9.9800,0.6747,1,100.00,2
7870,9.8900,0.6747,1,45.45,11
7871,9.8500,0.6746,1,20.00,15
7872,9.8300,0.6746,1,11.76,17
7873,9.9300,0.6745,1,14.29,7
7874,9.9200,0.6745,1,25.00,8
7875,9.9300,0.6745,1,42.86,7
7876,9.8400,0.6744,1,18.75,16
7877,8.3400,0.6744,1,18.75,16
7878,9.9300,0.6744,1,14.29,7
7879,9.8500,0.6743,1,20.00,15
7880,9.4200,0.6743,1,37.50,8
7881,7.8100,0.6743,1,26.32,19
7882,9.9800,0.6742,1,100.00,2
7883,9.9600,0.6742,1,50.00,4
7884,9.9500,0.6742,1,100.00,5
7885,9.4600,0.6741,1,75.00,4
7886,9.9800,0.6741,1,100.00,2
7887,9.9600,0.6741,1,50.00,4
7888,8.4000,0.6740,1,50.00,10
7889,9.9100,0.6740,1,33.33,9
7890,7.7700,0.6740,1,17.39,23
7891,9.3200,0.6739,1,22.22,18
7892,9.9700,0.6739,1,33.33,3
7893,8.2900,0.6739,1,23.81,21
7894,9.9700,0.6738,1,100.00,3
7895,9.9600,0.6738,1,50.00,4
7896,9.3100,0.6738,1,26.32,19
7897,9.9500,0.6737,1,60.00,5
7898,9.9100,0.6737,1,22.22,9
7899,9.4600,0.6737,1,75.00,4
7900,9.9700,0.6736,1,33.33,3
7901,9.9700,0.6736,1,100.00,3
7902,9.9500,0.6736,1,20.00,5
7903,9.9900,0.6735,1,100.00,1
7904,9.9900,0.6735,1,100.00,1
7905,9.9400,0.6735,1,83.33,6
7906,8.3500,0.6734,1,33.33,15
7907,9.9500,0.6734,1,60.00,5
7908,9.4000,0.6734,1,40.00,10
7909,9.8900,0.6733,1,45.45,11
7910,-2.2500,0.6733,0,0.00,25
7911,9.9700,0.6733,1,33.33,3
7912,9.9400,0.6732,1,66.67,6
7913,9.3500,0.6732,1,20.00,15
7914,9.9900,0.6732,1,100.00,1
7915,-2.2500,0.6731,0,0.00,25
7916,9.4400,0.6731,1,50.00,6
7917,9.9900,0.6731,1,100.00,1
7918,9.3900,0.6730,1,27.27,11
7919,-1.2500,0.6730,0,0.00,25
7920,9.8600,0.6730,1,35.71,14
7921,8.3300,0.6729,1,17.65,17
7922,9.4700,0.6729,1,66.67,3
7923,9.9900,0.6729,1,100.00,1
7924,9.3900,0.6728,1,36.36,11
7925,-0.7500,0.6728,0,0.00,25
7926,9.9700,0.6728,1,33.33,3
7927,-2.2500,0.6727,0,0.00,25
7928,9.8300,0.6727,1,11.76,17
7929,9.9700,0.6727,1,100.00,3
7930,8.7900,0.6726,1,4.76,21
7931,9.4400,0.6726,1,16.67,6
7932,9.2700,0.6726,1,26.09,23
7933,9.2800,0.6725,1,27.27,22
7934,9.9100,0.6725,1,11.11,9
7935,9.9500,0.6725,1,40.00,5
7936,8.9200,0.6724,1,62.50,8
7937,9.9400,0.6724,1,100.00,6
7938,8.8400,0.6724,1,31.25,16
7939,9.8300,0.6723,1,11.76,17
7940,8.8700,0.6723,1,15.38,13
7941,9.9000,0.6723,1,30.00,10
7942,9.9500,0.6722,1,60.00,5
7943,-1.7500,0.6722,0,0.00,25
7944,-1.2500,0.6722,0,0.00,25
7945,9.9500,0.6721,1,40.00,5
7946,-0.7500,0.6721,0,0.00,25
7947,9.9100,0.6721,1,11.11,9
7948,9.4700,0.6720,1,66.67,3
7949,9.9800,0.6720,1,100.00,2
7950,9.9800,0.6720,1,100.00,2
7951,9.9700,0.6719,1,100.00,3
7952,9.8900,0.6719,1,18.18,11
7953,9.9900,0.6719,1,100.00,1
7954,9.2700,0.6718,1,13.04,23
7955,9.9800,0.6718,1,100.00,2
7956,9.9600,0.6718,1,50.00,4
7957,9.9700,0.6717,1,33.33,3
7958,9.9700,0.6717,1,100.00,3
7959,9.7800,0.6717,1,27.27,22
7960,9.9800,0.6716,1,100.00,2
7961,9.9800,0.6716,1,100.00,2
7962,9.9600,0.6716,1,50.00,4
7963,9.9600,0.6715,1,75.00,4
7964,-1.7500,0.6715,0,0.00,25
7965,9.4200,0.6715,1,37.50,8
7966,8.3700,0.6714,1,15.38,13
7967,9.9100,0.6714,1,55.56,9
7968,9.4700,0.6714,1,66.67,3
7969,9.9600,0.6713,1,50.00,4
7970,9.9400,0.6713,1,50.00,6
7971,9.9800,0.6713,1,100.00,2
7972,9.9600,0.6712,1,50.00,4
7973,9.8900,0.6712,1,45.45,11
7974,9.8900,0.6712,1,18.18,11
7975,8.2900,0.6711,1,23.81,21
7976,9.8800,0.6711,1,50.00,12
7977,9.9500,0.6711,1,100.00,5
7978,9.9000,0.6710,1,50.00,10
7979,9.3600,0.6710,1,21.43,14
7980,9.9500,0.6710,1,60.00,5
7981,9.9400,0.6709,1,33.33,6
7982,9.4000,0.6709,1,20.00,10
7983,9.9400,0.6708,1,50.00,6
7984,9.9700,0.6708,1,100.00,3
7985,9.9400,0.6708,1,33.33,6
7986,-2.7500,0.6707,0,0.00,25
7987,9.8800,0.6707,1,8.33,12
7988,9.9500,0.6707,1,20.00,5
7989,9.9100,0.6706,1,44.44,9
7990,9.9500,0.6706,1,40.00,5
7991,9.8600,0.6706,1,42.86,14
7992,9.8900,0.6705,1,36.36,11
7993,-0.2500,0.6705,0,0.00,25
7994,9.9400,0.6705,1,33.33,6
7995,9.3400,0.6704,1,6.25,16
7996,-1.7500,0.6704,0,0.00,25
7997,9.9900,0.6704,1,100.00,1
7998,9.9300,0.6703,1,14.29,7
7999,9.9800,0.6703,1,100.00,2
8000,-0.7500,0.6703,0,0.00,25
8001,9.9600,0.6702,1,50.00,4
8002,9.7500,0.6702,1,20.00,25
8003,9.4600,0.6702,1,75.00,4
8004,9.9700,0.6701,1,66.67,3
8005,7.2500,0.6701,1,12.00,25
8006,9.9000,0.6701,1,20.00,10
8007,9.9500,0.6700,1,60.00,5
8008,9.9800,0.6700,1,100.00,2
8009,9.9700,0.6700,1,33.33,3
8010,9.9500,0.6699,1,40.00,5
8011,9.9600,0.6699,1,100.00,4
8012,9.9300,0.6699,1,57.14,7
8013,9.9900,0.6698,1,100.00,1
8014,9.9800,0.6698,1,100.00,2
8015,9.4400,0.6698,1,16.67,6
8016,9.9900,0.6697,1,100.00,1
8017,9.9800,0.6697,1,100.00,2
8018,9.9700,0.6697,1,100.00,3
8019,9.3700,0.6696,1,15.38,13
8020,9.8900,0.6696,1,45.45,11
8021,9.8600,0.6696,1,21.43,14
8022,9.9700,0.6695,1,100.00,3
8023,9.9800,0.6695,1,100.00,2
8024,9.9500,0.6695,1,60.00,5
8025,9.9400,0.6694,1,66.67,6
8026,9.4200,0.6694,1,75.00,8
8027,9.9900,0.6694,1,100.00,1
8028,8.8600,0.6693,1,35.71,14
8029,9.9700,0.6693,1,100.00,3
8030,9.9700,0.6693,1,33.33,3
8031,8.3500,0.6692,1,40.00,15
8032,9.9400,0.6692,1,33.33,6
8033,9.9800,0.6692,1,100.00,2
8034,9.9300,0.6691,1,14.29,7
8035,9.9800,0.6691,1,100.00,2
8036,9.9100,0.6691,1,33.33,9
8037,9.9600,0.6690,1,50.00,4
8038,9.9900,0.6690,1,100.00,1
8039,9.9900,0.6690,1,100.00,1
8040,-1.2500,0.6689,0,0.00,25
8041,9.8800,0.6689,1,16.67,12
8042,9.9900,0.6689,1,100.00,1
8043,9.2900,0.6688,1,19.05,21
8044,9.9100,0.6688,1,22.22,9
8045,9.9700,0.6688,1,33.33,3
8046,9.9800,0.6687,1,100.00,2
8047,9.8600,0.6687,1,21.43,14
8048,8.2900,0.6687,1,23.81,21
8049,9.9100,0.6686,1,33.33,9
8050,9.4000,0.6686,1,40.00,10
8051,8.8200,0.6686,1,11.11,18
8052,9.9900,0.6685,1,100.00,1
8053,9.9400,0.6685,1,33.33,6
8054,9.8600,0.6685,1,21.43,14
8055,9.9000,0.6684,1,40.00,10
8056,8.8900,0.6684,1,45.45,11
8057,7.7700,0.6684,1,21.74,23
8058,9.9500,0.6683,1,40.00,5
8059,9.9400,0.6683,1,33.33,6
8060,9.4000,0.6683,1,50.00,10
8061,9.9900,0.6682,1,100.00,1
8062,-1.2500,0.6682,0,0.00,25
8063,9.9200,0.6682,1,50.00,8
8064,8.9000,0.6681,1,20.00,10
8065,-2.2500,0.6681,0,0.00,25
8066,9.9000,0.6681,1,40.00,10
8067,9.4400,0.6680,1,50.00,6
8068,9.9600,0.6680,1,50.00,4
8069,9.3100,0.6680,1,10.53,19
8070,9.9400,0.6679,1,33.33,6
8071,9.9400,0.6679,1,33.33,6
8072,9.9200,0.6679,1,50.00,8
8073,9.9200,0.6678,1,75.00,8
8074,9.9700,0.6678,1,100.00,3
8075,-0.7500,0.6678,0,0.00,25
8076,9.7600,0.6677,1,25.00,24
8077,9.3800,0.6677,1,16.67,12
8078,9.3800,0.6677,1,16.67,12
8079,9.9800,0.6676,1,100.00,2
8080,9.9800,0.6676,1,100.00,2
8081,9.9200,0.6676,1,25.00,8
8082,9.4300,0.6675,1,28.57,7
8083,8.9300,0.6675,1,57.14,7
8084,9.9600,0.6675,1,100.00,4
8085,9.9700,0.6674,1,100.00,3
8086,9.9800,0.6674,1,100.00,2
8087,9.9400,0.6674,1,66.67,6
8088,9.9100,0.6673,1,33.33,9
8089,9.3000,0.6673,1,20.00,20
8090,9.4000,0.6673,1,30.00,10
8091,9.9600,0.6672,1,75.00,4
8092,9.4700,0.6672,1,66.67,3
8093,9.4100,0.6672,1,55.56,9
8094,9.7900,0.6671,1,19.05,21
8095,9.9900,0.6671,1,100.00,1
8096,9.9800,0.6671,1,100.00,2
8097,9.8700,0.6670,1,7.69,13
8098,9.8600,0.6670,1,14.29,14
8099,9.9200,0.6670,1,62.50,8
8100,9.9900,0.6669,1,100.00,1
8101,9.9700,0.6669,1,100.00,3
8102,9.9800,0.6669,1,100.00,2
8103,9.9400,0.6668,1,50.00,6
8104,9.3500,0.6668,1,33.33,15
8105,9.9300,0.6668,1,42.86,7
8106,9.9700,0.6667,1,66.67,3
8107,9.9800,0.6667,1,100.00,2
8108,9.9600,0.6667,1,75.00,4
8109,9.9900,0.6666,1,100.00,1
8110,9.4700,0.6666,1,66.67,3
8111,-1.2500,0.6666,0,0.00,25
8112,9.3100,0.6665,1,21.05,19
8113,9.9800,0.6665,1,100.00,2
8114,9.9800,0.6665,1,100.00,2
8115,9.9900,0.6664,1,100.00,1
8116,9.4500,0.6664,1,80.00,5
8117,9.9800,0.6664,1,100.00,2
8118,8.3300,0.6663,1,23.53,17
8119,9.9800,0.6663,1,100.00,2
8120,9.3600,0.6663,1,21.43,14
8121,9.9400,0.6662,1,16.67,6
8122,9.9300,0.6662,1,42.86,7
8123,9.9100,0.6662,1,55.56,9
8124,9.9900,0.6661,1,100.00,1
8125,9.9500,0.6661,1,60.00,5
8126,9.7900,0.6661,1,23.81,21
8127,9.4000,0.6660,1,10.00,10
8128,9.9600,0.6660,1,50.00,4
8129,9.8500,0.6660,1,26.67,15
8130,9.9700,0.6659,1,33.33,3
8131,9.4100,0.6659,1,22.22,9
8132,9.9700,0.6659,1,100.00,3
8133,9.9400,0.6658,1,33.33,6
8134,9.9000,0.6658,1,40.00,10
8135,8.9000,0.6658,1,40.00,10
8136,9.8200,0.6657,1,27.78,18
8137,9.9600,0.6657,1,50.00,4
8138,9.9900,0.6657,1,100.00,1
8139,8.8000,0.6656,1,20.00,20
8140,8.2900,0.6656,1,19.05,21
8141,9.3600,0.6656,1,42.86,14
8142,9.9500,0.6655,1,60.00,5
8143,9.9800,0.6655,1,100.00,2
8144,9.9700,0.6655,1,100.00,3
8145,8.2700,0.6654,1,17.39,23
8146,9.9900,0.6654,1,100.00,1
8147,9.9300,0.6654,1,14.29,7
8148,9.9700,0.6653,1,66.67,3
8149,9.2900,0.6653,1,28.57,21
8150,-2.7500,0.6653,0,0.00,25
8151,8.2600,0.6652,1,16.67,24
8152,7.7800,0.6652,1,27.27,22
8153,8.9100,0.6652,1,33.33,9
8154,9.9900,0.6651,1,100.00,1
8155,9.9400,0.6651,1,50.00,6
8156,9.8800,0.6651,1,41.67,12
8157,9.9300,0.6650,1,14.29,7
8158,9.9500,0.6650,1,60.00,5
8159,9.9700,0.6650,1,100.00,3
8160,6.8400,0.6649,1,31.25,16
8161,9.9500,0.6649,1,60.00,5
8162,8.9400,0.6649,1,33.33,6
8163,9.9500,0.6648,1,60.00,5
8164,9.9900,0.6648,1,100.00,1
8165,9.9000,0.6648,1,30.00,10
8166,9.3500,0.6647,1,33.33,15
8167,9.8800,0.6647,1,41.67,12
8168,-0.2500,0.6647,0,0.00,25
8169,9.9800,0.6646,1,100.00,2
8170,9.3700,0.6646,1,46.15,13
8171,9.9800,0.6646,1,100.00,2
8172,9.9800,0.6645,1,100.00,2
8173,9.4400,0.6645,1,83.33,6
8174,9.9800,0.6645,1,100.00,2
8175,9.9200,0.6644,1,25.00,8
8176,9.9700,0.6644,1,100.00,3
8177,-1.7500,0.6644,0,0.00,25
8178,9.9200,0.6643,1,25.00,8
8179,9.8800,0.6643,1,16.67,12
8180,9.9800,0.6643,1,100.00,2
8181,9.9400,0.6642,1,33.33,6
8182,9.9700,0.6642,1,33.33,3
8183,9.4000,0.6642,1,50.00,10
8184,7.2500,0.6641,1,16.00,25
8185,9.9600,0.6641,1,50.00,4
8186,9.3800,0.6641,1,25.00,12
8187,9.9500,0.6640,1,80.00,5
8188,9.9700,0.6640,1,66.67,3
8189,9.9800,0.6640,1,100.00,2
8190,8.3000,0.6639,1,25.00,20
8191,9.9100,0.6639,1,22.22,9
8192,9.8900,0.6639,1,18.18,11
8193,9.8500,0.6638,1,13.33,15
8194,9.9300,0.6638,1,28.57,7
8195,9.4500,0.6638,1,40.00,5
8196,9.9900,0.6637,1,100.00,1
8197,9.9900,0.6637,1,100.00,1
8198,9.9700,0.6637,1,100.00,3
8199,9.9900,0.6636,1,100.00,1
8200,9.4300,0.6636,1,85.71,7
8201,9.9400,0.6636,1,33.33,6
8202,9.9800,0.6635,1,100.00,2
8203,9.9400,0.6635,1,33.33,6
8204,-2.7500,0.6635,0,0.00,25
8205,9.9000,0.6634,1,30.00,10
8206,9.3200,0.6634,1,22.22,18
8207,7.8400,0.6634,1,25.00,16
8208,9.9900,0.6633,1,100.00,1
8209,9.9800,0.6633,1,100.00,2
8210,9.9400,0.6633,1,83.33,6
8211,9.9600,0.6632,1,50.00,4
8212,-1.2500,0.6632,0,0.00,25
8213,9.4700,0.6632,1,66.67,3
8214,9.8300,0.6631,1,11.76,17
8215,7.3900,0.6631,1,18.18,11
8216,9.9600,0.6631,1,50.00,4
8217,9.9200,0.6630,1,37.50,8
8218,9.9000,0.6630,1,20.00,10
8219,9.9100,0.6630,1,44.44,9
8220,9.9400,0.6629,1,50.00,6
8221,9.4000,0.6629,1,60.00,10
8222,9.9800,0.6629,1,100.00,2
8223,9.9900,0.6628,1,100.00,1
8224,9.9900,0.6628,1,100.00,1
8225,9.9700,0.6628,1,100.00,3
8226,9.9800,0.6627,1,100.00,2
8227,9.4200,0.6627,1,37.50,8
8228,9.9600,0.6627,1,50.00,4
8229,9.9500,0.6626,1,60.00,5
8230,9.9300,0.6626,1,28.57,7
8231,9.9300,0.6626,1,28.57,7
8232,7.7900,0.6625,1,19.05,21
8233,8.8500,0.6625,1,20.00,15
8234,9.9500,0.6625,1,60.00,5
8235,9.9900,0.6624,1,100.00,1
8236,9.9900,0.6624,1,100.00,1
8237,9.9600,0.6624,1,50.00,4
8238,9.9800,0.6624,1,100.00,2
8239,9.3600,0.6623,1,28.57,14
8240,8.8900,0.6623,1,27.27,11
8241,9.3900,0.6623,1,45.45,11
8242,9.9600,0.6622,1,50.00,4
8243,-0.2500,0.6622,0,0.00,25
8244,9.9100,0.6622,1,33.33,9
8245,9.8900,0.6621,1,27.27,11
8246,8.8500,0.6621,1,20.00,15
8247,9.9800,0.6621,1,100.00,2
8248,9.9700,0.6620,1,100.00,3
8249,9.4200,0.6620,1,12.50,8
8250,9.8500,0.6620,1,33.33,15
8251,9.3600,0.6619,1,35.71,14
8252,9.9800,0.6619,1,100.00,2
8253,9.9400,0.6619,1,33.33,6
8254,9.9700,0.6618,1,100.00,3
8255,7.3600,0.6618,1,28.57,14
8256,9.9800,0.6618,1,100.00,2
8257,9.4300,0.6617,1,71.43,7
8258,9.8400,0.6617,1,18.75,16
8259,9.9700,0.6617,1,100.00,3
8260,9.9900,0.6616,1,100.00,1
8261,9.4100,0.6616,1,33.33,9
8262,9.9700,0.6616,1,100.00,3
8263,9.8800,0.6615,1,8.33,12
8264,9.9800,0.6615,1,100.00,2
8265,9.9400,0.6615,1,33.33,6
8266,9.9500,0.6614,1,60.00,5
8267,9.9200,0.6614,1,25.00,8
8268,9.9400,0.6614,1,66.67,6
8269,7.8600,0.6613,1,14.29,14
8270,9.8700,0.6613,1,23.08,13
8271,9.3400,0.6613,1,6.25,16
8272,9.9900,0.6612,1,100.00,1
8273,7.8600,0.6612,1,28.57,14
8274,9.9700,0.6612,1,66.67,3
8275,9.9900,0.6611,1,100.00,1
8276,9.4200,0.6611,1,62.50,8
8277,9.9900,0.6611,1,100.00,1
8278,8.9400,0.6610,1,33.33,6
8279,9.4500,0.6610,1,60.00,5
8280,9.9600,0.6610,1,50.00,4
8281,9.9700,0.6609,1,100.00,3
8282,9.9700,0.6609,1,100.00,3
8283,9.9800,0.6609,1,100.00,2
8284,9.3500,0.6608,1,26.67,15
8285,9.9200,0.6608,1,37.50,8
8286,9.9700,0.6608,1,66.67,3
8287,9.9600,0.6607,1,25.00,4
8288,9.9300,0.6607,1,28.57,7
8289,9.3300,0.6607,1,11.76,17
8290,9.9300,0.6606,1,71.43,7
8291,9.9800,0.6606,1,100.00,2
8292,9.9700,0.6606,1,100.00,3
8293,9.9500,0.6605,1,40.00,5
8294,9.9600,0.6605,1,50.00,4
8295,9.3900,0.6605,1,54.55,11
8296,9.9800,0.6604,1,100.00,2
8297,9.9500,0.6604,1,40.00,5
8298,9.9800,0.6604,1,100.00,2
8299,9.3500,0.6603,1,33.33,15
8300,9.8600,0.6603,1,21.43,14
8301,9.9700,0.6603,1,33.33,3
8302,9.8900,0.6602,1,27.27,11
8303,9.9600,0.6602,1,100.00,4
8304,9.9800,0.6602,1,100.00,2
8305,8.8600,0.6601,1,42.86,14
8306,8.8900,0.6601,1,27.27,11
8307,9.9700,0.6601,1,100.00,3
8308,8.3800,0.6600,1,16.67,12
8309,9.9800,0.6600,1,100.00,2
8310,9.9100,0.6600,1,55.56,9
8311,-0.2500,0.6599,0,0.00,25
8312,9.9600,0.6599,1,50.00,4
8313,9.9700,0.6599,1,33.33,3
8314,9.3000,0.6598,1,15.00,20
8315,9.9800,0.6598,1,100.00,2
8316,9.9400,0.6598,1,33.33,6
8317,9.9900,0.6597,1,100.00,1
8318,9.8300,0.6597,1,29.41,17
8319,9.3400,0.6597,1,37.50,16
8320,9.4500,0.6596,1,40.00,5
8321,9.9900,0.6596,1,100.00,1
8322,9.9800,0.6596,1,100.00,2
8323,9.9800,0.6595,1,100.00,2
8324,9.4500,0.6595,1,40.00,5
8325,9.9700,0.6595,1,66.67,3
8326,8.9300,0.6594,1,14.29,7
8327,9.9700,0.6594,1,100.00,3
8328,9.9300,0.6594,1,42.86,7
8329,9.9600,0.6593,1,75.00,4
8330,9.9900,0.6593,1,100.00,1
8331,9.9700,0.6593,1,66.67,3
8332,9.9600,0.6592,1,50.00,4
8333,9.4100,0.6592,1,55.56,9
8334,9.9500,0.6592,1,20.00,5
8335,8.4500,0.6591,1,40.00,5
8336,8.9000,0.6591,1,50.00,10
8337,9.9700,0.6591,1,100.00,3
8338,9.9500,0.6590,1,100.00,5
8339,9.9800,0.6590,1,100.00,2
8340,9.9600,0.6590,1,50.00,4
8341,9.8600,0.6589,1,14.29,14
8342,9.9300,0.6589,1,42.86,7
8343,9.9800,0.6589,1,100.00,2
8344,-2.7500,0.6588,0,0.00,25
8345,9.4700,0.6588,1,66.67,3
8346,9.9400,0.6588,1,66.67,6
8347,9.9900,0.6588,1,100.00,1
8348,9.9700,0.6587,1,33.33,3
8349,9.9600,0.6587,1,50.00,4
8350,9.3700,0.6587,1,15.38,13
8351,9.9500,0.6586,1,40.00,5
8352,9.9100,0.6586,1,11.11,9
8353,9.9200,0.6586,1,12.50,8
8354,8.7800,0.6585,1,27.27,22
8355,9.8000,0.6585,1,15.00,20
8356,9.9400,0.6585,1,66.67,6
8357,9.9500,0.6584,1,80.00,5
8358,8.3800,0.6584,1,41.67,12
8359,9.7800,0.6584,1,13.64,22
8360,9.9600,0.6583,1,50.00,4
8361,9.9700,0.6583,1,100.00,3
8362,8.8800,0.6583,1,25.00,12
8363,9.9300,0.6582,1,42.86,7
8364,9.9200,0.6582,1,37.50,8
8365,8.2600,0.6582,1,16.67,24
8366,9.9500,0.6581,1,20.00,5
8367,9.9500,0.6581,1,20.00,5
8368,9.9700,0.6581,1,66.67,3
8369,9.8800,0.6580,1,41.67,12
8370,7.3400,0.6580,1,37.50,16
8371,9.9400,0.6580,1,66.67,6
8372,9.9300,0.6579,1,14.29,7
8373,9.9300,0.6579,1,28.57,7
8374,9.9900,0.6579,1,100.00,1
8375,9.8900,0.6578,1,18.18,11
8376,9.9400,0.6578,1,16.67,6
8377,9.9800,0.6578,1,100.00,2
8378,9.9600,0.6577,1,75.00,4
8379,9.9700,0.6577,1,100.00,3
8380,9.9700,0.6577,1,66.67,3
8381,9.4000,0.6576,1,30.00,10
8382,9.8500,0.6576,1,33.33,15
8383,9.9600,0.6576,1,50.00,4
8384,9.9700,0.6575,1,100.00,3
8385,9.4400,0.6575,1,50.00,6
8386,9.9900,0.6575,1,100.00,1
8387,9.9100,0.6574,1,33.33,9
8388,9.9600,0.6574,1,100.00,4
8389,9.9500,0.6574,1,60.00,5
8390,8.9400,0.6573,1,66.67,6
8391,8.9400,0.6573,1,66.67,6
8392,9.9400,0.6573,1,16.67,6
8393,9.9700,0.6572,1,100.00,3
8394,9.9700,0.6572,1,33.33,3
8395,9.9700,0.6572,1,100.00,3
8396,9.9400,0.6571,1,33.33,6
8397,9.9700,0.6571,1,100.00,3
8398,9.9000,0.6571,1,20.00,10
8399,9.2700,0.6570,1,13.04,23
8400,9.9900,0.6570,1,100.00,1
8401,9.9700,0.6570,1,33.33,3
8402,8.9000,0.6569,1,40.00,10
8403,9.9800,0.6569,1,100.00,2
8404,9.9800,0.6569,1,100.00,2
8405,9.8800,0.6568,1,16.67,12
8406,-0.2500,0.6568,0,0.00,25
8407,9.4500,0.6568,1,40.00,5
8408,9.9800,0.6567,1,100.00,2
8409,9.9600,0.6567,1,50.00,4
8410,-1.2500,0.6567,0,0.00,25
8411,9.8300,0.6566,1,11.76,17
8412,9.9700,0.6566,1,66.67,3
8413,9.9400,0.6566,1,33.33,6
8414,9.2700,0.6565,1,21.74,23
8415,8.8400,0.6565,1,31.25,16
8416,9.9100,0.6565,1,55.56,9
8417,9.9400,0.6564,1,50.00,6
8418,9.8000,0.6564,1,15.00,20
8419,-1.2500,0.6564,0,0.00,25
8420,8.9600,0.6564,1,50.00,4
8421,9.9600,0.6563,1,75.00,4
8422,9.9400,0.6563,1,50.00,6
8423,9.4400,0.6563,1,50.00,6
8424,-1.7500,0.6562,0,0.00,25
8425,9.8800,0.6562,1,25.00,12
8426,9.4700,0.6562,1,66.67,3
8427,9.9900,0.6561,1,100.00,1
8428,9.9100,0.6561,1,33.33,9
8429,9.4300,0.6561,1,57.14,7
8430,-2.2500,0.6560,0,0.00,25
8431,9.9700,0.6560,1,100.00,3
8432,7.8400,0.6560,1,31.25,16
8433,-0.2500,0.6559,0,0.00,25
8434,9.9700,0.6559,1,100.00,3
8435,9.9900,0.6559,1,100.00,1
8436,9.9700,0.6558,1,33.33,3
8437,9.8700,0.6558,1,30.77,13
8438,9.4000,0.6558,1,30.00,10
8439,9.9900,0.6557,1,100.00,1
8440,9.9600,0.6557,1,50.00,4
8441,9.9600,0.6557,1,75.00,4
8442,9.9400,0.6556,1,33.33,6
8443,9.9700,0.6556,1,100.00,3
8444,9.9900,0.6556,1,100.00,1
8445,9.8400,0.6555,1,18.75,16
8446,8.7800,0.6555,1,27.27,22
8447,8.8700,0.6555,1,46.15,13
8448,9.9200,0.6554,1,62.50,8
8449,9.9900,0.6554,1,100.00,1
8450,9.9800,0.6554,1,100.00,2
8451,9.4600,0.6553,1,75.00,4
8452,9.9900,0.6553,1,100.00,1
8453,8.2500,0.6553,1,20.00,25
8454,8.7900,0.6552,1,23.81,21
8455,9.9600,0.6552,1,100.00,4
8456,9.4700,0.6552,1,66.67,3
8457,9.9600,0.6551,1,50.00,4
8458,9.9600,0.6551,1,50.00,4
8459,9.3700,0.6551,1,23.08,13
8460,9.9800,0.6550,1,100.00,2
8461,9.9400,0.6550,1,33.33,6
8462,9.9900,0.6550,1,100.00,1
8463,9.3600,0.6549,1,21.43,14
8464,7.8800,0.6549,1,33.33,12
8465,8.3800,0.6549,1,25.00,12
8466,9.9300,0.6548,1,14.29,7
8467,9.9700,0.6548,1,100.00,3
8468,9.8700,0.6548,1,23.08,13
8469,9.9100,0.6547,1,33.33,9
8470,9.8900,0.6547,1,9.09,11
8471,9.4300,0.6547,1,28.57,7
8472,9.9900,0.6546,1,100.00,1
8473,9.9700,0.6546,1,33.33,3
8474,9.9500,0.6546,1,60.00,5
8475,9.9900,0.6545,1,100.00,1
8476,9.9200,0.6545,1,25.00,8
8477,9.8300,0.6545,1,11.76,17
8478,9.9300,0.6544,1,71.43,7
8479,9.3900,0.6544,1,27.27,11
8480,9.9800,0.6544,1,100.00,2
8481,9.9000,0.6544,1,10.00,10
8482,-0.2500,0.6543,0,0.00,25
8483,9.9600,0.6543,1,100.00,4
8484,9.8600,0.6543,1,14.29,14
8485,9.9800,0.6542,1,100.00,2
8486,-3.2500,0.6542,0,0.00,25
8487,9.9800,0.6542,1,100.00,2
8488,8.3700,0.6541,1,38.46,13
8489,9.9900,0.6541,1,100.00,1
8490,9.8800,0.6541,1,41.67,12
8491,9.8800,0.6540,1,25.00,12
8492,9.9800,0.6540,1,100.00,2
8493,9.9600,0.6540,1,50.00,4
8494,9.7800,0.6539,1,27.27,22
8495,9.9900,0.6539,1,100.00,1
8496,-0.7500,0.6539,0,0.00,25
8497,9.9400,0.6538,1,50.00,6
8498,9.8900,0.6538,1,45.45,11
8499,9.4500,0.6538,1,40.00,5
8500,9.4000,0.6537,1,40.00,10
8501,6.3300,0.6537,1,11.76,17
8502,9.9900,0.6537,1,100.00,1
8503,9.9900,0.6536,1,100.00,1
8504,9.9300,0.6536,1,14.29,7
8505,9.9600,0.6536,1,50.00,4
8506,9.9100,0.6535,1,11.11,9
8507,9.9800,0.6535,1,100.00,2
8508,9.9700,0.6535,1,100.00,3
8509,9.9200,0.6534,1,37.50,8
8510,8.8900,0.6534,1,45.45,11
8511,9.9400,0.6534,1,33.33,6
8512,9.8800,0.6533,1,16.67,12
8513,9.9900,0.6533,1,100.00,1
8514,8.3100,0.6533,1,31.58,19
8515,9.9800,0.6532,1,100.00,2
8516,9.9900,0.6532,1,100.00,1
8517,9.4300,0.6532,1,57.14,7
8518,9.9700,0.6531,1,66.67,3
8519,9.9700,0.6531,1,100.00,3
8520,9.4400,0.6531,1,66.67,6
8521,9.9500,0.6530,1,20.00,5
8522,9.8800,0.6530,1,25.00,12
8523,9.4600,0.6530,1,75.00,4
8524,8.3500,0.6529,1,33.33,15
8525,9.9800,0.6529,1,100.00,2
8526,9.9300,0.6529,1,42.86,7
8527,9.9800,0.6528,1,50.00,2
8528,9.9300,0.6528,1,14.29,7
8529,8.7600,0.6528,1,16.67,24
8530,9.8000,0.6528,1,5.00,20
8531,9.9500,0.6527,1,80.00,5
8532,9.9300,0.6527,1,42.86,7
8533,9.9100,0.6527,1,44.44,9
8534,9.9700,0.6526,1,33.33,3
8535,9.3800,0.6526,1,33.33,12
8536,9.9100,0.6526,1,33.33,9
8537,9.9300,0.6525,1,71.43,7
8538,9.9700,0.6525,1,100.00,3
8539,9.9300,0.6525,1,57.14,7
8540,9.4700,0.6524,1,66.67,3
8541,9.9900,0.6524,1,100.00,1
8542,8.9400,0.6524,1,33.33,6
8543,9.9700,0.6523,1,100.00,3
8544,8.8600,0.6523,1,28.57,14
8545,9.9600,0.6523,1,100.00,4
8546,9.9200,0.6522,1,12.50,8
8547,9.9300,0.6522,1,14.29,7
8548,9.9700,0.6522,1,33.33,3
8549,9.7700,0.6521,1,13.04,23
8550,9.9100,0.6521,1,33.33,9
8551,9.8600,0.6521,1,21.43,14
8552,9.9500,0.6520,1,40.00,5
8553,9.9500,0.6520,1,60.00,5
8554,9.9700,0.6520,1,100.00,3
8555,9.9700,0.6519,1,33.33,3
8556,9.9900,0.6519,1,100.00,1
8557,8.3100,0.6519,1,31.58,19
8558,9.9100,0.6518,1,22.22,9
8559,9.9700,0.6518,1,100.00,3
8560,9.9900,0.6518,1,100.00,1
8561,9.9600,0.6517,1,50.00,4
8562,8.9300,0.6517,1,57.14,7
8563,9.9500,0.6517,1,20.00,5
8564,9.9500,0.6516,1,20.00,5
8565,-0.2500,0.6516,0,0.00,25
8566,9.9500,0.6516,1,20.00,5
8567,9.9300,0.6515,1,42.86,7
8568,9.9900,0.6515,1,100.00,1
8569,9.9800,0.6515,1,100.00,2
8570,9.9700,0.6514,1,100.00,3
8571,9.9600,0.6514,1,50.00,4
8572,9.9000,0.6514,1,40.00,10
8573,9.8900,0.6513,1,18.18,11
8574,9.9200,0.6513,1,25.00,8
8575,-2.2500,0.6513,0,0.00,25
8576,9.9800,0.6513,1,100.00,2
8577,9.9700,0.6512,1,33.33,3
8578,8.8900,0.6512,1,45.45,11
8579,9.9700,0.6512,1,100.00,3
8580,9.9300,0.6511,1,42.86,7
8581,9.9300,0.6511,1,28.57,7
8582,9.9400,0.6511,1,33.33,6
8583,9.3000,0.6510,1,20.00,20
8584,9.9600,0.6510,1,50.00,4
8585,9.9600,0.6510,1,50.00,4
8586,9.9600,0.6509,1,50.00,4
8587,9.9400,0.6509,1,33.33,6
8588,9.8700,0.6509,1,23.08,13
8589,9.9600,0.6508,1,50.00,4
8590,-1.7500,0.6508,0,0.00,25
8591,9.3200,0.6508,1,16.67,18
8592,9.9400,0.6507,1,50.00,6
8593,9.9300,0.6507,1,14.29,7
8594,9.4300,0.6507,1,57.14,7
8595,9.9500,0.6506,1,60.00,5
8596,9.9700,0.6506,1,66.67,3
8597,9.8800,0.6506,1,33.33,12
8598,-2.2500,0.6505,0,0.00,25
8599,9.9400,0.6505,1,16.67,6
8600,9.2900,0.6505,1,23.81,21
8601,9.9700,0.6504,1,100.00,3
8602,9.9700,0.6504,1,100.00,3
8603,9.9100,0.6504,1,22.22,9
8604,9.3900,0.6503,1,54.55,11
8605,9.9200,0.6503,1,25.00,8
8606,8.8900,0.6503,1,9.09,11
8607,9.9400,0.6502,1,66.67,6
8608,9.9200,0.6502,1,37.50,8
8609,9.9100,0.6502,1,11.11,9
8610,9.9100,0.6501,1,33.33,9
8611,9.4200,0.6501,1,50.00,8
8612,9.4100,0.6501,1,44.44,9
8613,9.9200,0.6500,1,25.00,8
8614,9.9800,0.6500,1,100.00,2
8615,9.9700,0.6500,1,100.00,3
8616,9.3900,0.6499,1,18.18,11
8617,9.3800,0.6499,1,33.33,12
8618,9.9600,0.6499,1,50.00,4
8619,9.4500,0.6499,1,40.00,5
8620,9.9500,0.6498,1,60.00,5
8621,9.9800,0.6498,1,100.00,2
8622,9.9300,0.6498,1,42.86,7
8623,8.8500,0.6497,1,33.33,15
8624,8.8200,0.6497,1,33.33,18
8625,9.9600,0.6497,1,50.00,4
8626,8.8900,0.6496,1,18.18,11
8627,9.9700,0.6496,1,100.00,3
8628,9.9700,0.6496,1,33.33,3
8629,9.9800,0.6495,1,100.00,2
8630,9.9700,0.6495,1,66.67,3
8631,9.8500,0.6495,1,20.00,15
8632,9.4100,0.6494,1,22.22,9
8633,9.9800,0.6494,1,100.00,2
8634,9.9500,0.6494,1,60.00,5
8635,9.2900,0.6493,1,9.52,21
8636,9.9300,0.6493,1,14.29,7
8637,9.9900,0.6493,1,100.00,1
8638,8.8800,0.6492,1,41.67,12
8639,9.9800,0.6492,1,50.00,2
8640,8.9000,0.6492,1,40.00,10
8641,-1.2500,0.6491,0,0.00,25
8642,9.2700,0.6491,1,21.74,23
8643,9.9800,0.6491,1,100.00,2
8644,9.9900,0.6490,1,100.00,1
8645,9.9700,0.6490,1,100.00,3
8646,9.9600,0.6490,1,75.00,4
8647,9.3700,0.6489,1,23.08,13
8648,9.9300,0.6489,1,28.57,7
8649,8.2500,0.6489,1,20.00,25
8650,9.9300,0.6488,1,42.86,7
8651,9.9800,0.6488,1,100.00,2
8652,9.4600,0.6488,1,75.00,4
8653,9.9800,0.6487,1,100.00,2
8654,9.9900,0.6487,1,100.00,1
8655,-4.7500,0.6487,0,0.00,25
8656,9.4500,0.6487,1,40.00,5
8657,9.9000,0.6486,1,20.00,10
8658,9.9900,0.6486,1,100.00,1
8659,9.9800,0.6486,1,100.00,2
8660,9.9900,0.6485,1,100.00,1
8661,9.9700,0.6485,1,100.00,3
8662,9.3300,0.6485,1,35.29,17
8663,9.9500,0.6484,1,20.00,5
8664,9.9900,0.6484,1,100.00,1
8665,9.9700,0.6484,1,33.33,3
8666,9.9400,0.6483,1,33.33,6
8667,9.9900,0.6483,1,100.00,1
8668,9.9700,0.6483,1,33.33,3
8669,9.9900,0.6482,1,100.00,1
8670,9.9800,0.6482,1,100.00,2
8671,9.9500,0.6482,1,60.00,5
8672,9.4700,0.6481,1,66.67,3
8673,9.9600,0.6481,1,50.00,4
8674,9.3300,0.6481,1,17.65,17
8675,8.9400,0.6480,1,33.33,6
8676,9.9900,0.6480,1,100.00,1
8677,9.9900,0.6480,1,100.00,1
8678,9.3700,0.6479,1,15.38,13
8679,9.9700,0.6479,1,100.00,3
8680,9.4300,0.6479,1,28.57,7
8681,9.9600,0.6478,1,25.00,4
8682,9.3900,0.6478,1,18.18,11
8683,9.3100,0.6478,1,26.32,19
8684,9.9300,0.6477,1,57.14,7
8685,9.9800,0.6477,1,100.00,2
8686,9.9700,0.6477,1,33.33,3
8687,8.8500,0.6476,1,26.67,15
8688,8.8600,0.6476,1,14.29,14
8689,9.9300,0.6476,1,28.57,7
8690,9.9500,0.6475,1,60.00,5
8691,9.8900,0.6475,1,9.09,11
8692,9.9600,0.6475,1,50.00,4
8693,7.8600,0.6475,1,42.86,14
8694,9.9500,0.6474,1,60.00,5
8695,8.9400,0.6474,1,66.67,6
8696,9.9700,0.6474,1,100.00,3
8697,9.9400,0.6473,1,33.33,6
8698,9.9600,0.6473,1,75.00,4
8699,9.9700,0.6473,1,33.33,3
8700,9.9900,0.6472,1,100.00,1
8701,9.9800,0.6472,1,100.00,2
8702,9.7600,0.6472,1,8.33,24
8703,9.9300,0.6471,1,28.57,7
8704,9.9300,0.6471,1,42.86,7
8705,9.4300,0.6471,1,85.71,7
8706,9.4700,0.6470,1,66.67,3
8707,9.9300,0.6470,1,42.86,7
8708,9.9600,0.6470,1,50.00,4
8709,9.9000,0.6469,1,20.00,10
8710,9.9200,0.6469,1,75.00,8
8711,9.8800,0.6469,1,41.67,12
8712,9.9600,0.6468,1,50.00,4
8713,9.8700,0.6468,1,23.08,13
8714,9.8800,0.6468,1,50.00,12
8715,9.9800,0.6467,1,100.00,2
8716,9.8400,0.6467,1,18.75,16
8717,9.9500,0.6467,1,60.00,5
8718,9.9800,0.6466,1,100.00,2
8719,9.9800,0.6466,1,100.00,2
8720,-2.2500,0.6466,0,0.00,25
8721,8.3200,0.6465,1,33.33,18
8722,9.4400,0.6465,1,66.67,6
8723,9.9600,0.6465,1,25.00,4
8724,9.4100,0.6464,1,55.56,9
8725,-3.2500,0.6464,0,0.00,25
8726,7.8300,0.6464,1,29.41,17
8727,9.9000,0.6464,1,40.00,10
8728,-1.2500,0.6463,0,0.00,25
8729,9.9100,0.6463,1,22.22,9
8730,8.3900,0.6463,1,27.27,11
8731,9.9700,0.6462,1,66.67,3
8732,9.9900,0.6462,1,100.00,1
8733,9.9800,0.6462,1,50.00,2
8734,9.8300,0.6461,1,17.65,17
8735,-1.7500,0.6461,0,0.00,25
8736,9.9900,0.6461,1,100.00,1
8737,9.4500,0.6460,1,40.00,5
8738,8.8300,0.6460,1,29.41,17
8739,9.9600,0.6460,1,50.00,4
8740,9.9600,0.6459,1,50.00,4
8741,8.3000,0.6459,1,25.00,20
8742,9.9800,0.6459,1,100.00,2
8743,9.9800,0.6458,1,100.00,2
8744,9.9900,0.6458,1,100.00,1
8745,9.9700,0.6458,1,66.67,3
8746,9.3700,0.6457,1,30.77,13
8747,9.9700,0.6457,1,100.00,3
8748,9.9300,0.6457,1,42.86,7
8749,9.4200,0.6456,1,62.50,8
8750,9.9400,0.6456,1,16.67,6
8751,9.8400,0.6456,1,25.00,16
8752,9.9400,0.6455,1,66.67,6
8753,9.9900,0.6455,1,100.00,1
8754,9.9100,0.6455,1,11.11,9
8755,9.9300,0.6454,1,71.43,7
8756,9.9900,0.6454,1,100.00,1
8757,9.8800,0.6454,1,16.67,12
8758,8.3300,0.6454,1,35.29,17
8759,9.8600,0.6453,1,21.43,14
8760,9.9500,0.6453,1,40.00,5
8761,9.9900,0.6453,1,100.00,1
8762,9.9600,0.6452,1,75.00,4
8763,9.9700,0.6452,1,100.00,3
8764,9.9700,0.6452,1,100.00,3
8765,9.4100,0.6451,1,22.22,9
8766,9.9000,0.6451,1,20.00,10
8767,9.9300,0.6451,1,14.29,7
8768,9.9800,0.6450,1,100.00,2
8769,8.9000,0.6450,1,20.00,10
8770,9.8700,0.6450,1,15.38,13
8771,9.8800,0.6449,1,16.67,12
8772,-2.7500,0.6449,0,0.00,25
8773,9.9200,0.6449,1,25.00,8
8774,9.9800,0.6448,1,100.00,2
8775,9.9400,0.6448,1,33.33,6
8776,9.9500,0.6448,1,20.00,5
8777,9.8500,0.6447,1,20.00,15
8778,9.7500,0.6447,1,12.00,25
8779,9.9700,0.6447,1,100.00,3
8780,9.9800,0.6446,1,100.00,2
8781,8.8900,0.6446,1,54.55,11
8782,9.4000,0.6446,1,50.00,10
8783,9.9900,0.6445,1,100.00,1
8784,9.9700,0.6445,1,100.00,3
8785,8.8000,0.6445,1,25.00,20
8786,9.9900,0.6444,1,100.00,1
8787,9.9100,0.6444,1,33.33,9
8788,9.9700,0.6444,1,100.00,3
8789,9.9600,0.6444,1,50.00,4
8790,9.9400,0.6443,1,66.67,6
8791,9.9800,0.6443,1,100.00,2
8792,9.8900,0.6443,1,27.27,11
8793,9.8500,0.6442,1,13.33,15
8794,9.9900,0.6442,1,100.00,1
8795,9.9800,0.6442,1,100.00,2
8796,9.9800,0.6441,1,100.00,2
8797,9.9600,0.6441,1,50.00,4
8798,9.8800,0.6441,1,25.00,12
8799,9.9100,0.6440,1,33.33,9
8800,9.9800,0.6440,1,100.00,2
8801,9.9000,0.6440,1,30.00,10
8802,9.9900,0.6439,1,100.00,1
8803,9.9500,0.6439,1,60.00,5
8804,9.9400,0.6439,1,33.33,6
8805,9.9000,0.6438,1,30.00,10
8806,9.9700,0.6438,1,100.00,3
8807,-3.2500,0.6438,0,0.00,25
8808,9.9900,0.6437,1,100.00,1
8809,8.7900,0.6437,1,9.52,21
8810,9.8700,0.6437,1,23.08,13
8811,9.9600,0.6436,1,75.00,4
8812,9.9100,0.6436,1,55.56,9
8813,9.9900,0.6436,1,100.00,1
8814,-4.2500,0.6435,0,0.00,25
8815,8.8400,0.6435,1,12.50,16
8816,9.4000,0.6435,1,10.00,10
8817,-0.7500,0.6434,0,0.00,25
8818,9.4400,0.6434,1,50.00,6
8819,9.9900,0.6434,1,100.00,1
8820,9.9900,0.6434,1,100.00,1
8821,9.9000,0.6433,1,40.00,10
8822,9.9900,0.6433,1,100.00,1
8823,-1.7500,0.6433,0,0.00,25
8824,9.4300,0.6432,1,28.57,7
8825,9.8500,0.6432,1,13.33,15
8826,9.7700,0.6432,1,13.04,23
8827,8.3100,0.6431,1,10.53,19
8828,9.9500,0.6431,1,20.00,5
8829,9.9800,0.6431,1,100.00,2
8830,8.4000,0.6430,1,30.00,10
8831,8.3500,0.6430,1,26.67,15
8832,9.9700,0.6430,1,100.00,3
8833,9.3800,0.6429,1,41.67,12
8834,9.8800,0.6429,1,8.33,12
8835,9.4100,0.6429,1,44.44,9
8836,8.8600,0.6428,1,14.29,14
8837,8.9000,0.6428,1,40.00,10
8838,9.4600,0.6428,1,25.00,4
8839,9.9800,0.6427,1,100.00,2
8840,9.8900,0.6427,1,18.18,11
8841,9.9600,0.6427,1,50.00,4
8842,9.9400,0.6426,1,33.33,6
8843,-0.7500,0.6426,0,0.00,25
8844,9.9300,0.6426,1,42.86,7
8845,9.9600,0.6425,1,50.00,4
8846,9.9800,0.6425,1,100.00,2
8847,9.4000,0.6425,1,30.00,10
8848,9.9800,0.6425,1,100.00,2
8849,9.3100,0.6424,1,15.79,19
8850,9.4200,0.6424,1,12.50,8
8851,9.9900,0.6424,1,100.00,1
8852,8.8600,0.6423,1,35.71,14
8853,9.8100,0.6423,1,10.53,19
8854,9.9500,0.6423,1,80.00,5
8855,9.9800,0.6422,1,100.00,2
8856,9.9800,0.6422,1,100.00,2
8857,9.9800,0.6422,1,100.00,2
8858,9.9500,0.6421,1,100.00,5
8859,7.7800,0.6421,1,18.18,22
8860,9.9100,0.6421,1,55.56,9
8861,9.8800,0.6420,1,50.00,12
8862,9.9500,0.6420,1,60.00,5
8863,9.9200,0.6420,1,62.50,8
8864,9.9400,0.6419,1,33.33,6
8865,9.8800,0.6419,1,25.00,12
8866,9.3200,0.6419,1,16.67,18
8867,9.9000,0.6418,1,20.00,10
8868,9.9500,0.6418,1,60.00,5
8869,9.9800,0.6418,1,100.00,2
8870,9.9800,0.6417,1,100.00,2
8871,8.3700,0.6417,1,30.77,13
8872,9.4200,0.6417,1,75.00,8
8873,9.4000,0.6417,1,20.00,10
8874,9.9700,0.6416,1,66.67,3
8875,9.9800,0.6416,1,50.00,2
8876,9.4400,0.6416,1,50.00,6
8877,9.8900,0.6415,1,27.27,11
8878,9.9800,0.6415,1,100.00,2
8879,8.7800,0.6415,1,27.27,22
8880,9.9900,0.6414,1,100.00,1
8881,8.9400,0.6414,1,33.33,6
8882,9.9700,0.6414,1,100.00,3
8883,9.8100,0.6413,1,10.53,19
8884,9.9600,0.6413,1,75.00,4
8885,9.9900,0.6413,1,100.00,1
8886,9.9300,0.6412,1,71.43,7
8887,9.9400,0.6412,1,50.00,6
8888,9.9900,0.6412,1,100.00,1
8889,9.9600,0.6411,1,75.00,4
8890,9.9900,0.6411,1,100.00,1
8891,9.9900,0.6411,1,100.00,1
8892,9.9800,0.6410,1,100.00,2
8893,9.9800,0.6410,1,100.00,2
8894,9.4400,0.6410,1,16.67,6
8895,9.9800,0.6409,1,100.00,2
8896,9.3100,0.6409,1,31.58,19
8897,8.9400,0.6409,1,33.33,6
8898,9.8900,0.6408,1,18.18,11
8899,-2.2500,0.6408,0,0.00,25
8900,9.9800,0.6408,1,100.00,2
8901,9.9400,0.6408,1,16.67,6
8902,9.9100,0.6407,1,44.44,9
8903,9.9800,0.6407,1,100.00,2
8904,9.9900,0.6407,1,100.00,1
8905,9.9500,0.6406,1,60.00,5
8906,7.8700,0.6406,1,23.08,13
8907,8.7600,0.6406,1,20.83,24
8908,9.9100,0.6405,1,33.33,9
8909,9.9900,0.6405,1,100.00,1
8910,9.4000,0.6405,1,40.00,10
8911,9.9600,0.6404,1,25.00,4
8912,9.9700,0.6404,1,33.33,3
8913,9.9600,0.6404,1,50.00,4
8914,9.9700,0.6403,1,33.33,3
8915,9.9500,0.6403,1,20.00,5
8916,8.9100,0.6403,1,11.11,9
8917,6.3200,0.6402,1,5.56,18
8918,9.9700,0.6402,1,100.00,3
8919,9.9500,0.6402,1,40.00,5
8920,8.8100,0.6401,1,15.79,19
8921,8.2600,0.6401,1,8.33,24
8922,9.8600,0.6401,1,7.14,14
8923,9.8600,0.6400,1,21.43,14
8924,9.9700,0.6400,1,100.00,3
8925,9.9600,0.6400,1,50.00,4
8926,9.3500,0.6400,1,40.00,15
8927,8.8600,0.6399,1,35.71,14
8928,9.9800,0.6399,1,100.00,2
8929,9.9200,0.6399,1,25.00,8
8930,9.4300,0.6398,1,42.86,7
8931,9.9400,0.6398,1,50.00,6
8932,9.9800,0.6398,1,100.00,2
8933,9.9600,0.6397,1,50.00,4
8934,9.9300,0.6397,1,14.29,7
8935,9.8400,0.6397,1,12.50,16
8936,9.8700,0.6396,1,46.15,13
8937,9.9900,0.6396,1,100.00,1
8938,-1.7500,0.6396,0,0.00,25
8939,9.9900,0.6395,1,100.00,1
8940,9.9400,0.6395,1,16.67,6
8941,9.4100,0.6395,1,44.44,9
8942,9.9800,0.6394,1,100.00,2
8943,8.7600,0.6394,1,8.33,24
8944,9.9600,0.6394,1,75.00,4
8945,9.9000,0.6393,1,40.00,10
8946,9.9800,0.6393,1,100.00,2
8947,9.9500,0.6393,1,100.00,5
8948,9.9800,0.6392,1,100.00,2
8949,9.9900,0.6392,1,100.00,1
8950,8.3700,0.6392,1,46.15,13
8951,9.9600,0.6392,1,50.00,4
8952,9.9900,0.6391,1,100.00,1
8953,9.9600,0.6391,1,50.00,4
8954,8.7600,0.6391,1,20.83,24
8955,8.3200,0.6390,1,27.78,18
8956,9.9500,0.6390,1,60.00,5
8957,9.8900,0.6390,1,18.18,11
8958,9.8600,0.6389,1,14.29,14
8959,9.9400,0.6389,1,66.67,6
8960,8.9300,0.6389,1,71.43,7
8961,9.9300,0.6388,1,71.43,7
8962,9.9600,0.6388,1,50.00,4
8963,9.4500,0.6388,1,80.00,5
8964,9.9400,0.6387,1,33.33,6
8965,9.9200,0.6387,1,25.00,8
8966,9.9800,0.6387,1,100.00,2
8967,9.9600,0.6386,1,50.00,4
8968,-1.7500,0.6386,0,0.00,25
8969,9.9900,0.6386,1,100.00,1
8970,9.9800,0.6385,1,100.00,2
8971,9.9200,0.6385,1,25.00,8
8972,9.9800,0.6385,1,100.00,2
8973,9.9600,0.6385,1,50.00,4
8974,9.3200,0.6384,1,27.78,18
8975,9.9100,0.6384,1,22.22,9
8976,9.9400,0.6384,1,33.33,6
8977,9.9700,0.6383,1,66.67,3
8978,9.9600,0.6383,1,50.00,4
8979,9.9400,0.6383,1,33.33,6
8980,9.9200,0.6382,1,37.50,8
8981,9.9600,0.6382,1,75.00,4
8982,9.9300,0.6382,1,42.86,7
8983,9.9800,0.6381,1,100.00,2
8984,8.3500,0.6381,1,26.67,15
8985,7.3500,0.6381,1,40.00,15
8986,9.9200,0.6380,1,75.00,8
8987,9.9100,0.6380,1,33.33,9
8988,9.9800,0.6380,1,100.00,2
8989,9.9900,0.6379,1,100.00,1
8990,9.8200,0.6379,1,27.78,18
8991,9.9600,0.6379,1,50.00,4
8992,9.9400,0.6378,1,33.33,6
8993,9.9700,0.6378,1,100.00,3
8994,9.9900,0.6378,1,100.00,1
8995,9.4500,0.6377,1,40.00,5
8996,9.9700,0.6377,1,100.00,3
8997,9.9800,0.6377,1,100.00,2
8998,9.9900,0.6377,1,100.00,1
8999,9.9400,0.6376,1,50.00,6
9000,9.3600,0.6376,1,28.57,14
9001,9.4600,0.6376,1,75.00,4
9002,7.3200,0.6375,1,5.56,18
9003,9.9900,0.6375,1,100.00,1
9004,9.3300,0.6375,1,29.41,17
9005,9.9300,0.6374,1,71.43,7
9006,9.9600,0.6374,1,100.00,4
9007,-1.2500,0.6374,0,0.00,25
9008,9.9200,0.6373,1,37.50,8
9009,9.3800,0.6373,1,8.33,12
9010,9.9700,0.6373,1,33.33,3
9011,9.9900,0.6372,1,100.00,1
9012,9.9500,0.6372,1,60.00,5
9013,9.3800,0.6372,1,16.67,12
9014,-1.2500,0.6371,0,0.00,25
9015,9.3800,0.6371,1,25.00,12
9016,9.9600,0.6371,1,100.00,4
9017,9.9800,0.6370,1,100.00,2
9018,9.4600,0.6370,1,75.00,4
9019,9.9600,0.6370,1,50.00,4
9020,9.3700,0.6370,1,30.77,13
9021,9.9800,0.6369,1,100.00,2
9022,9.9400,0.6369,1,16.67,6
9023,6.8600,0.6369,1,14.29,14
9024,8.8000,0.6368,1,15.00,20
9025,9.8900,0.6368,1,27.27,11
9026,9.4700,0.6368,1,66.67,3
9027,9.9900,0.6367,1,100.00,1
9028,9.9800,0.6367,1,100.00,2
9029,-1.7500,0.6367,0,0.00,25
9030,9.9800,0.6366,1,100.00,2
9031,9.9900,0.6366,1,100.00,1
9032,9.9500,0.6366,1,20.00,5
9033,9.9300,0.6365,1,57.14,7
9034,9.9700,0.6365,1,100.00,3
9035,9.9900,0.6365,1,100.00,1
9036,9.9500,0.6364,1,60.00,5
9037,9.9500,0.6364,1,40.00,5
9038,9.9600,0.6364,1,50.00,4
9039,9.9900,0.6363,1,100.00,1
9040,8.8400,0.6363,1,37.50,16
9041,9.9400,0.6363,1,33.33,6
9042,9.9100,0.6363,1,66.67,9
9043,9.9500,0.6362,1,40.00,5
9044,9.9800,0.6362,1,100.00,2
9045,9.9600,0.6362,1,75.00,4
9046,9.8900,0.6361,1,45.45,11
9047,9.4400,0.6361,1,50.00,6
9048,9.3500,0.6361,1,20.00,15
9049,9.9500,0.6360,1,40.00,5
9050,9.9900,0.6360,1,100.00,1
9051,9.9700,0.6360,1,100.00,3
9052,9.9500,0.6359,1,20.00,5
9053,9.9400,0.6359,1,66.67,6
9054,9.9300,0.6359,1,42.86,7
9055,9.9800,0.6358,1,100.00,2
9056,9.9800,0.6358,1,100.00,2
9057,9.9900,0.6358,1,100.00,1
9058,9.9600,0.6357,1,75.00,4
9059,9.9900,0.6357,1,100.00,1
9060,9.8900,0.6357,1,18.18,11
9061,9.3800,0.6356,1,50.00,12
9062,9.9300,0.6356,1,71.43,7
9063,9.3700,0.6356,1,15.38,13
9064,9.9600,0.6356,1,50.00,4
9065,9.9200,0.6355,1,25.00,8
9066,9.9800,0.6355,1,100.00,2
9067,8.9300,0.6355,1,42.86,7
9068,-0.2500,0.6354,0,0.00,25
9069,8.2900,0.6354,1,9.52,21
9070,9.9800,0.6354,1,100.00,2
9071,9.9000,0.6353,1,10.00,10
9072,8.9600,0.6353,1,50.00,4
9073,9.9600,0.6353,1,50.00,4
9074,9.9800,0.6352,1,100.00,2
9075,9.9400,0.6352,1,66.67,6
9076,9.9800,0.6352,1,100.00,2
9077,9.9800,0.6351,1,100.00,2
9078,9.9100,0.6351,1,44.44,9
9079,9.4200,0.6351,1,62.50,8
9080,-0.7500,0.6350,0,0.00,25
9081,9.9700,0.6350,1,33.33,3
9082,9.9800,0.6350,1,100.00,2
9083,9.9100,0.6349,1,22.22,9
9084,-2.7500,0.6349,0,0.00,25
9085,8.8800,0.6349,1,25.00,12
9086,9.9700,0.6349,1,100.00,3
9087,9.9100,0.6348,1,44.44,9
9088,9.3200,0.6348,1,27.78,18
9089,9.9700,0.6348,1,100.00,3
9090,9.9900,0.6347,1,100.00,1
9091,9.9700,0.6347,1,66.67,3
9092,9.9900,0.6347,1,100.00,1
9093,9.9600,0.6346,1,50.00,4
9094,9.9500,0.6346,1,60.00,5
9095,9.9700,0.6346,1,33.33,3
9096,9.9900,0.6345,1,100.00,1
9097,9.3100,0.6345,1,26.32,19
9098,9.9900,0.6345,1,100.00,1
9099,9.9900,0.6344,1,100.00,1
9100,9.9700,0.6344,1,100.00,3
9101,9.9900,0.6344,1,100.00,1
9102,9.8500,0.6343,1,33.33,15
9103,9.9800,0.6343,1,100.00,2
9104,8.9000,0.6343,1,10.00,10
9105,9.8500,0.6343,1,13.33,15
9106,9.9600,0.6342,1,50.00,4
9107,9.9500,0.6342,1,60.00,5
9108,8.8400,0.6342,1,37.50,16
9109,9.9600,0.6341,1,75.00,4
9110,9.9400,0.6341,1,16.67,6
9111,9.9600,0.6341,1,100.00,4
9112,9.9200,0.6340,1,25.00,8
9113,9.9200,0.6340,1,25.00,8
9114,9.9200,0.6340,1,50.00,8
9115,9.9900,0.6339,1,100.00,1
9116,9.9100,0.6339,1,22.22,9
9117,7.4100,0.6339,1,22.22,9
9118,9.9700,0.6338,1,100.00,3
9119,9.9600,0.6338,1,50.00,4
9120,9.9300,0.6338,1,71.43,7
9121,9.9700,0.6337,1,100.00,3
9122,9.3000,0.6337,1,25.00,20
9123,9.4100,0.6337,1,33.33,9
9124,9.8800,0.6336,1,16.67,12
9125,7.2700,0.6336,1,26.09,23
9126,9.9800,0.6336,1,100.00,2
9127,8.9500,0.6336,1,60.00,5
9128,8.7900,0.6335,1,28.57,21
9129,9.9100,0.6335,1,33.33,9
9130,9.9900,0.6335,1,100.00,1
9131,9.9600,0.6334,1,100.00,4
9132,9.4200,0.6334,1,62.50,8
9133,9.9700,0.6334,1,100.00,3
9134,-0.2500,0.6333,0,0.00,25
9135,9.9300,0.6333,1,57.14,7
9136,9.9600,0.6333,1,50.00,4
9137,9.9400,0.6332,1,33.33,6
9138,9.9800,0.6332,1,100.00,2
9139,9.2900,0.6332,1,23.81,21
9140,9.9300,0.6331,1,85.71,7
9141,-2.7500,0.6331,0,0.00,25
9142,9.9800,0.6331,1,100.00,2
9143,9.9200,0.6330,1,25.00,8
9144,9.9200,0.6330,1,75.00,8
9145,9.9300,0.6330,1,42.86,7
9146,9.9800,0.6330,1,100.00,2
9147,9.9300,0.6329,1,42.86,7
9148,9.9500,0.6329,1,40.00,5
9149,9.9600,0.6329,1,50.00,4
9150,9.4200,0.6328,1,12.50,8
9151,9.9600,0.6328,1,50.00,4
9152,9.9400,0.6328,1,16.67,6
9153,9.9800,0.6327,1,100.00,2
9154,8.8900,0.6327,1,27.27,11
9155,9.9800,0.6327,1,100.00,2
9156,9.3800,0.6326,1,33.33,12
9157,9.9500,0.6326,1,60.00,5
9158,9.9800,0.6326,1,100.00,2
9159,9.9800,0.6325,1,100.00,2
9160,-2.2500,0.6325,0,0.00,25
9161,9.9600,0.6325,1,50.00,4
9162,9.7900,0.6324,1,9.52,21
9163,9.9900,0.6324,1,100.00,1
9164,9.8700,0.6324,1,30.77,13
9165,-3.2500,0.6324,0,0.00,25
9166,9.9400,0.6323,1,50.00,6
9167,7.2800,0.6323,1,18.18,22
9168,9.9200,0.6323,1,37.50,8
9169,9.9500,0.6322,1,60.00,5
9170,9.9800,0.6322,1,100.00,2
9171,-0.7500,0.6322,0,0.00,25
9172,9.9000,0.6321,1,20.00,10
9173,9.4300,0.6321,1,28.57,7
9174,9.9900,0.6321,1,100.00,1
9175,9.9900,0.6320,1,100.00,1
9176,9.9800,0.6320,1,100.00,2
9177,9.4700,0.6320,1,66.67,3
9178,9.9500,0.6319,1,40.00,5
9179,9.9600,0.6319,1,75.00,4
9180,9.4000,0.6319,1,30.00,10
9181,9.9400,0.6318,1,100.00,6
9182,9.9700,0.6318,1,100.00,3
9183,9.9900,0.6318,1,100.00,1
9184,9.2800,0.6318,1,22.73,22
9185,9.9800,0.6317,1,100.00,2
9186,9.7900,0.6317,1,4.76,21
9187,8.9200,0.6317,1,25.00,8
9188,-2.7500,0.6316,0,0.00,25
9189,9.9200,0.6316,1,12.50,8
9190,9.8600,0.6316,1,35.71,14
9191,-0.7500,0.6315,0,0.00,25
9192,9.9900,0.6315,1,100.00,1
9193,9.3200,0.6315,1,22.22,18
9194,9.9800,0.6314,1,100.00,2
9195,9.9700,0.6314,1,100.00,3
9196,9.9200,0.6314,1,25.00,8
9197,9.9100,0.6313,1,33.33,9
9198,9.9700,0.6313,1,100.00,3
9199,9.9300,0.6313,1,71.43,7
9200,9.9900,0.6312,1,100.00,1
9201,8.8100,0.6312,1,15.79,19
9202,8.7600,0.6312,1,12.50,24
9203,9.8200,0.6312,1,16.67,18
9204,9.9800,0.6311,1,100.00,2
9205,9.9600,0.6311,1,50.00,4
9206,9.9200,0.6311,1,37.50,8
9207,9.9200,0.6310,1,50.00,8
9208,9.9400,0.6310,1,83.33,6
9209,8.4300,0.6310,1,57.14,7
9210,9.9400,0.6309,1,50.00,6
9211,8.3100,0.6309,1,26.32,19
9212,9.9500,0.6309,1,40.00,5
9213,9.9700,0.6308,1,100.00,3
9214,9.4400,0.6308,1,66.67,6
9215,9.9100,0.6308,1,33.33,9
9216,-3.2500,0.6307,0,0.00,25
9217,9.9700,0.6307,1,33.33,3
9218,9.9400,0.6307,1,33.33,6
9219,9.9000,0.6306,1,20.00,10
9220,9.9600,0.6306,1,50.00,4
9221,9.9200,0.6306,1,25.00,8
9222,9.9800,0.6306,1,100.00,2
9223,9.9600,0.6305,1,100.00,4
9224,8.3600,0.6305,1,28.57,14
9225,9.9300,0.6305,1,42.86,7
9226,9.9300,0.6304,1,14.29,7
9227,9.4100,0.6304,1,44.44,9
9228,9.9900,0.6304,1,100.00,1
9229,9.9300,0.6303,1,71.43,7
9230,9.9800,0.6303,1,100.00,2
9231,9.9700,0.6303,1,33.33,3
9232,9.9700,0.6302,1,33.33,3
9233,9.8500,0.6302,1,26.67,15
9234,9.4500,0.6302,1,40.00,5
9235,9.9300,0.6301,1,42.86,7
9236,9.9500,0.6301,1,60.00,5
9237,9.4300,0.6301,1,28.57,7
9238,9.9000,0.6300,1,30.00,10
9239,-0.2500,0.6300,0,0.00,25
9240,9.9000,0.6300,1,20.00,10
9241,9.3000,0.6300,1,30.00,20
9242,9.9400,0.6299,1,83.33,6
9243,9.9900,0.6299,1,100.00,1
9244,9.9700,0.6299,1,33.33,3
9245,8.3900,0.6298,1,18.18,11
9246,9.9800,0.6298,1,100.00,2
9247,9.9000,0.6298,1,50.00,10
9248,-0.2500,0.6297,0,0.00,25
9249,8.9000,0.6297,1,50.00,10
9250,9.9200,0.6297,1,25.00,8
9251,9.9700,0.6296,1,33.33,3
9252,9.9900,0.6296,1,100.00,1
9253,9.9700,0.6296,1,100.00,3
9254,9.3800,0.6295,1,41.67,12
9255,9.9500,0.6295,1,60.00,5
9256,-1.2500,0.6295,0,0.00,25
9257,9.9300,0.6294,1,14.29,7
9258,9.9700,0.6294,1,66.67,3
9259,9.9400,0.6294,1,50.00,6
9260,9.9900,0.6294,1,100.00,1
9261,7.8000,0.6293,1,15.00,20
9262,9.9700,0.6293,1,100.00,3
9263,8.8400,0.6293,1,31.25,16
9264,9.9500,0.6292,1,60.00,5
9265,9.9400,0.6292,1,33.33,6
9266,9.4400,0.6292,1,50.00,6
9267,9.9300,0.6291,1,42.86,7
9268,9.9800,0.6291,1,50.00,2
9269,9.9400,0.6291,1,16.67,6
9270,9.9900,0.6290,1,100.00,1
9271,9.9700,0.6290,1,100.00,3
9272,9.9100,0.6290,1,11.11,9
9273,9.9700,0.6289,1,33.33,3
9274,9.8800,0.6289,1,41.67,12
9275,9.3000,0.6289,1,30.00,20
9276,9.9600,0.6289,1,100.00,4
9277,9.4200,0.6288,1,25.00,8
9278,9.9500,0.6288,1,60.00,5
9279,9.9400,0.6288,1,33.33,6
9280,9.4400,0.6287,1,66.67,6
9281,9.9300,0.6287,1,42.86,7
9282,9.4500,0.6287,1,80.00,5
9283,9.9700,0.6286,1,100.00,3
9284,9.3800,0.6286,1,41.67,12
9285,9.4500,0.6286,1,80.00,5
9286,9.9800,0.6285,1,100.00,2
9287,9.9400,0.6285,1,50.00,6
9288,9.7800,0.6285,1,9.09,22
9289,9.8800,0.6284,1,16.67,12
9290,9.9300,0.6284,1,14.29,7
9291,9.9400,0.6284,1,33.33,6
9292,9.4600,0.6283,1,75.00,4
9293,6.7600,0.6283,1,25.00,24
9294,9.9700,0.6283,1,33.33,3
9295,9.9900,0.6283,1,100.00,1
9296,9.9900,0.6282,1,100.00,1
9297,9.8900,0.6282,1,27.27,11
9298,9.3900,0.6282,1,18.18,11
9299,9.3900,0.6281,1,54.55,11
9300,9.9300,0.6281,1,28.57,7
9301,9.4200,0.6281,1,37.50,8
9302,9.9600,0.6280,1,50.00,4
9303,-2.7500,0.6280,0,0.00,25
9304,6.7900,0.6280,1,14.29,21
9305,9.9400,0.6279,1,50.00,6
9306,9.9900,0.6279,1,100.00,1
9307,9.9400,0.6279,1,50.00,6
9308,8.3200,0.6278,1,33.33,18
9309,9.9600,0.6278,1,50.00,4
9310,7.8300,0.6278,1,5.88,17
9311,9.9800,0.6278,1,100.00,2
9312,9.4200,0.6277,1,62.50,8
9313,9.4700,0.6277,1,66.67,3
9314,9.9900,0.6277,1,100.00,1
9315,9.9400,0.6276,1,33.33,6
9316,9.9700,0.6276,1,100.00,3
9317,9.8600,0.6276,1,14.29,14
9318,9.8300,0.6275,1,17.65,17
9319,9.9900,0.6275,1,100.00,1
9320,8.8400,0.6275,1,25.00,16
9321,9.9000,0.6274,1,50.00,10
9322,9.4700,0.6274,1,66.67,3
9323,9.9600,0.6274,1,75.00,4
9324,9.9900,0.6273,1,100.00,1
9325,9.9900,0.6273,1,100.00,1
9326,9.9600,0.6273,1,50.00,4
9327,8.9400,0.6272,1,33.33,6
9328,-1.7500,0.6272,0,0.00,25
9329,9.9900,0.6272,1,100.00,1
9330,9.9400,0.6272,1,33.33,6
9331,9.8600,0.6271,1,7.14,14
9332,9.9700,0.6271,1,33.33,3
9333,9.9500,0.6271,1,60.00,5
9334,5.7600,0.6270,1,20.83,24
9335,8.7700,0.6270,1,21.74,23
9336,9.9800,0.6270,1,100.00,2
9337,8.7900,0.6269,1,14.29,21
9338,9.9900,0.6269,1,100.00,1
9339,9.9900,0.6269,1,100.00,1
9340,9.9700,0.6268,1,33.33,3
9341,9.9700,0.6268,1,100.00,3
9342,9.9600,0.6268,1,75.00,4
9343,9.4500,0.6267,1,40.00,5
9344,9.9800,0.6267,1,100.00,2
9345,9.7600,0.6267,1,20.83,24
9346,9.9800,0.6267,1,100.00,2
9347,9.9200,0.6266,1,37.50,8
9348,9.9600,0.6266,1,75.00,4
9349,9.2900,0.6266,1,23.81,21
9350,9.8900,0.6265,1,18.18,11
9351,7.8300,0.6265,1,11.76,17
9352,9.8400,0.6265,1,12.50,16
9353,9.9800,0.6264,1,100.00,2
9354,8.8800,0.6264,1,33.33,12
9355,9.9500,0.6264,1,60.00,5
9356,9.9800,0.6263,1,100.00,2
9357,9.9500,0.6263,1,60.00,5
9358,9.9800,0.6263,1,100.00,2
9359,9.7800,0.6262,1,13.64,22
9360,9.9800,0.6262,1,100.00,2
9361,9.9400,0.6262,1,33.33,6
9362,8.8200,0.6262,1,22.22,18
9363,9.9700,0.6261,1,66.67,3
9364,9.3400,0.6261,1,25.00,16
9365,9.3500,0.6261,1,26.67,15
9366,9.9600,0.6260,1,75.00,4
9367,9.9700,0.6260,1,100.00,3
9368,9.3000,0.6260,1,25.00,20
9369,9.9900,0.6259,1,100.00,1
9370,9.8900,0.6259,1,45.45,11
9371,9.9200,0.6259,1,37.50,8
9372,7.8600,0.6258,1,14.29,14
9373,9.4000,0.6258,1,30.00,10
9374,9.9700,0.6258,1,100.00,3
9375,9.9400,0.6257,1,66.67,6
9376,9.9500,0.6257,1,20.00,5
9377,8.4000,0.6257,1,30.00,10
9378,9.9700,0.6257,1,66.67,3
9379,8.2600,0.6256,1,8.33,24
9380,9.8000,0.6256,1,25.00,20
9381,9.9500,0.6256,1,40.00,5
9382,9.9800,0.6255,1,100.00,2
9383,9.9800,0.6255,1,100.00,2
9384,8.9300,0.6255,1,42.86,7
9385,8.3000,0.6254,1,5.00,20
9386,9.3000,0.6254,1,25.00,20
9387,9.9800,0.6254,1,100.00,2
9388,9.9200,0.6253,1,25.00,8
9389,9.9700,0.6253,1,66.67,3
9390,9.4400,0.6253,1,16.67,6
9391,9.9100,0.6252,1,22.22,9
9392,9.9900,0.6252,1,100.00,1
9393,8.9100,0.6252,1,33.33,9
9394,9.9600,0.6252,1,75.00,4
9395,9.9400,0.6251,1,50.00,6
9396,9.9400,0.6251,1,33.33,6
9397,9.9800,0.6251,1,100.00,2
9398,8.8200,0.6250,1,22.22,18
9399,9.9600,0.6250,1,100.00,4
9400,9.9800,0.6250,1,100.00,2
9401,9.9800,0.6249,1,100.00,2
9402,9.4000,0.6249,1,50.00,10
9403,9.9600,0.6249,1,50.00,4
9404,9.9800,0.6248,1,50.00,2
9405,9.4600,0.6248,1,75.00,4
9406,9.9900,0.6248,1,100.00,1
9407,9.9800,0.6247,1,100.00,2
9408,-0.7500,0.6247,0,0.00,25
9409,9.9200,0.6247,1,25.00,8
9410,9.9100,0.6247,1,33.33,9
9411,9.8100,0.6246,1,21.05,19
9412,9.9200,0.6246,1,12.50,8
9413,9.9600,0.6246,1,50.00,4
9414,9.9900,0.6245,1,100.00,1
9415,8.9300,0.6245,1,42.86,7
9416,9.8600,0.6245,1,14.29,14
9417,9.8900,0.6244,1,9.09,11
9418,9.8400,0.6244,1,25.00,16
9419,9.8800,0.6244,1,41.67,12
9420,9.9400,0.6243,1,33.33,6
9421,9.9500,0.6243,1,60.00,5
9422,9.9100,0.6243,1,22.22,9
9423,9.9300,0.6242,1,28.57,7
9424,9.4000,0.6242,1,40.00,10
9425,9.9900,0.6242,1,100.00,1
9426,8.3500,0.6242,1,33.33,15
9427,9.9900,0.6241,1,100.00,1
9428,9.8200,0.6241,1,27.78,18
9429,9.3500,0.6241,1,40.00,15
9430,9.9800,0.6240,1,100.00,2
9431,9.9300,0.6240,1,28.57,7
9432,9.3700,0.6240,1,23.08,13
9433,9.9100,0.6239,1,33.33,9
9434,9.9200,0.6239,1,25.00,8
9435,9.9400,0.6239,1,50.00,6
9436,9.3600,0.6238,1,14.29,14
9437,9.3500,0.6238,1,13.33,15
9438,9.9900,0.6238,1,100.00,1
9439,9.3400,0.6237,1,25.00,16
9440,8.7900,0.6237,1,23.81,21
9441,9.9700,0.6237,1,66.67,3
9442,9.8800,0.6237,1,16.67,12
9443,9.9800,0.6236,1,100.00,2
9444,9.4500,0.6236,1,40.00,5
9445,9.9500,0.6236,1,20.00,5
9446,9.2900,0.6235,1,23.81,21
9447,9.9900,0.6235,1,100.00,1
9448,9.8800,0.6235,1,41.67,12
9449,9.9900,0.6234,1,100.00,1
9450,9.9700,0.6234,1,66.67,3
9451,9.9800,0.6234,1,100.00,2
9452,9.9900,0.6233,1,100.00,1
9453,8.7700,0.6233,1,13.04,23
9454,8.8900,0.6233,1,45.45,11
9455,9.9700,0.6232,1,100.00,3
9456,8.8900,0.6232,1,36.36,11
9457,9.4100,0.6232,1,22.22,9
9458,8.9100,0.6232,1,55.56,9
9459,9.9000,0.6231,1,20.00,10
9460,9.8800,0.6231,1,25.00,12
9461,9.9000,0.6231,1,10.00,10
9462,8.8900,0.6230,1,36.36,11
9463,9.9100,0.6230,1,11.11,9
9464,8.3800,0.6230,1,25.00,12
9465,9.9900,0.6229,1,100.00,1
9466,9.9800,0.6229,1,100.00,2
9467,9.9700,0.6229,1,100.00,3
9468,9.9800,0.6228,1,100.00,2
9469,9.9700,0.6228,1,100.00,3
9470,9.4500,0.6228,1,40.00,5
9471,9.4000,0.6227,1,40.00,10
9472,9.9300,0.6227,1,42.86,7
9473,9.4400,0.6227,1,66.67,6
9474,9.9900,0.6227,1,100.00,1
9475,9.9500,0.6226,1,60.00,5
9476,9.4300,0.6226,1,57.14,7
9477,9.9700,0.6226,1,66.67,3
9478,9.9300,0.6225,1,42.86,7
9479,9.9800,0.6225,1,100.00,2
9480,9.4700,0.6225,1,66.67,3
9481,9.9600,0.6224,1,75.00,4
9482,9.9400,0.6224,1,16.67,6
9483,9.9600,0.6224,1,50.00,4
9484,9.9300,0.6223,1,28.57,7
9485,9.4100,0.6223,1,11.11,9
9486,9.8900,0.6223,1,36.36,11
9487,9.9700,0.6223,1,100.00,3
9488,9.9500,0.6222,1,20.00,5
9489,9.9600,0.6222,1,50.00,4
9490,9.8900,0.6222,1,54.55,11
9491,9.4200,0.6221,1,12.50,8
9492,9.9900,0.6221,1,100.00,1
9493,9.9800,0.6221,1,100.00,2
9494,9.9900,0.6220,1,100.00,1
9495,9.9900,0.6220,1,100.00,1
9496,9.9500,0.6220,1,60.00,5
9497,9.9700,0.6219,1,33.33,3
9498,9.9300,0.6219,1,42.86,7
9499,9.9300,0.6219,1,42.86,7
9500,9.4100,0.6218,1,22.22,9
9501,8.9100,0.6218,1,44.44,9
9502,9.9800,0.6218,1,100.00,2
9503,-3.2500,0.6218,0,0.00,25
9504,9.8700,0.6217,1,23.08,13
9505,9.4300,0.6217,1,57.14,7
9506,9.8900,0.6217,1,27.27,11
9507,8.9100,0.6216,1,11.11,9
9508,9.4300,0.6216,1,28.57,7
9509,7.2800,0.6216,1,18.18,22
9510,9.9500,0.6215,1,20.00,5
9511,9.9800,0.6215,1,100.00,2
9512,9.8700,0.6215,1,38.46,13
9513,9.4100,0.6214,1,44.44,9
9514,9.9500,0.6214,1,40.00,5
9515,9.3100,0.6214,1,10.53,19
9516,9.9600,0.6213,1,50.00,4
9517,8.9200,0.6213,1,25.00,8
9518,9.9700,0.6213,1,100.00,3
9519,9.9700,0.6213,1,100.00,3
9520,8.8000,0.6212,1,10.00,20
9521,9.9200,0.6212,1,50.00,8
9522,9.8700,0.6212,1,23.08,13
9523,9.9500,0.6211,1,60.00,5
9524,9.4400,0.6211,1,50.00,6
9525,9.9400,0.6211,1,50.00,6
9526,9.9700,0.6210,1,33.33,3
9527,9.9900,0.6210,1,100.00,1
9528,9.9100,0.6210,1,22.22,9
9529,-1.7500,0.6209,0,0.00,25
9530,9.3600,0.6209,1,28.57,14
9531,9.9400,0.6209,1,33.33,6
9532,8.8100,0.6209,1,15.79,19
9533,9.4700,0.6208,1,66.67,3
9534,9.9800,0.6208,1,100.00,2
9535,9.9900,0.6208,1,100.00,1
9536,9.9900,0.6207,1,100.00,1
9537,9.9400,0.6207,1,50.00,6
9538,9.8700,0.6207,1,15.38,13
9539,8.3700,0.6206,1,7.69,13
9540,9.4500,0.6206,1,80.00,5
9541,9.9600,0.6206,1,50.00,4
9542,9.9800,0.6205,1,100.00,2
9543,9.9400,0.6205,1,50.00,6
9544,9.9500,0.6205,1,60.00,5
9545,8.2700,0.6204,1,17.39,23
9546,9.9800,0.6204,1,100.00,2
9547,9.9900,0.6204,1,100.00,1
9548,9.8300,0.6204,1,17.65,17
9549,9.8800,0.6203,1,41.67,12
9550,8.8900,0.6203,1,27.27,11
9551,9.9200,0.6203,1,25.00,8
9552,9.9600,0.6202,1,50.00,4
9553,9.9700,0.6202,1,100.00,3
9554,9.8500,0.6202,1,33.33,15
9555,9.9200,0.6201,1,62.50,8
9556,7.7900,0.6201,1,9.52,21
9557,9.9300,0.6201,1,28.57,7
9558,8.8000,0.6200,1,15.00,20
9559,9.9400,0.6200,1,50.00,6
9560,9.9900,0.6200,1,100.00,1
9561,9.9600,0.6200,1,50.00,4
9562,9.9000,0.6199,1,20.00,10
9563,9.8600,0.6199,1,14.29,14
9564,9.8500,0.6199,1,33.33,15
9565,9.9900,0.6198,1,100.00,1
9566,9.9900,0.6198,1,100.00,1
9567,9.8200,0.6198,1,16.67,18
9568,9.8500,0.6197,1,26.67,15
9569,9.9800,0.6197,1,100.00,2
9570,9.9700,0.6197,1,100.00,3
9571,8.3400,0.6196,1,31.25,16
9572,7.8200,0.6196,1,16.67,18
9573,9.9900,0.6196,1,100.00,1
9574,9.9800,0.6195,1,100.00,2
9575,8.9100,0.6195,1,33.33,9
9576,9.9200,0.6195,1,62.50,8
9577,9.9900,0.6195,1,100.00,1
9578,9.8900,0.6194,1,27.27,11
9579,9.9800,0.6194,1,100.00,2
9580,9.9500,0.6194,1,20.00,5
9581,9.9500,0.6193,1,40.00,5
9582,9.9700,0.6193,1,66.67,3
9583,9.8100,0.6193,1,15.79,19
9584,9.9100,0.6192,1,55.56,9
9585,9.9100,0.6192,1,22.22,9
9586,9.9400,0.6192,1,50.00,6
9587,8.3600,0.6191,1,28.57,14
9588,9.9600,0.6191,1,25.00,4
9589,9.9700,0.6191,1,100.00,3
9590,9.3900,0.6191,1,45.45,11
9591,9.9800,0.6190,1,100.00,2
9592,9.8900,0.6190,1,18.18,11
9593,9.9600,0.6190,1,75.00,4
9594,9.9900,0.6189,1,100.00,1
9595,7.2900,0.6189,1,23.81,21
9596,9.9700,0.6189,1,66.67,3
9597,9.8800,0.6188,1,16.67,12
9598,9.4300,0.6188,1,57.14,7
9599,9.9800,0.6188,1,100.00,2
9600,9.9400,0.6187,1,33.33,6
9601,9.8800,0.6187,1,16.67,12
9602,9.9600,0.6187,1,50.00,4
9603,9.3700,0.6187,1,38.46,13
9604,-1.2500,0.6186,0,0.00,25
9605,9.9800,0.6186,1,100.00,2
9606,9.9800,0.6186,1,100.00,2
9607,9.9900,0.6185,1,100.00,1
9608,9.9800,0.6185,1,100.00,2
9609,9.4100,0.6185,1,44.44,9
9610,9.9100,0.6184,1,11.11,9
9611,9.9500,0.6184,1,80.00,5
9612,9.9800,0.6184,1,50.00,2
9613,9.9800,0.6183,1,100.00,2
9614,-0.2500,0.6183,0,0.00,25
9615,9.9700,0.6183,1,100.00,3
9616,9.9100,0.6183,1,33.33,9
9617,9.4600,0.6182,1,75.00,4
9618,9.9700,0.6182,1,100.00,3
9619,9.9700,0.6182,1,100.00,3
9620,9.9500,0.6181,1,20.00,5
9621,9.9300,0.6181,1,14.29,7
9622,9.9800,0.6181,1,100.00,2
9623,8.3200,0.6180,1,22.22,18
9624,9.2700,0.6180,1,13.04,23
9625,9.8700,0.6180,1,46.15,13
9626,8.4200,0.6179,1,37.50,8
9627,9.8400,0.6179,1,18.75,16
9628,9.9200,0.6179,1,50.00,8
9629,9.9700,0.6178,1,100.00,3
9630,9.9500,0.6178,1,60.00,5
9631,9.8400,0.6178,1,37.50,16
9632,9.9800,0.6178,1,100.00,2
9633,9.9900,0.6177,1,100.00,1
9634,9.9900,0.6177,1,100.00,1
9635,9.9600,0.6177,1,50.00,4
9636,9.3800,0.6176,1,33.33,12
9637,9.9700,0.6176,1,66.67,3
9638,9.9700,0.6176,1,100.00,3
9639,9.9000,0.6175,1,60.00,10
9640,9.8400,0.6175,1,6.25,16
9641,9.9900,0.6175,1,100.00,1
9642,8.8700,0.6174,1,7.69,13
9643,8.9400,0.6174,1,33.33,6
9644,9.9000,0.6174,1,30.00,10
9645,9.9800,0.6174,1,100.00,2
9646,9.9400,0.6173,1,33.33,6
9647,9.9900,0.6173,1,100.00,1
9648,9.9800,0.6173,1,100.00,2
9649,9.8900,0.6172,1,27.27,11
9650,9.8900,0.6172,1,27.27,11
9651,9.9100,0.6172,1,33.33,9
9652,9.9700,0.6171,1,33.33,3
9653,9.8900,0.6171,1,45.45,11
9654,9.9800,0.6171,1,100.00,2
9655,9.9600,0.6170,1,75.00,4
9656,9.9500,0.6170,1,60.00,5
9657,8.9400,0.6170,1,33.33,6
9658,9.9600,0.6170,1,50.00,4
9659,9.9500,0.6169,1,100.00,5
9660,9.8800,0.6169,1,25.00,12
9661,9.3700,0.6169,1,23.08,13
9662,9.4500,0.6168,1,40.00,5
9663,9.9500,0.6168,1,60.00,5
9664,9.9800,0.6168,1,100.00,2
9665,9.9700,0.6167,1,100.00,3
9666,9.9800,0.6167,1,100.00,2
9667,9.9800,0.6167,1,100.00,2
9668,9.9700,0.6166,1,100.00,3
9669,9.2700,0.6166,1,13.04,23
9670,9.9500,0.6166,1,60.00,5
9671,9.9600,0.6166,1,50.00,4
9672,9.8800,0.6165,1,41.67,12
9673,9.9400,0.6165,1,83.33,6
9674,9.8200,0.6165,1,16.67,18
9675,9.9300,0.6164,1,85.71,7
9676,9.9200,0.6164,1,25.00,8
9677,9.9700,0.6164,1,33.33,3
9678,9.9100,0.6163,1,33.33,9
9679,9.8900,0.6163,1,27.27,11
9680,9.9100,0.6163,1,66.67,9
9681,9.9800,0.6162,1,50.00,2
9682,9.9900,0.6162,1,100.00,1
9683,9.9500,0.6162,1,60.00,5
9684,9.9300,0.6162,1,28.57,7
9685,9.9900,0.6161,1,100.00,1
9686,9.9800,0.6161,1,100.00,2
9687,9.9700,0.6161,1,100.00,3
9688,9.9800,0.6160,1,100.00,2
9689,9.9800,0.6160,1,100.00,2
9690,9.9800,0.6160,1,100.00,2
9691,9.4600,0.6159,1,75.00,4
9692,9.8600,0.6159,1,7.14,14
9693,9.9800,0.6159,1,100.00,2
9694,9.9600,0.6158,1,25.00,4
9695,9.9900,0.6158,1,100.00,1
9696,9.9800,0.6158,1,100.00,2
9697,8.7900,0.6158,1,19.05,21
9698,9.3800,0.6157,1,41.67,12
9699,9.8800,0.6157,1,16.67,12
9700,8.8400,0.6157,1,31.25,16
9701,9.3600,0.6156,1,14.29,14
9702,9.9800,0.6156,1,100.00,2
9703,9.9400,0.6156,1,50.00,6
9704,9.9900,0.6155,1,100.00,1
9705,9.3800,0.6155,1,33.33,12
9706,9.9700,0.6155,1,100.00,3
9707,9.9900,0.6154,1,100.00,1
9708,9.9800,0.6154,1,100.00,2
9709,9.4500,0.6154,1,80.00,5
9710,9.9500,0.6154,1,60.00,5
9711,9.9600,0.6153,1,50.00,4
9712,9.9800,0.6153,1,100.00,2
9713,9.9600,0.6153,1,100.00,4
9714,9.9200,0.6152,1,50.00,8
9715,9.9800,0.6152,1,100.00,2
9716,9.9900,0.6152,1,100.00,1
9717,9.9400,0.6151,1,50.00,6
9718,9.9800,0.6151,1,100.00,2
9719,9.9900,0.6151,1,100.00,1
9720,9.8200,0.6150,1,11.11,18
9721,9.9600,0.6150,1,50.00,4
9722,9.9900,0.6150,1,100.00,1
9723,8.9300,0.6150,1,42.86,7
9724,9.9900,0.6149,1,100.00,1
9725,9.9700,0.6149,1,33.33,3
9726,9.9000,0.6149,1,10.00,10
9727,9.9700,0.6148,1,100.00,3
9728,9.9500,0.6148,1,60.00,5
9729,9.3500,0.6148,1,13.33,15
9730,8.8200,0.6147,1,27.78,18
9731,9.3900,0.6147,1,54.55,11
9732,9.8200,0.6147,1,22.22,18
9733,9.9700,0.6146,1,33.33,3
9734,9.9600,0.6146,1,50.00,4
9735,9.3700,0.6146,1,46.15,13
9736,9.9700,0.6146,1,33.33,3
9737,8.2700,0.6145,1,17.39,23
9738,9.9800,0.6145,1,100.00,2
9739,9.9600,0.6145,1,25.00,4
9740,8.9200,0.6144,1,25.00,8
9741,9.9200,0.6144,1,25.00,8
9742,9.9800,0.6144,1,100.00,2
9743,9.4400,0.6143,1,50.00,6
9744,9.3600,0.6143,1,14.29,14
9745,9.9600,0.6143,1,75.00,4
9746,9.9800,0.6142,1,100.00,2
9747,9.4600,0.6142,1,75.00,4
9748,9.9700,0.6142,1,100.00,3
9749,9.9800,0.6142,1,100.00,2
9750,9.9600,0.6141,1,50.00,4
9751,9.9000,0.6141,1,20.00,10
9752,9.8400,0.6141,1,31.25,16
9753,9.8300,0.6140,1,11.76,17
9754,8.9100,0.6140,1,55.56,9
9755,9.9800,0.6140,1,100.00,2
9756,9.9400,0.6139,1,50.00,6
9757,9.8900,0.6139,1,36.36,11
9758,9.9900,0.6139,1,100.00,1
9759,9.9600,0.6138,1,50.00,4
9760,9.9700,0.6138,1,66.67,3
9761,-0.7500,0.6138,0,0.00,25
9762,8.3100,0.6138,1,26.32,19
9763,9.9800,0.6137,1,100.00,2
9764,9.4300,0.6137,1,57.14,7
9765,9.9600,0.6137,1,50.00,4
9766,8.9300,0.6136,1,14.29,7
9767,9.9200,0.6136,1,37.50,8
9768,9.7500,0.6136,1,16.00,25
9769,9.8800,0.6135,1,25.00,12
9770,9.9700,0.6135,1,66.67,3
9771,9.9400,0.6135,1,33.33,6
9772,9.4700,0.6134,1,66.67,3
9773,9.4100,0.6134,1,44.44,9
9774,9.9500,0.6134,1,80.00,5
9775,9.8500,0.6134,1,6.67,15
9776,9.9700,0.6133,1,100.00,3
9777,9.9800,0.6133,1,100.00,2
9778,9.9000,0.6133,1,30.00,10
9779,9.9500,0.6132,1,60.00,5
9780,9.8600,0.6132,1,21.43,14
9781,9.9300,0.6132,1,28.57,7
9782,9.8900,0.6131,1,18.18,11
9783,9.9500,0.6131,1,60.00,5
9784,8.8100,0.6131,1,10.53,19
9785,9.9600,0.6130,1,50.00,4
9786,9.9800,0.6130,1,100.00,2
9787,8.3600,0.6130,1,35.71,14
9788,9.8700,0.6130,1,23.08,13
9789,9.9600,0.6129,1,75.00,4
9790,8.8300,0.6129,1,29.41,17
9791,9.9600,0.6129,1,50.00,4
9792,6.9200,0.6128,1,25.00,8
9793,9.9600,0.6128,1,50.00,4
9794,9.8000,0.6128,1,10.00,20
9795,9.9200,0.6127,1,25.00,8
9796,9.9800,0.6127,1,100.00,2
9797,9.9700,0.6127,1,33.33,3
9798,9.9900,0.6126,1,100.00,1
9799,9.9800,0.6126,1,100.00,2
9800,9.9500,0.6126,1,40.00,5
9801,9.9700,0.6126,1,100.00,3
9802,9.4000,0.6125,1,30.00,10
9803,9.9700,0.6125,1,100.00,3
9804,9.4300,0.6125,1,57.14,7
9805,9.3500,0.6124,1,33.33,15
9806,9.9300,0.6124,1,28.57,7
9807,9.9900,0.6124,1,100.00,1
9808,9.9200,0.6123,1,25.00,8
9809,9.9600,0.6123,1,75.00,4
9810,9.9400,0.6123,1,33.33,6
9811,9.4300,0.6123,1,28.57,7
9812,9.9700,0.6122,1,33.33,3
9813,9.9700,0.6122,1,100.00,3
9814,9.4000,0.6122,1,50.00,10
9815,7.8400,0.6121,1,12.50,16
9816,7.7500,0.6121,1,20.00,25
9817,9.9800,0.6121,1,100.00,2
9818,9.8900,0.6120,1,36.36,11
9819,9.9100,0.6120,1,11.11,9
9820,9.9800,0.6120,1,100.00,2
9821,9.4400,0.6119,1,50.00,6
9822,9.4200,0.6119,1,12.50,8
9823,9.9200,0.6119,1,37.50,8
9824,9.4000,0.6119,1,30.00,10
9825,8.3600,0.6118,1,42.86,14
9826,9.9000,0.6118,1,30.00,10
9827,9.8800,0.6118,1,8.33,12
9828,9.9200,0.6117,1,12.50,8
9829,9.9600,0.6117,1,50.00,4
9830,-0.2500,0.6117,0,0.00,25
9831,9.9800,0.6116,1,100.00,2
9832,9.4200,0.6116,1,37.50,8
9833,-1.7500,0.6116,0,0.00,25
9834,-3.2500,0.6115,0,0.00,25
9835,9.8700,0.6115,1,23.08,13
9836,8.8100,0.6115,1,10.53,19
9837,8.8600,0.6115,1,35.71,14
9838,9.9900,0.6114,1,100.00,1
9839,9.9300,0.6114,1,14.29,7
9840,9.9700,0.6114,1,100.00,3
9841,9.9600,0.6113,1,75.00,4
9842,9.8800,0.6113,1,41.67,12
9843,9.9200,0.6113,1,12.50,8
9844,9.9600,0.6112,1,75.00,4
9845,9.9900,0.6112,1,100.00,1
9846,9.9300,0.6112,1,14.29,7
9847,9.4400,0.6112,1,83.33,6
9848,9.9900,0.6111,1,100.00,1
9849,9.9800,0.6111,1,100.00,2
9850,9.9000,0.6111,1,30.00,10
9851,9.9900,0.6110,1,100.00,1
9852,9.4700,0.6110,1,66.67,3
9853,9.9200,0.6110,1,62.50,8
9854,9.9700,0.6109,1,33.33,3
9855,7.3800,0.6109,1,41.67,12
9856,9.9800,0.6109,1,100.00,2
9857,9.9600,0.6108,1,75.00,4
9858,9.4000,0.6108,1,30.00,10
9859,8.9000,0.6108,1,30.00,10
9860,9.9900,0.6108,1,100.00,1
9861,9.4400,0.6107,1,83.33,6
9862,9.9700,0.6107,1,100.00,3
9863,9.9700,0.6107,1,66.67,3
9864,8.8500,0.6106,1,20.00,15
9865,9.9900,0.6106,1,100.00,1
9866,7.9000,0.6106,1,60.00,10
9867,8.9000,0.6105,1,50.00,10
9868,9.9900,0.6105,1,100.00,1
9869,9.3600,0.6105,1,35.71,14
9870,9.9800,0.6104,1,100.00,2
9871,9.9600,0.6104,1,100.00,4
9872,9.9200,0.6104,1,12.50,8
9873,9.9900,0.6104,1,100.00,1
9874,-2.2500,0.6103,0,0.00,25
9875,9.9900,0.6103,1,100.00,1
9876,9.9900,0.6103,1,100.00,1
9877,9.9800,0.6102,1,100.00,2
9878,9.9800,0.6102,1,100.00,2
9879,9.9500,0.6102,1,60.00,5
9880,9.9900,0.6101,1,100.00,1
9881,9.9800,0.6101,1,100.00,2
9882,9.9100,0.6101,1,44.44,9
9883,9.4500,0.6101,1,80.00,5
9884,9.9300,0.6100,1,28.57,7
9885,9.9700,0.6100,1,33.33,3
9886,9.9600,0.6100,1,50.00,4
9887,9.9800,0.6099,1,100.00,2
9888,9.9700,0.6099,1,100.00,3
9889,9.9400,0.6099,1,66.67,6
9890,9.8900,0.6098,1,27.27,11
9891,9.9700,0.6098,1,100.00,3
9892,9.9000,0.6098,1,50.00,10
9893,9.9800,0.6097,1,100.00,2
9894,9.9900,0.6097,1,100.00,1
9895,9.8900,0.6097,1,27.27,11
9896,9.8500,0.6097,1,6.67,15
9897,9.8900,0.6096,1,27.27,11
9898,9.4600,0.6096,1,75.00,4
9899,8.3300,0.6096,1,29.41,17
9900,9.9900,0.6095,1,100.00,1
9901,9.9200,0.6095,1,25.00,8
9902,9.3500,0.6095,1,13.33,15
9903,9.9400,0.6094,1,33.33,6
9904,9.9700,0.6094,1,100.00,3
9905,9.9400,0.6094,1,33.33,6
9906,9.9600,0.6094,1,50.00,4
9907,9.9700,0.6093,1,100.00,3
9908,9.3400,0.6093,1,25.00,16
9909,9.9100,0.6093,1,22.22,9
9910,9.9700,0.6092,1,33.33,3
9911,9.4500,0.6092,1,40.00,5
9912,9.9800,0.6092,1,100.00,2
9913,9.9800,0.6091,1,100.00,2
9914,9.9900,0.6091,1,100.00,1
9915,9.9400,0.6091,1,33.33,6
9916,9.9200,0.6090,1,25.00,8
9917,9.9600,0.6090,1,50.00,4
9918,9.9600,0.6090,1,50.00,4
9919,9.9200,0.6090,1,50.00,8
9920,9.9600,0.6089,1,100.00,4
9921,9.9800,0.6089,1,100.00,2
9922,9.9400,0.6089,1,83.33,6
9923,9.9500,0.6088,1,80.00,5
9924,-1.2500,0.6088,0,0.00,25
9925,9.3600,0.6088,1,35.71,14
9926,9.8700,0.6087,1,7.69,13
9927,9.9700,0.6087,1,100.00,3
9928,9.4200,0.6087,1,62.50,8
9929,9.9600,0.6086,1,50.00,4
9930,9.8700,0.6086,1,38.46,13
9931,9.9700,0.6086,1,33.33,3
9932,9.9700,0.6086,1,100.00,3
9933,9.4400,0.6085,1,83.33,6
9934,9.9800,0.6085,1,100.00,2
9935,9.9900,0.6085,1,100.00,1
9936,9.9000,0.6084,1,20.00,10
9937,9.9200,0.6084,1,25.00,8
9938,9.9800,0.6084,1,100.00,2
9939,9.9000,0.6083,1,40.00,10
9940,6.8200,0.6083,1,22.22,18
9941,9.9500,0.6083,1,20.00,5
9942,9.9700,0.6083,1,33.33,3
9943,7.3900,0.6082,1,27.27,11
9944,9.9800,0.6082,1,100.00,2
9945,9.9500,0.6082,1,40.00,5
9946,9.9300,0.6081,1,42.86,7
9947,9.9600,0.6081,1,100.00,4
9948,9.9000,0.6081,1,20.00,10
9949,9.9500,0.6080,1,60.00,5
9950,9.4000,0.6080,1,60.00,10
9951,9.9600,0.6080,1,50.00,4
9952,9.9600,0.6080,1,50.00,4
9953,9.9100,0.6079,1,33.33,9
9954,9.9800,0.6079,1,50.00,2
9955,9.8800,0.6079,1,16.67,12
9956,8.8100,0.6078,1,21.05,19
9957,9.9400,0.6078,1,66.67,6
9958,9.3700,0.6078,1,38.46,13
9959,9.9700,0.6077,1,33.33,3
9960,9.9400,0.6077,1,33.33,6
9961,9.9400,0.6077,1,16.67,6
9962,9.9700,0.6076,1,33.33,3
9963,9.9600,0.6076,1,50.00,4
9964,7.2500,0.6076,1,20.00,25
9965,9.4200,0.6076,1,50.00,8
9966,8.3000,0.6075,1,15.00,20
9967,9.8000,0.6075,1,15.00,20
9968,8.9300,0.6075,1,42.86,7
9969,9.9100,0.6074,1,22.22,9
9970,9.9800,0.6074,1,100.00,2
9971,8.9400,0.6074,1,50.00,6
9972,8.9400,0.6073,1,33.33,6
9973,9.9800,0.6073,1,100.00,2
9974,9.8000,0.6073,1,15.00,20
9975,9.9800,0.6073,1,100.00,2
9976,9.9600,0.6072,1,100.00,4
9977,9.9600,0.6072,1,75.00,4
9978,9.9800,0.6072,1,100.00,2
9979,9.9600,0.6071,1,50.00,4
9980,9.2500,0.6071,1,16.00,25
9981,9.9800,0.6071,1,100.00,2
9982,8.9200,0.6070,1,50.00,8
9983,9.9900,0.6070,1,100.00,1
9984,9.9500,0.6070,1,20.00,5
9985,9.9800,0.6069,1,100.00,2
9986,9.9600,0.6069,1,50.00,4
9987,9.9800,0.6069,1,100.00,2
9988,9.9600,0.6069,1,25.00,4
9989,9.9400,0.6068,1,66.67,6
9990,9.9100,0.6068,1,33.33,9
9991,9.8600,0.6068,1,7.14,14
9992,9.9500,0.6067,1,60.00,5
9993,9.9400,0.6067,1,33.33,6
9994,9.3700,0.6067,1,30.77,13
9995,9.9900,0.6066,1,100.00,1
9996,9.3300,0.6066,1,17.65,17
9997,9.4000,0.6066,1,30.00,10
9998,9.9100,0.6066,1,11.11,9
9999,-0.2500,0.6065,0,0.00,25
