episodio,recompensa_total,epsilon,chegou_ao_objetivo,eficiencia_episodio,passos_totais
0,-78.0000,0.9997,0,0.00,400
1,-24.4000,0.9994,1,2.56,390
2,7.5800,0.9991,1,4.76,42
3,-45.0000,0.9988,0,0.00,400
4,9.7700,0.9985,1,21.74,23
5,1.6600,0.9982,1,9.70,134
6,4.4000,0.9979,1,6.36,110
7,-40.0000,0.9976,0,0.00,400
8,2.2700,0.9973,1,4.88,123
9,-53.0000,0.9970,0,0.00,400
10,-53.0000,0.9967,0,0.00,400
11,-43.0000,0.9964,0,0.00,400
12,-45.5000,0.9961,0,0.00,400
13,7.9000,0.9958,1,5.00,60
14,-40.5000,0.9955,0,0.00,400
15,-50.5000,0.9952,0,0.00,400
16,-40.0000,0.9949,0,0.00,400
17,-3.7400,0.9946,1,5.17,174
18,9.0900,0.9943,1,29.27,41
19,9.4200,0.9940,1,12.50,8
20,-38.5000,0.9937,0,0.00,400
21,-23.1900,0.9934,1,5.33,319
22,-44.0000,0.9931,0,0.00,400
23,-30.0000,0.9928,0,0.00,400
24,-16.5000,0.9925,0,0.00,400
25,-27.0000,0.9922,0,0.00,400
26,-42.5000,0.9919,0,0.00,400
27,7.6300,0.9916,1,29.73,37
28,-49.5000,0.9913,0,0.00,400
29,-30.2900,0.9910,1,3.58,279
30,6.2000,0.9907,1,6.25,80
31,-21.5000,0.9904,0,0.00,400
32,-33.5000,0.9901,0,0.00,400
33,-7.6100,0.9899,1,7.07,311
34,-3.5600,0.9896,1,2.56,156
35,-47.0000,0.9893,0,0.00,400
36,6.4800,0.9890,1,7.84,102
37,-32.5000,0.9887,0,0.00,400
38,1.6400,0.9884,1,3.76,186
39,-40.0000,0.9881,0,0.00,400
40,-36.5000,0.9878,0,0.00,400
41,-57.5000,0.9875,0,0.00,400
42,-3.5700,0.9872,1,4.46,157
43,-35.5000,0.9869,0,0.00,400
44,-11.9200,0.9866,1,5.14,292
45,-26.0000,0.9863,0,0.00,400
46,-33.5000,0.9860,0,0.00,400
47,-44.5000,0.9857,0,0.00,400
48,-30.0000,0.9854,0,0.00,400
49,-34.5000,0.9851,0,0.00,400
50,-34.5000,0.9848,0,0.00,400
51,9.6700,0.9845,1,15.15,33
52,-20.5000,0.9842,0,0.00,400
53,-52.0000,0.9839,0,0.00,400
54,-43.0000,0.9836,0,0.00,400
55,-31.5000,0.9833,0,0.00,400
56,-20.2200,0.9830,1,6.52,322
57,8.7400,0.9827,1,7.69,26
58,-33.0000,0.9825,0,0.00,400
59,-28.5000,0.9822,0,0.00,400
60,-39.0000,0.9819,0,0.00,400
61,-34.5000,0.9816,0,0.00,400
62,-28.5000,0.9813,0,0.00,400
63,7.6900,0.9810,1,9.68,31
64,-38.5000,0.9807,0,0.00,400
65,-32.0000,0.9804,0,0.00,400
66,-44.0000,0.9801,0,0.00,400
67,-41.0000,0.9798,0,0.00,400
68,-37.5000,0.9795,0,0.00,400
69,1.5500,0.9792,1,8.97,145
70,-29.0000,0.9789,0,0.00,400
71,-28.5000,0.9786,0,0.00,400
72,-42.0000,0.9783,0,0.00,400
73,-22.0000,0.9780,0,0.00,400
74,-2.6700,0.9777,1,8.98,167
75,-44.0000,0.9775,0,0.00,400
76,-25.5000,0.9772,0,0.00,400
77,-14.6800,0.9769,1,5.96,218
78,8.7900,0.9766,1,19.05,21
79,-38.0000,0.9763,0,0.00,400
80,-22.5000,0.9760,0,0.00,400
81,-27.0000,0.9757,0,0.00,400
82,5.6700,0.9754,1,3.01,133
83,-27.5000,0.9751,0,0.00,400
84,-45.5000,0.9748,0,0.00,400
85,-18.0000,0.9745,0,0.00,400
86,-20.5000,0.9742,0,0.00,400
87,-23.5000,0.9739,0,0.00,400
88,-4.4400,0.9736,1,5.15,194
89,6.0100,0.9734,1,3.03,99
90,-19.5000,0.9731,0,0.00,400
91,-32.5000,0.9728,0,0.00,400
92,-9.4300,0.9725,1,10.49,143
93,-17.7700,0.9722,1,8.30,277
94,-11.7200,0.9719,1,8.09,272
95,-4.1800,0.9716,1,8.47,118
96,-22.0000,0.9713,0,0.00,400
97,9.3300,0.9710,1,23.53,17
98,7.2500,0.9707,1,9.33,75
99,-2.5800,0.9704,1,1.44,208
100,-11.8300,0.9702,1,6.36,283
101,-48.5000,0.9699,0,0.00,400
102,-30.5000,0.9696,0,0.00,400
103,1.1300,0.9693,1,9.28,237
104,-29.0000,0.9690,0,0.00,400
105,-33.0000,0.9687,0,0.00,400
106,9.7600,0.9684,1,25.00,24
107,-33.0000,0.9681,0,0.00,400
108,1.1100,0.9678,1,10.11,89
109,8.6800,0.9675,1,6.25,32
110,9.2000,0.9672,1,23.33,30
111,-62.0000,0.9670,0,0.00,400
112,9.9500,0.9667,1,20.00,5
113,-11.9800,0.9664,1,6.05,248
114,-35.0000,0.9661,0,0.00,400
115,3.4800,0.9658,1,13.46,52
116,-33.0000,0.9655,0,0.00,400
117,-21.8600,0.9652,1,3.15,286
118,-14.9300,0.9649,1,1.02,393
119,-4.3000,0.9646,1,2.17,230
120,-7.0900,0.9643,1,8.11,259
121,-39.0000,0.9641,0,0.00,400
122,-0.8600,0.9638,1,1.47,136
123,-44.0000,0.9635,0,0.00,400
124,-22.5000,0.9632,0,0.00,400
125,-28.5000,0.9629,0,0.00,400
126,-36.5000,0.9626,0,0.00,400
127,-13.8400,0.9623,1,1.82,384
128,-3.5000,0.9620,1,6.00,150
129,-28.5000,0.9617,0,0.00,400
130,-44.0000,0.9615,0,0.00,400
131,6.9900,0.9612,1,11.76,51
132,-47.5000,0.9609,0,0.00,400
133,-34.0000,0.9606,0,0.00,400
134,-8.9200,0.9603,1,1.65,242
135,-51.0000,0.9600,0,0.00,400
136,-42.5000,0.9597,0,0.00,400
137,6.1400,0.9594,1,13.97,136
138,-39.0000,0.9592,0,0.00,400
139,-33.5000,0.9589,0,0.00,400
140,-28.5000,0.9586,0,0.00,400
141,2.4100,0.9583,1,1.44,209
142,7.1500,0.9580,1,14.29,35
143,7.7900,0.9577,1,12.68,71
144,-29.9700,0.9574,1,4.38,297
145,-45.5000,0.9571,0,0.00,400
146,-32.5000,0.9569,0,0.00,400
147,-0.9500,0.9566,1,6.67,195
148,-41.5000,0.9563,0,0.00,400
149,-36.0000,0.9560,0,0.00,400
150,-24.5000,0.9557,0,0.00,400
151,-6.2500,0.9554,1,7.11,225
152,-38.0000,0.9551,0,0.00,400
153,-35.5000,0.9548,0,0.00,400
154,-31.0000,0.9546,0,0.00,400
155,-42.0000,0.9543,0,0.00,400
156,-19.3700,0.9540,1,8.44,237
157,-46.0000,0.9537,0,0.00,400
158,5.9400,0.9534,1,25.00,56
159,-31.0000,0.9531,0,0.00,400
160,-38.5000,0.9528,0,0.00,400
161,-37.0000,0.9526,0,0.00,400
162,-45.0000,0.9523,0,0.00,400
163,7.0300,0.9520,1,25.53,47
164,-22.8900,0.9517,1,4.37,389
165,-17.1700,0.9514,1,5.07,217
166,-38.0000,0.9511,0,0.00,400
167,-34.5000,0.9508,0,0.00,400
168,9.9400,0.9506,1,33.33,6
169,-22.5000,0.9503,0,0.00,400
170,-49.5000,0.9500,0,0.00,400
171,9.1300,0.9497,1,18.92,37
172,-32.5000,0.9494,0,0.00,400
173,-41.5000,0.9491,0,0.00,400
174,-43.0000,0.9488,0,0.00,400
175,-35.5000,0.9486,0,0.00,400
176,-15.0000,0.9483,0,0.00,400
177,-13.9800,0.9480,1,1.15,348
178,-39.5000,0.9477,0,0.00,400
179,-41.5000,0.9474,0,0.00,400
180,-36.5000,0.9471,0,0.00,400
181,5.1000,0.9469,1,4.44,90
182,-4.0900,0.9466,1,6.22,209
183,-42.5000,0.9463,0,0.00,400
184,0.8600,0.9460,1,13.41,164
185,-38.5000,0.9457,0,0.00,400
186,-29.0000,0.9454,0,0.00,400
187,-24.0000,0.9452,0,0.00,400
188,8.2700,0.9449,1,20.55,73
189,9.5600,0.9446,1,13.64,44
190,2.5400,0.9443,1,6.85,146
191,-34.0000,0.9440,0,0.00,400
192,-11.2200,0.9437,1,3.73,322
193,-52.0000,0.9435,0,0.00,400
194,-40.0000,0.9432,0,0.00,400
195,-26.0000,0.9429,0,0.00,400
196,-37.0000,0.9426,0,0.00,400
197,-44.0000,0.9423,0,0.00,400
198,8.7100,0.9420,1,10.34,29
199,-24.0000,0.9418,0,0.00,400
200,-45.5000,0.9415,0,0.00,400
201,9.9200,0.9412,1,25.00,8
202,-27.0000,0.9409,0,0.00,400
203,-50.0000,0.9406,0,0.00,400
204,-34.5000,0.9403,0,0.00,400
205,1.0700,0.9401,1,4.20,143
206,-31.0000,0.9398,0,0.00,400
207,-54.5000,0.9395,0,0.00,400
208,9.9900,0.9392,1,100.00,1
209,8.9200,0.9389,1,25.00,8
210,-37.5000,0.9387,0,0.00,400
211,1.5600,0.9384,1,8.33,144
212,6.7800,0.9381,1,15.28,72
213,-15.0600,0.9378,1,1.97,356
214,-37.0000,0.9375,0,0.00,400
215,-16.5000,0.9372,0,0.00,400
216,-35.5000,0.9370,0,0.00,400
217,-34.0000,0.9367,0,0.00,400
218,-26.0000,0.9364,0,0.00,400
219,-15.3600,0.9361,1,6.55,336
220,-30.0000,0.9358,0,0.00,400
221,-43.5000,0.9356,0,0.00,400
222,-42.0000,0.9353,0,0.00,400
223,-24.5000,0.9350,0,0.00,400
224,-31.5000,0.9347,0,0.00,400
225,-29.5000,0.9344,0,0.00,400
226,9.4400,0.9342,1,50.00,6
227,-37.0000,0.9339,0,0.00,400
228,-17.0000,0.9336,0,0.00,400
229,-21.5000,0.9333,0,0.00,400
230,-40.0000,0.9330,0,0.00,400
231,-4.5900,0.9328,1,11.01,109
232,5.4600,0.9325,1,10.39,154
233,-28.5000,0.9322,0,0.00,400
234,-33.5000,0.9319,0,0.00,400
235,-29.5000,0.9316,0,0.00,400
236,9.8500,0.9314,1,33.33,15
237,-32.0000,0.9311,0,0.00,400
238,-26.0000,0.9308,0,0.00,400
239,-3.6100,0.9305,1,4.98,261
240,9.9500,0.9302,1,60.00,5
241,-15.3200,0.9300,1,5.24,382
242,-30.0000,0.9297,0,0.00,400
243,-34.0000,0.9294,0,0.00,400
244,-10.6000,0.9291,1,7.10,310
245,6.4200,0.9288,1,5.17,58
246,-28.5000,0.9286,0,0.00,400
247,-33.0000,0.9283,0,0.00,400
248,-19.5000,0.9280,0,0.00,400
249,-35.5000,0.9277,0,0.00,400
250,-35.5000,0.9275,0,0.00,400
251,9.8700,0.9272,1,23.08,13
252,-17.5000,0.9269,0,0.00,400
253,-9.5000,0.9266,1,2.29,350
254,-20.1000,0.9263,1,3.55,310
255,-30.0000,0.9261,0,0.00,400
256,-41.0000,0.9258,0,0.00,400
257,-25.0000,0.9255,0,0.00,400
258,-22.5000,0.9252,0,0.00,400
259,-28.5000,0.9250,0,0.00,400
260,-29.5000,0.9247,0,0.00,400
261,-34.0000,0.9244,0,0.00,400
262,7.7900,0.9241,1,8.45,71
263,-27.5000,0.9238,0,0.00,400
264,-18.3200,0.9236,1,5.32,282
265,-15.7400,0.9233,1,4.38,274
266,4.1700,0.9230,1,18.07,83
267,5.8000,0.9227,1,4.29,70
268,9.6000,0.9225,1,10.00,40
269,0.1200,0.9222,1,6.52,138
270,-27.0000,0.9219,0,0.00,400
271,-20.0000,0.9216,0,0.00,400
272,1.4500,0.9214,1,19.05,105
273,-10.3500,0.9211,1,4.91,285
274,-17.2100,0.9208,1,3.74,321
275,-3.1900,0.9205,1,10.65,169
276,-35.0000,0.9202,0,0.00,400
277,9.9200,0.9200,1,50.00,8
278,-39.5000,0.9197,0,0.00,400
279,-27.0000,0.9194,0,0.00,400
280,-32.5000,0.9191,0,0.00,400
281,-39.5000,0.9189,0,0.00,400
282,0.9000,0.9186,1,6.25,160
283,-28.5000,0.9183,0,0.00,400
284,-11.8100,0.9180,1,6.63,181
285,9.1500,0.9178,1,40.00,35
286,-31.5000,0.9175,0,0.00,400
287,-28.5000,0.9172,0,0.00,400
288,-30.0000,0.9169,0,0.00,400
289,-41.5000,0.9167,0,0.00,400
290,-40.5000,0.9164,0,0.00,400
291,-25.5000,0.9161,0,0.00,400
292,-7.9300,0.9158,1,7.82,243
293,-35.0000,0.9156,0,0.00,400
294,-38.5000,0.9153,0,0.00,400
295,-11.2600,0.9150,1,2.54,276
296,-45.5000,0.9147,0,0.00,400
297,-36.0000,0.9145,0,0.00,400
298,9.9600,0.9142,1,50.00,4
299,-22.0000,0.9139,0,0.00,400
300,-31.0000,0.9136,0,0.00,400
301,-1.6800,0.9134,1,4.72,318
302,-30.0000,0.9131,0,0.00,400
303,-29.0000,0.9128,0,0.00,400
304,-27.0000,0.9125,0,0.00,400
305,-21.9400,0.9123,1,3.78,344
306,-16.0000,0.9120,0,0.00,400
307,3.6800,0.9117,1,6.06,132
308,-23.0000,0.9115,0,0.00,400
309,-26.0000,0.9112,0,0.00,400
310,-2.2600,0.9109,1,9.73,226
311,-3.1900,0.9106,1,2.52,119
312,7.0000,0.9104,1,30.00,50
313,-26.5000,0.9101,0,0.00,400
314,-15.5000,0.9098,0,0.00,400
315,-2.0600,0.9095,1,9.71,206
316,-15.5000,0.9093,0,0.00,400
317,9.4100,0.9090,1,22.22,9
318,-16.0000,0.9087,0,0.00,400
319,-0.9800,0.9085,1,2.02,198
320,-20.5000,0.9082,0,0.00,400
321,-23.5000,0.9079,0,0.00,400
322,1.7100,0.9076,1,10.06,179
323,-27.0000,0.9074,0,0.00,400
324,-45.0000,0.9071,0,0.00,400
325,9.9800,0.9068,1,100.00,2
326,-7.4000,0.9065,1,5.00,240
327,-30.5000,0.9063,0,0.00,400
328,-29.5000,0.9060,0,0.00,400
329,-42.0000,0.9057,0,0.00,400
330,-28.0000,0.9055,0,0.00,400
331,5.5400,0.9052,1,21.88,96
332,-30.0000,0.9049,0,0.00,400
333,8.8300,0.9046,1,5.97,67
334,-23.5000,0.9044,0,0.00,400
335,8.9800,0.9041,1,9.62,52
336,-27.5000,0.9038,0,0.00,400
337,-39.5000,0.9036,0,0.00,400
338,-33.0000,0.9033,0,0.00,400
339,-31.5000,0.9030,0,0.00,400
340,-16.0000,0.9027,0,0.00,400
341,-24.5000,0.9025,0,0.00,400
342,5.7700,0.9022,1,10.96,73
343,-27.0000,0.9019,0,0.00,400
344,2.2000,0.9017,1,5.65,230
345,9.6600,0.9014,1,14.71,34
346,-23.0000,0.9011,0,0.00,400
347,-31.0000,0.9009,0,0.00,400
348,-4.4800,0.9006,1,2.82,248
349,-16.0000,0.9003,0,0.00,400
350,-34.0000,0.9000,0,0.00,400
351,-36.0000,0.8998,0,0.00,400
352,5.4500,0.8995,1,1.90,105
353,-29.5000,0.8992,0,0.00,400
354,-31.5000,0.8990,0,0.00,400
355,-13.3100,0.8987,1,5.14,331
356,-28.5000,0.8984,0,0.00,400
357,-31.0000,0.8982,0,0.00,400
358,6.5400,0.8979,1,10.87,46
359,-42.0000,0.8976,0,0.00,400
360,-33.0000,0.8973,0,0.00,400
361,-1.4200,0.8971,1,3.65,192
362,-35.0000,0.8968,0,0.00,400
363,-33.0000,0.8965,0,0.00,400
364,-32.5000,0.8963,0,0.00,400
365,-22.5000,0.8960,0,0.00,400
366,-27.5000,0.8957,0,0.00,400
367,-1.8300,0.8955,1,11.28,133
368,-22.7600,0.8952,1,3.99,376
369,-25.5000,0.8949,0,0.00,400
370,-22.5000,0.8947,0,0.00,400
371,9.3300,0.8944,1,47.06,17
372,-26.9600,0.8941,1,6.65,346
373,-27.5000,0.8939,0,0.00,400
374,-54.0000,0.8936,0,0.00,400
375,6.2600,0.8933,1,13.51,74
376,-30.5000,0.8930,0,0.00,400
377,-19.8400,0.8928,1,4.95,384
378,-34.5000,0.8925,0,0.00,400
379,-1.6900,0.8922,1,2.97,269
380,-4.5900,0.8920,1,11.95,159
381,2.2000,0.8917,1,10.00,80
382,-30.5000,0.8914,0,0.00,400
383,-21.0000,0.8912,0,0.00,400
384,-29.5000,0.8909,0,0.00,400
385,-30.0000,0.8906,0,0.00,400
386,6.6700,0.8904,1,15.15,33
387,-23.5000,0.8901,0,0.00,400
388,-33.5000,0.8898,0,0.00,400
389,-38.0000,0.8896,0,0.00,400
390,4.5600,0.8893,1,4.17,144
391,-29.2900,0.8890,1,4.22,379
392,-42.0000,0.8888,0,0.00,400
393,8.8600,0.8885,1,42.86,14
394,-17.4800,0.8882,1,2.87,348
395,-22.5000,0.8880,0,0.00,400
396,-4.8700,0.8877,1,4.22,237
397,2.7200,0.8874,1,11.54,78
398,-33.5000,0.8872,0,0.00,400
399,7.3700,0.8869,1,11.11,63
400,-29.5000,0.8866,0,0.00,400
401,1.5400,0.8864,1,17.71,96
402,-34.0000,0.8861,0,0.00,400
403,3.9100,0.8858,1,4.59,109
404,-24.3500,0.8856,1,2.86,385
405,4.1500,0.8853,1,10.27,185
406,-17.5000,0.8850,0,0.00,400
407,6.9000,0.8848,1,4.55,110
408,6.1200,0.8845,1,3.41,88
409,-25.5000,0.8842,0,0.00,400
410,-37.0000,0.8840,0,0.00,400
411,6.9600,0.8837,1,12.96,54
412,-11.5000,0.8835,0,0.00,400
413,-28.0000,0.8832,0,0.00,400
414,-14.5000,0.8829,1,3.25,400
415,-21.0000,0.8827,0,0.00,400
416,2.6300,0.8824,1,3.65,137
417,-32.5000,0.8821,0,0.00,400
418,-15.0000,0.8819,0,0.00,400
419,-9.1900,0.8816,1,2.28,219
420,-7.5300,0.8813,1,4.93,203
421,-29.0000,0.8811,0,0.00,400
422,-17.0000,0.8808,0,0.00,400
423,-27.0000,0.8805,0,0.00,400
424,-28.0000,0.8803,0,0.00,400
425,9.8500,0.8800,1,33.33,15
426,-23.5000,0.8797,0,0.00,400
427,-16.5000,0.8795,0,0.00,400
428,-23.0000,0.8792,0,0.00,400
429,8.5300,0.8790,1,10.64,47
430,-26.5000,0.8787,0,0.00,400
431,-20.0000,0.8784,0,0.00,400
432,9.3500,0.8782,1,26.67,15
433,7.5900,0.8779,1,9.76,41
434,-16.5000,0.8776,0,0.00,400
435,5.2600,0.8774,1,7.26,124
436,-27.5000,0.8771,0,0.00,400
437,-23.5000,0.8768,0,0.00,400
438,-28.5000,0.8766,0,0.00,400
439,7.2500,0.8763,1,12.00,75
440,-27.0000,0.8761,0,0.00,400
441,8.3500,0.8758,1,40.00,15
442,8.5700,0.8755,1,9.30,43
443,5.3900,0.8753,1,14.41,111
444,-21.0000,0.8750,0,0.00,400
445,-12.0000,0.8747,0,0.00,400
446,-32.0000,0.8745,0,0.00,400
447,9.2600,0.8742,1,29.17,24
448,-0.8900,0.8740,1,6.47,139
449,-48.0000,0.8737,0,0.00,400
450,-33.5000,0.8734,0,0.00,400
451,-32.0000,0.8732,0,0.00,400
452,-41.0000,0.8729,0,0.00,400
453,-28.0000,0.8727,0,0.00,400
454,1.0600,0.8724,1,15.91,44
455,5.8400,0.8721,1,15.15,66
456,-37.0000,0.8719,0,0.00,400
457,5.6600,0.8716,1,1.49,134
458,-31.5000,0.8713,0,0.00,400
459,-28.5000,0.8711,0,0.00,400
460,9.1700,0.8708,1,12.12,33
461,8.3000,0.8706,1,17.14,70
462,-17.0000,0.8703,0,0.00,400
463,-28.5000,0.8700,0,0.00,400
464,-29.0000,0.8698,0,0.00,400
465,6.0400,0.8695,1,6.52,46
466,7.2600,0.8693,1,14.86,74
467,-35.0000,0.8690,0,0.00,400
468,7.3700,0.8687,1,23.81,63
469,-28.0000,0.8685,0,0.00,400
470,9.9100,0.8682,1,11.11,9
471,-23.0000,0.8679,0,0.00,400
472,9.9800,0.8677,1,100.00,2
473,-36.5000,0.8674,0,0.00,400
474,-42.0000,0.8672,0,0.00,400
475,-4.6600,0.8669,1,9.64,166
476,-32.0000,0.8666,0,0.00,400
477,-33.5000,0.8664,0,0.00,400
478,-41.0000,0.8661,0,0.00,400
479,9.9100,0.8659,1,33.33,9
480,-24.5000,0.8656,0,0.00,400
481,-0.9600,0.8653,1,3.25,246
482,-9.0100,0.8651,1,4.78,251
483,-19.0000,0.8648,0,0.00,400
484,-2.6200,0.8646,1,6.13,212
485,-16.5000,0.8643,0,0.00,400
486,-26.5000,0.8641,0,0.00,400
487,-39.5000,0.8638,0,0.00,400
488,-16.5200,0.8635,1,4.30,302
489,-18.0000,0.8633,0,0.00,400
490,-15.6100,0.8630,1,6.09,361
491,2.9300,0.8628,1,8.41,107
492,2.5100,0.8625,1,12.24,49
493,-22.5000,0.8622,0,0.00,400
494,-43.0000,0.8620,0,0.00,400
495,-37.5000,0.8617,0,0.00,400
496,-24.0000,0.8615,0,0.00,400
497,-1.0100,0.8612,1,8.96,201
498,6.1200,0.8609,1,12.50,88
499,-26.5000,0.8607,0,0.00,400
500,5.5600,0.8604,1,11.36,44
501,3.0000,0.8602,1,1.50,200
502,-13.8500,0.8599,1,6.57,335
503,-35.5000,0.8597,0,0.00,400
504,-28.5000,0.8594,0,0.00,400
505,5.0700,0.8591,1,3.11,193
506,-11.0000,0.8589,0,0.00,400
507,-33.5000,0.8586,0,0.00,400
508,-1.8100,0.8584,1,3.03,231
509,9.9800,0.8581,1,100.00,2
510,9.5700,0.8579,1,34.88,43
511,-18.0000,0.8576,0,0.00,400
512,-24.5000,0.8573,0,0.00,400
513,2.7600,0.8571,1,18.55,124
514,-33.0000,0.8568,0,0.00,400
515,-10.4600,0.8566,1,9.76,246
516,8.1900,0.8563,1,32.26,31
517,-32.5000,0.8561,0,0.00,400
518,-23.0000,0.8558,0,0.00,400
519,-3.2600,0.8555,1,4.42,226
520,-26.5000,0.8553,0,0.00,400
521,-23.0000,0.8550,0,0.00,400
522,-45.0000,0.8548,0,0.00,400
523,9.7700,0.8545,1,30.43,23
524,-4.9800,0.8543,1,8.78,148
525,-13.7600,0.8540,1,5.80,276
526,-25.0000,0.8537,0,0.00,400
527,-4.7300,0.8535,1,6.73,223
528,-27.5000,0.8532,0,0.00,400
529,-2.9500,0.8530,1,2.56,195
530,9.2500,0.8527,1,24.00,25
531,-40.5000,0.8525,0,0.00,400
532,-31.0000,0.8522,0,0.00,400
533,-33.0000,0.8520,0,0.00,400
534,-35.0000,0.8517,0,0.00,400
535,-32.0000,0.8514,0,0.00,400
536,-34.5000,0.8512,0,0.00,400
537,-8.8800,0.8509,1,2.96,338
538,5.6600,0.8507,1,4.76,84
539,-35.0000,0.8504,0,0.00,400
540,7.4900,0.8502,1,7.84,51
541,9.2800,0.8499,1,13.64,22
542,-30.0000,0.8497,0,0.00,400
543,-23.0000,0.8494,0,0.00,400
544,-38.0000,0.8491,0,0.00,400
545,-4.1300,0.8489,1,9.82,163
546,-18.0000,0.8486,0,0.00,400
547,-24.0000,0.8484,0,0.00,400
548,-32.5000,0.8481,0,0.00,400
549,-24.5000,0.8479,0,0.00,400
550,3.0200,0.8476,1,6.08,148
551,-20.5000,0.8474,0,0.00,400
552,-32.5000,0.8471,0,0.00,400
553,6.9900,0.8469,1,14.85,101
554,-26.0000,0.8466,0,0.00,400
555,-17.5000,0.8463,0,0.00,400
556,-36.0000,0.8461,0,0.00,400
557,-36.5000,0.8458,0,0.00,400
558,-28.0000,0.8456,0,0.00,400
559,-13.6300,0.8453,1,5.23,363
560,-27.0000,0.8451,0,0.00,400
561,-25.5000,0.8448,0,0.00,400
562,-24.0000,0.8446,0,0.00,400
563,3.7900,0.8443,1,0.83,121
564,-30.0000,0.8441,0,0.00,400
565,5.9000,0.8438,1,10.91,110
566,7.0200,0.8436,1,35.42,48
567,-35.5000,0.8433,0,0.00,400
568,-25.5000,0.8431,0,0.00,400
569,-0.4400,0.8428,1,2.58,194
570,-28.5000,0.8425,0,0.00,400
571,2.6300,0.8423,1,13.87,137
572,9.9600,0.8420,1,50.00,4
573,6.0400,0.8418,1,10.42,96
574,3.4000,0.8415,1,20.00,110
575,3.1600,0.8413,1,9.70,134
576,0.0100,0.8410,1,5.37,149
577,-9.2500,0.8408,1,4.44,225
578,2.1500,0.8405,1,16.30,135
579,-12.7600,0.8403,1,6.19,226
580,-24.5000,0.8400,0,0.00,400
581,7.3100,0.8398,1,21.05,19
582,4.9500,0.8395,1,21.82,55
583,7.0500,0.8393,1,22.22,45
584,-29.0000,0.8390,0,0.00,400
585,9.9600,0.8388,1,50.00,4
586,-20.5000,0.8385,0,0.00,400
587,7.1700,0.8383,1,18.07,83
588,9.6400,0.8380,1,22.22,36
589,9.8400,0.8378,1,37.50,16
590,-40.0000,0.8375,0,0.00,400
591,-38.5000,0.8373,0,0.00,400
592,-0.9200,0.8370,1,6.52,92
593,4.4100,0.8368,1,5.66,159
594,-35.0000,0.8365,0,0.00,400
595,6.8700,0.8363,1,7.96,113
596,9.2300,0.8360,1,14.81,27
597,9.0500,0.8357,1,13.33,45
598,6.0500,0.8355,1,22.22,45
599,7.5300,0.8352,1,6.19,97
600,-28.5000,0.8350,0,0.00,400
601,-33.0000,0.8347,0,0.00,400
602,5.1200,0.8345,1,1.45,138
603,-30.5000,0.8342,0,0.00,400
604,-13.5000,0.8340,0,0.00,400
605,-24.5000,0.8337,0,0.00,400
606,-25.0000,0.8335,0,0.00,400
607,-28.0000,0.8332,0,0.00,400
608,6.1500,0.8330,1,10.37,135
609,-22.0000,0.8327,0,0.00,400
610,-38.0000,0.8325,0,0.00,400
611,-17.5000,0.8322,0,0.00,400
612,2.2900,0.8320,1,18.18,121
613,9.9300,0.8317,1,100.00,7
614,9.7100,0.8315,1,10.34,29
615,9.0800,0.8312,1,13.04,92
616,9.2200,0.8310,1,7.14,28
617,7.9300,0.8307,1,17.54,57
618,-10.4500,0.8305,1,2.11,95
619,-7.5900,0.8303,1,9.57,209
620,3.3700,0.8300,1,10.80,213
621,-19.1600,0.8298,1,5.09,216
622,7.9500,0.8295,1,20.00,55
623,7.6900,0.8293,1,14.81,81
624,-32.0000,0.8290,0,0.00,400
625,-34.0000,0.8288,0,0.00,400
626,-1.0200,0.8285,1,8.73,252
627,-18.0000,0.8283,0,0.00,400
628,-22.5000,0.8280,0,0.00,400
629,-1.8900,0.8278,1,10.05,189
630,-8.7000,0.8275,1,5.95,370
631,6.0300,0.8273,1,21.28,47
632,7.7800,0.8270,1,15.28,72
633,9.7500,0.8268,1,36.00,25
634,-37.0000,0.8265,0,0.00,400
635,9.9700,0.8263,1,100.00,3
636,-37.5000,0.8260,0,0.00,400
637,8.3800,0.8258,1,25.81,62
638,9.4500,0.8255,1,9.09,55
639,6.9000,0.8253,1,20.91,110
640,-9.3200,0.8250,1,5.42,332
641,-22.5000,0.8248,0,0.00,400
642,-32.5000,0.8245,0,0.00,400
643,6.2400,0.8243,1,11.11,126
644,-25.0000,0.8240,0,0.00,400
645,0.7300,0.8238,1,8.47,177
646,9.8400,0.8236,1,25.00,16
647,-30.5000,0.8233,0,0.00,400
648,-33.0000,0.8231,0,0.00,400
649,-28.5000,0.8228,0,0.00,400
650,6.5000,0.8226,1,15.33,150
651,-22.0000,0.8223,0,0.00,400
652,2.1200,0.8221,1,8.40,238
653,8.7800,0.8218,1,4.17,72
654,-36.5000,0.8216,0,0.00,400
655,-1.0700,0.8213,1,12.74,157
656,9.6400,0.8211,1,44.44,36
657,9.2500,0.8208,1,32.00,25
658,9.1200,0.8206,1,18.42,38
659,9.9800,0.8203,1,100.00,2
660,9.9500,0.8201,1,60.00,5
661,9.1200,0.8199,1,10.53,38
662,-1.9800,0.8196,1,4.73,148
663,3.5800,0.8194,1,2.48,242
664,-39.5000,0.8191,0,0.00,400
665,-28.5000,0.8189,0,0.00,400
666,-31.5000,0.8186,0,0.00,400
667,-22.5000,0.8184,0,0.00,400
668,-15.5200,0.8181,1,7.28,302
669,8.8000,0.8179,1,30.00,20
670,-21.6400,0.8176,1,2.75,364
671,-30.0000,0.8174,0,0.00,400
672,-26.0000,0.8172,0,0.00,400
673,-26.0000,0.8169,0,0.00,400
674,-32.0000,0.8167,0,0.00,400
675,2.9700,0.8164,1,9.80,153
676,-22.0000,0.8162,0,0.00,400
677,7.6500,0.8159,1,4.71,85
678,-0.4800,0.8157,1,2.01,298
679,6.4900,0.8154,1,5.94,101
680,5.8300,0.8152,1,20.90,67
681,-33.0000,0.8149,0,0.00,400
682,1.5000,0.8147,1,13.00,100
683,-23.0000,0.8145,0,0.00,400
684,7.0300,0.8142,1,4.76,147
685,8.3100,0.8140,1,26.32,19
686,-2.8500,0.8137,1,4.56,285
687,-5.3200,0.8135,1,9.48,232
688,-0.3900,0.8132,1,4.23,189
689,-8.1900,0.8130,1,5.95,269
690,-32.0000,0.8128,0,0.00,400
691,9.6000,0.8125,1,20.00,40
692,-22.0000,0.8123,0,0.00,400
693,9.5200,0.8120,1,20.83,48
694,-18.0000,0.8118,0,0.00,400
695,-23.0000,0.8115,0,0.00,400
696,9.8300,0.8113,1,41.18,17
697,-29.5000,0.8110,0,0.00,400
698,-21.0000,0.8108,0,0.00,400
699,8.1100,0.8106,1,10.11,89
700,6.6800,0.8103,1,8.54,82
701,-27.5000,0.8101,0,0.00,400
702,-6.4300,0.8098,1,4.66,193
703,-27.8000,0.8096,1,3.94,330
704,-26.0000,0.8093,0,0.00,400
705,3.2100,0.8091,1,13.97,179
706,9.4400,0.8089,1,50.00,6
707,9.0500,0.8086,1,31.11,45
708,-15.5000,0.8084,0,0.00,400
709,-26.0000,0.8081,0,0.00,400
710,7.7900,0.8079,1,33.33,21
711,5.1200,0.8076,1,2.17,138
712,-8.9200,0.8074,1,6.85,292
713,2.1400,0.8072,1,11.03,136
714,-13.1200,0.8069,1,5.52,362
715,8.8300,0.8067,1,29.41,17
716,-21.0000,0.8064,0,0.00,400
717,-20.0000,0.8062,0,0.00,400
718,-4.4000,0.8060,1,7.24,290
719,-4.5200,0.8057,1,7.10,352
720,-0.9300,0.8055,1,2.59,193
721,-21.5000,0.8052,0,0.00,400
722,-23.0000,0.8050,0,0.00,400
723,6.8700,0.8047,1,4.42,113
724,7.2300,0.8045,1,16.88,77
725,-28.0000,0.8043,0,0.00,400
726,4.4700,0.8040,1,9.43,53
727,7.4500,0.8038,1,9.09,55
728,6.9700,0.8035,1,15.09,53
729,8.9100,0.8033,1,55.56,9
730,9.9100,0.8031,1,55.56,9
731,-25.0000,0.8028,0,0.00,400
732,2.9000,0.8026,1,14.55,110
733,-19.0000,0.8023,0,0.00,400
734,-30.0000,0.8021,0,0.00,400
735,-4.9200,0.8019,1,2.55,392
736,7.0500,0.8016,1,8.89,45
737,-22.0000,0.8014,0,0.00,400
738,9.3500,0.8011,1,13.33,15
739,-3.6000,0.8009,1,5.24,210
740,-2.4100,0.8006,1,5.50,291
741,9.9900,0.8004,1,100.00,1
742,0.8100,0.8002,1,3.55,169
743,5.1700,0.7999,1,7.23,83
744,6.7700,0.7997,1,39.13,23
745,-22.0000,0.7994,0,0.00,400
746,7.5700,0.7992,1,25.58,43
747,4.7300,0.7990,1,15.58,77
748,-4.1500,0.7987,1,7.62,315
749,6.0200,0.7985,1,20.41,98
750,3.8000,0.7982,1,16.67,120
751,-30.0000,0.7980,0,0.00,400
752,9.8100,0.7978,1,26.32,19
753,3.4700,0.7975,1,3.94,203
754,8.6200,0.7973,1,10.53,38
755,-29.0000,0.7971,0,0.00,400
756,-22.5000,0.7968,0,0.00,400
757,-25.5000,0.7966,0,0.00,400
758,0.6800,0.7963,1,8.54,82
759,3.5000,0.7961,1,9.33,150
760,-23.5000,0.7959,0,0.00,400
761,8.0900,0.7956,1,7.69,91
762,2.8700,0.7954,1,17.70,113
763,-5.6900,0.7951,1,4.83,269
764,9.9500,0.7949,1,20.00,5
765,-10.4900,0.7947,1,4.58,349
766,-21.5000,0.7944,0,0.00,400
767,-3.5800,0.7942,1,13.92,158
768,-20.0000,0.7940,0,0.00,400
769,-19.5000,0.7937,0,0.00,400
770,7.5000,0.7935,1,4.00,50
771,3.6300,0.7932,1,9.49,137
772,9.7400,0.7930,1,23.08,26
773,9.1100,0.7928,1,35.90,39
774,9.8900,0.7925,1,45.45,11
775,6.9700,0.7923,1,4.85,103
776,-19.5000,0.7920,0,0.00,400
777,-27.0000,0.7918,0,0.00,400
778,9.9600,0.7916,1,50.00,4
779,-22.5000,0.7913,0,0.00,400
780,6.4300,0.7911,1,3.74,107
781,9.8400,0.7909,1,25.00,16
782,-23.5000,0.7906,0,0.00,400
783,8.1900,0.7904,1,25.81,31
784,5.2100,0.7901,1,6.33,79
785,8.5700,0.7899,1,20.93,43
786,-3.8600,0.7897,1,7.53,186
787,-32.5000,0.7894,0,0.00,400
788,-6.8800,0.7892,1,2.07,338
789,3.0900,0.7890,1,11.35,141
790,-23.5000,0.7887,0,0.00,400
791,-20.0000,0.7885,0,0.00,400
792,9.3700,0.7883,1,7.94,63
793,-32.0000,0.7880,0,0.00,400
794,-23.0000,0.7878,0,0.00,400
795,-1.2900,0.7875,1,6.99,229
796,7.8000,0.7873,1,18.57,70
797,5.2600,0.7871,1,29.73,74
798,-14.6500,0.7868,1,5.75,365
799,-20.5000,0.7866,0,0.00,400
800,6.9200,0.7864,1,15.52,58
801,-31.0000,0.7861,0,0.00,400
802,-2.8000,0.7859,1,6.52,230
803,9.6400,0.7857,1,33.33,36
804,6.5800,0.7854,1,3.26,92
805,4.7900,0.7852,1,4.68,171
806,1.1000,0.7849,1,7.37,190
807,-11.0000,0.7847,0,0.00,400
808,-41.0000,0.7845,0,0.00,400
809,-20.0000,0.7842,0,0.00,400
810,4.4800,0.7840,1,13.46,52
811,-0.1800,0.7838,1,6.34,268
812,6.7700,0.7835,1,13.82,123
813,2.3300,0.7833,1,8.98,167
814,5.1000,0.7831,1,15.56,90
815,1.2500,0.7828,1,6.55,275
816,-13.0000,0.7826,0,0.00,400
817,9.7000,0.7824,1,26.67,30
818,-21.5000,0.7821,0,0.00,400
819,3.3000,0.7819,1,8.33,120
820,-18.0000,0.7817,0,0.00,400
821,-6.8700,0.7814,1,3.83,287
822,-13.4100,0.7812,1,6.64,241
823,7.7200,0.7810,1,25.00,28
824,9.3500,0.7807,1,13.85,65
825,4.2200,0.7805,1,25.64,78
826,-7.2100,0.7803,1,6.27,271
827,-19.5000,0.7800,0,0.00,400
828,-18.5000,0.7798,0,0.00,400
829,5.3900,0.7796,1,10.81,111
830,8.2100,0.7793,1,20.69,29
831,-3.2400,0.7791,1,3.65,274
832,3.1400,0.7788,1,10.75,186
833,-39.5000,0.7786,0,0.00,400
834,9.5100,0.7784,1,10.20,49
835,7.4400,0.7781,1,10.38,106
836,0.7400,0.7779,1,10.80,176
837,0.8100,0.7777,1,7.43,269
838,-4.0100,0.7774,1,9.16,251
839,9.5000,0.7772,1,20.00,50
840,9.8900,0.7770,1,27.27,11
841,9.8000,0.7767,1,30.00,20
842,9.1200,0.7765,1,23.68,38
843,5.8200,0.7763,1,10.09,218
844,4.3200,0.7761,1,12.71,118
845,-1.4100,0.7758,1,8.30,241
846,2.6500,0.7756,1,18.82,85
847,5.6500,0.7754,1,12.43,185
848,-1.6500,0.7751,1,7.92,265
849,-3.4800,0.7749,1,7.58,198
850,8.0900,0.7747,1,24.39,41
851,4.4800,0.7744,1,23.53,102
852,4.4700,0.7742,1,9.71,103
853,-3.1200,0.7740,1,9.43,212
854,6.7100,0.7737,1,15.19,79
855,6.0100,0.7735,1,16.33,49
856,7.8800,0.7733,1,8.06,62
857,5.0600,0.7730,1,8.51,94
858,8.8800,0.7728,1,33.33,12
859,3.8400,0.7726,1,16.67,66
860,-19.0000,0.7723,0,0.00,400
861,-9.6800,0.7721,1,6.34,268
862,-20.1900,0.7719,1,7.84,319
863,6.1700,0.7716,1,20.48,83
864,8.6300,0.7714,1,18.92,37
865,6.5000,0.7712,1,5.00,100
866,9.2800,0.7709,1,31.82,22
867,8.2100,0.7707,1,13.92,79
868,8.5000,0.7705,1,12.00,50
869,9.3000,0.7703,1,25.00,20
870,-11.8800,0.7700,1,6.51,338
871,3.1700,0.7698,1,3.01,133
872,6.2000,0.7696,1,15.00,80
873,9.5500,0.7693,1,24.44,45
874,8.8600,0.7691,1,17.19,64
875,5.4200,0.7689,1,20.69,58
876,0.0100,0.7686,1,14.77,149
877,-4.7300,0.7684,1,10.31,223
878,9.8800,0.7682,1,16.67,12
879,-8.1600,0.7679,1,6.28,366
880,9.3900,0.7677,1,54.55,11
881,-24.0000,0.7675,0,0.00,400
882,1.4600,0.7673,1,16.35,104
883,-0.4400,0.7670,1,11.86,194
884,-11.4300,0.7668,1,7.51,293
885,9.6200,0.7666,1,21.05,38
886,-6.1200,0.7663,1,7.63,262
887,9.7500,0.7661,1,20.00,25
888,-27.0000,0.7659,0,0.00,400
889,-24.9000,0.7656,1,4.71,340
890,9.1600,0.7654,1,14.71,34
891,8.6500,0.7652,1,9.41,85
892,-2.8000,0.7650,1,7.39,230
893,9.9300,0.7647,1,42.86,7
894,0.4800,0.7645,1,11.84,152
895,3.0200,0.7643,1,5.24,248
896,-29.0000,0.7640,0,0.00,400
897,-19.5000,0.7638,0,0.00,400
898,-28.5000,0.7636,0,0.00,400
899,7.0600,0.7633,1,9.09,44
900,-1.6100,0.7631,1,6.51,261
901,9.8700,0.7629,1,38.46,13
902,2.4400,0.7627,1,6.64,256
903,2.6800,0.7624,1,9.48,232
904,9.5800,0.7622,1,23.81,42
905,-1.6700,0.7620,1,16.24,117
906,8.0900,0.7617,1,24.39,41
907,9.9600,0.7615,1,50.00,4
908,9.8100,0.7613,1,21.05,19
909,9.0300,0.7611,1,17.02,47
910,-1.0000,0.7608,1,11.33,150
911,3.4600,0.7606,1,8.27,254
912,-4.2200,0.7604,1,8.11,222
913,7.5500,0.7601,1,37.78,45
914,-27.5000,0.7599,0,0.00,400
915,5.2800,0.7597,1,11.05,172
916,8.4500,0.7595,1,27.27,55
917,9.9000,0.7592,1,60.00,10
918,5.1900,0.7590,1,13.74,131
919,7.1200,0.7588,1,23.68,38
920,9.9200,0.7586,1,75.00,8
921,7.9600,0.7583,1,11.54,104
922,-0.1300,0.7581,1,16.81,113
923,9.3000,0.7579,1,25.71,70
924,-7.1900,0.7576,1,8.18,269
925,-9.8100,0.7574,1,5.51,381
926,-6.5400,0.7572,1,8.55,304
927,5.1000,0.7570,1,24.44,90
928,9.9200,0.7567,1,50.00,8
929,8.0800,0.7565,1,11.90,42
930,4.9200,0.7563,1,15.52,58
931,9.5900,0.7561,1,21.95,41
932,9.0500,0.7558,1,17.78,45
933,8.0400,0.7556,1,41.30,46
934,6.8900,0.7554,1,18.03,61
935,8.2100,0.7551,1,51.72,29
936,-23.0000,0.7549,0,0.00,400
937,1.4300,0.7547,1,10.83,157
938,7.9400,0.7545,1,12.50,56
939,4.1100,0.7542,1,10.11,89
940,9.8800,0.7540,1,33.33,12
941,9.6800,0.7538,1,50.00,32
942,5.0200,0.7536,1,15.31,98
943,-2.5000,0.7533,1,10.67,150
944,-20.5000,0.7531,0,0.00,400
945,-12.0300,0.7529,1,6.27,303
946,9.3200,0.7527,1,38.89,18
947,9.7900,0.7524,1,23.81,21
948,7.0300,0.7522,1,9.28,97
949,0.1200,0.7520,1,13.04,138
950,6.5000,0.7518,1,20.00,50
951,7.5400,0.7515,1,12.33,146
952,-15.0000,0.7513,0,0.00,400
953,9.8800,0.7511,1,50.00,12
954,7.9400,0.7509,1,19.64,56
955,4.8400,0.7506,1,11.45,166
956,9.5000,0.7504,1,20.00,50
957,3.2600,0.7502,1,8.11,74
958,-2.2400,0.7500,1,7.14,224
959,8.6200,0.7497,1,21.05,38
960,-3.0600,0.7495,1,10.90,156
961,-20.0000,0.7493,0,0.00,400
962,8.7500,0.7491,1,36.00,25
963,8.1600,0.7488,1,20.59,34
964,4.8500,0.7486,1,11.30,115
965,-4.8500,0.7484,1,5.37,335
966,-26.0000,0.7482,0,0.00,400
967,9.6300,0.7479,1,13.51,37
968,9.7900,0.7477,1,9.52,21
969,9.5800,0.7475,1,38.10,42
970,2.8500,0.7473,1,9.70,165
971,-22.5000,0.7470,0,0.00,400
972,-0.9800,0.7468,1,8.78,148
973,8.2700,0.7466,1,15.07,73
974,9.2700,0.7464,1,60.87,23
975,-21.0000,0.7461,0,0.00,400
976,-2.0800,0.7459,1,9.62,208
977,5.4500,0.7457,1,19.05,105
978,9.7100,0.7455,1,10.34,29
979,9.9900,0.7452,1,100.00,1
980,2.7400,0.7450,1,1.81,276
981,5.1200,0.7448,1,15.22,138
982,7.8700,0.7446,1,15.87,63
983,-9.7500,0.7443,1,9.78,225
984,-1.4500,0.7441,1,10.77,195
985,3.0200,0.7439,1,14.19,148
986,3.8600,0.7437,1,14.02,164
987,4.7900,0.7435,1,14.05,121
988,9.9200,0.7432,1,75.00,8
989,4.6400,0.7430,1,27.78,36
990,8.6700,0.7428,1,18.18,33
991,5.5600,0.7426,1,4.55,44
992,-15.0000,0.7423,0,0.00,400
993,6.9500,0.7421,1,20.00,105
994,8.5900,0.7419,1,31.71,41
995,3.7100,0.7417,1,7.75,129
996,-0.3500,0.7415,1,5.37,335
997,0.4600,0.7412,1,12.99,154
998,-1.8600,0.7410,1,11.03,136
999,4.8300,0.7408,1,14.53,117
1000,3.9700,0.7406,1,33.96,53
1001,7.7500,0.7403,1,18.67,75
1002,9.9700,0.7401,1,100.00,3
1003,1.0100,0.7399,1,21.21,99
1004,9.9400,0.7397,1,66.67,6
1005,5.1800,0.7395,1,8.24,182
1006,1.3400,0.7392,1,22.73,66
1007,6.4100,0.7390,1,25.42,59
1008,8.9600,0.7388,1,31.48,54
1009,3.0000,0.7386,1,5.00,100
1010,8.3700,0.7383,1,23.81,63
1011,8.3800,0.7381,1,14.29,112
1012,8.0100,0.7379,1,20.41,49
1013,9.1700,0.7377,1,15.15,33
1014,9.2400,0.7375,1,26.92,26
1015,1.0300,0.7372,1,20.62,97
1016,9.1100,0.7370,1,25.64,39
1017,4.2200,0.7368,1,17.95,78
1018,9.1600,0.7366,1,26.47,34
1019,7.6200,0.7364,1,36.84,38
1020,5.0700,0.7361,1,16.13,93
1021,7.1000,0.7359,1,22.50,40
1022,8.3200,0.7357,1,33.33,18
1023,4.5800,0.7355,1,23.81,42
1024,1.3400,0.7352,1,9.26,216
1025,2.3700,0.7350,1,18.58,113
1026,-2.2000,0.7348,1,5.68,370
1027,8.8700,0.7346,1,30.77,13
1028,3.5900,0.7344,1,17.02,141
1029,9.9300,0.7341,1,71.43,7
1030,8.4200,0.7339,1,24.14,58
1031,8.6600,0.7337,1,25.00,84
1032,4.2100,0.7335,1,13.92,79
1033,4.7500,0.7333,1,17.33,75
1034,9.8600,0.7330,1,42.86,14
1035,9.6600,0.7328,1,11.76,34
1036,5.4400,0.7326,1,19.64,56
1037,7.8100,0.7324,1,20.29,69
1038,2.4500,0.7322,1,14.29,105
1039,5.9700,0.7319,1,14.38,153
1040,5.2900,0.7317,1,17.36,121
1041,9.0100,0.7315,1,32.65,49
1042,7.3500,0.7313,1,13.85,65
1043,9.5800,0.7311,1,28.57,42
1044,4.2400,0.7309,1,15.79,76
1045,-0.6500,0.7306,1,8.37,215
1046,8.6600,0.7304,1,22.62,84
1047,9.8700,0.7302,1,23.08,13
1048,-2.4000,0.7300,1,11.05,190
1049,8.1400,0.7298,1,13.95,86
1050,9.8000,0.7295,1,40.00,20
1051,3.4500,0.7293,1,20.00,105
1052,8.0600,0.7291,1,25.00,44
1053,6.9200,0.7289,1,12.96,108
1054,7.7200,0.7287,1,39.29,28
1055,8.2000,0.7284,1,25.00,80
1056,1.4800,0.7282,1,12.50,152
1057,1.4100,0.7280,1,22.02,109
1058,9.7500,0.7278,1,40.00,25
1059,6.0400,0.7276,1,28.26,46
1060,9.9800,0.7273,1,100.00,2
1061,6.3400,0.7271,1,18.18,66
1062,2.9800,0.7269,1,7.84,102
1063,5.3800,0.7267,1,16.96,112
1064,0.6900,0.7265,1,15.27,131
1065,6.3500,0.7263,1,15.38,65
1066,7.3800,0.7260,1,22.58,62
1067,3.4400,0.7258,1,13.46,156
1068,5.1000,0.7256,1,15.00,140
1069,2.4600,0.7254,1,11.54,104
1070,4.9000,0.7252,1,10.62,160
1071,9.8100,0.7250,1,57.89,19
1072,7.8500,0.7247,1,20.00,15
1073,9.0600,0.7245,1,21.28,94
1074,5.6000,0.7243,1,9.29,140
1075,6.8700,0.7241,1,28.57,63
1076,4.8900,0.7239,1,13.51,111
1077,9.1600,0.7236,1,50.00,34
1078,9.6200,0.7234,1,15.79,38
1079,3.5200,0.7232,1,15.31,98
1080,9.9300,0.7230,1,71.43,7
1081,1.8400,0.7228,1,11.45,166
1082,5.9300,0.7226,1,24.56,57
1083,6.8400,0.7223,1,20.69,116
1084,9.4100,0.7221,1,66.67,9
1085,9.7200,0.7219,1,28.57,28
1086,-5.8000,0.7217,1,16.92,130
1087,9.8600,0.7215,1,42.86,14
1088,7.4000,0.7213,1,21.67,60
1089,7.4400,0.7210,1,14.10,156
1090,6.9800,0.7208,1,21.57,102
1091,6.8600,0.7206,1,23.44,64
1092,9.2100,0.7204,1,13.79,29
1093,6.8200,0.7202,1,21.19,118
1094,9.8600,0.7200,1,42.86,14
1095,9.5200,0.7198,1,8.33,48
1096,4.3100,0.7195,1,15.97,119
1097,7.5400,0.7193,1,21.74,46
1098,9.2800,0.7191,1,13.64,22
1099,9.7400,0.7189,1,46.15,26
1100,8.9100,0.7187,1,66.67,9
1101,7.2200,0.7185,1,25.64,78
1102,8.6300,0.7182,1,24.32,37
1103,9.8000,0.7180,1,50.00,20
1104,7.4000,0.7178,1,6.67,60
1105,7.8000,0.7176,1,27.14,70
1106,5.9500,0.7174,1,20.00,55
1107,3.4700,0.7172,1,17.48,103
1108,8.1900,0.7169,1,18.52,81
1109,9.8800,0.7167,1,33.33,12
1110,9.9200,0.7165,1,50.00,8
1111,7.6000,0.7163,1,20.00,40
1112,3.1700,0.7161,1,12.78,133
1113,8.6800,0.7159,1,25.61,82
1114,6.1100,0.7157,1,20.22,89
1115,9.3500,0.7154,1,40.00,15
1116,9.1300,0.7152,1,16.22,37
1117,2.9000,0.7150,1,10.62,160
1118,7.5500,0.7148,1,28.89,45
1119,9.9400,0.7146,1,33.33,6
1120,-0.4500,0.7144,1,10.26,195
1121,2.5700,0.7142,1,12.59,143
1122,5.7400,0.7139,1,17.46,126
1123,9.9300,0.7137,1,14.29,7
1124,5.5200,0.7135,1,15.31,98
1125,3.0600,0.7133,1,21.28,94
1126,3.7200,0.7131,1,16.41,128
1127,-3.3300,0.7129,1,10.30,233
1128,6.1500,0.7127,1,13.33,135
1129,7.1400,0.7124,1,9.56,136
1130,4.7400,0.7122,1,25.00,76
1131,6.3600,0.7120,1,17.54,114
1132,3.8700,0.7118,1,18.58,113
1133,7.7800,0.7116,1,22.22,72
1134,6.1900,0.7114,1,23.46,81
1135,9.2500,0.7112,1,32.00,25
1136,5.1600,0.7110,1,21.43,84
1137,7.0800,0.7107,1,19.57,92
1138,5.5300,0.7105,1,19.59,97
1139,9.7300,0.7103,1,33.33,27
1140,9.6300,0.7101,1,51.35,37
1141,8.0500,0.7099,1,13.33,45
1142,9.8800,0.7097,1,33.33,12
1143,8.0300,0.7095,1,34.04,47
1144,7.1700,0.7092,1,27.71,83
1145,9.8800,0.7090,1,16.67,12
1146,-3.4200,0.7088,1,15.49,142
1147,8.1600,0.7086,1,25.00,84
1148,-0.9100,0.7084,1,14.18,141
1149,9.8800,0.7082,1,33.33,12
1150,1.9200,0.7080,1,7.69,208
1151,5.7000,0.7078,1,12.50,80
1152,9.9200,0.7075,1,50.00,8
1153,7.0600,0.7073,1,12.77,94
1154,0.6100,0.7071,1,6.28,239
1155,2.9900,0.7069,1,10.60,151
1156,8.6800,0.7067,1,12.50,32
1157,7.5300,0.7065,1,14.43,97
1158,8.1200,0.7063,1,15.79,38
1159,9.2700,0.7061,1,34.78,23
1160,5.8000,0.7059,1,18.57,70
1161,5.7900,0.7056,1,25.35,71
1162,7.7400,0.7054,1,26.32,76
1163,5.5500,0.7052,1,25.26,95
1164,5.6500,0.7050,1,8.57,35
1165,9.3500,0.7048,1,40.00,15
1166,6.7500,0.7046,1,26.67,75
1167,7.7100,0.7044,1,31.03,29
1168,5.5800,0.7042,1,20.65,92
1169,8.9200,0.7039,1,15.52,58
1170,9.1300,0.7037,1,48.65,37
1171,9.7800,0.7035,1,54.55,22
1172,8.9100,0.7033,1,33.90,59
1173,7.0600,0.7031,1,17.02,94
1174,9.9400,0.7029,1,66.67,6
1175,9.8100,0.7027,1,26.32,19
1176,7.8000,0.7025,1,20.00,20
1177,5.7200,0.7023,1,21.79,78
1178,8.6200,0.7020,1,34.21,38
1179,9.6400,0.7018,1,5.56,36
1180,7.5300,0.7016,1,14.89,47
1181,2.3000,0.7014,1,5.45,220
1182,6.8000,0.7012,1,21.43,70
1183,9.9100,0.7010,1,11.11,9
1184,9.9300,0.7008,1,71.43,7
1185,9.7800,0.7006,1,36.36,22
1186,8.7600,0.7004,1,33.33,24
1187,9.7500,0.7002,1,44.00,25
1188,7.1600,0.6999,1,14.71,34
1189,9.7600,0.6997,1,33.33,24
1190,6.4400,0.6995,1,39.29,56
1191,5.4700,0.6993,1,9.80,153
1192,5.0700,0.6991,1,16.13,93
1193,4.3100,0.6989,1,13.02,169
1194,9.7200,0.6987,1,28.57,28
1195,6.8500,0.6985,1,23.08,65
1196,6.9100,0.6983,1,13.76,109
1197,6.1400,0.6981,1,19.77,86
1198,9.5600,0.6978,1,18.18,44
1199,2.4000,0.6976,1,13.12,160
1200,7.5900,0.6974,1,26.83,41
1201,7.6400,0.6972,1,27.78,36
1202,9.5300,0.6970,1,31.91,47
1203,9.8500,0.6968,1,33.33,15
1204,9.9200,0.6966,1,50.00,8
1205,9.2200,0.6964,1,28.21,78
1206,8.5000,0.6962,1,21.00,100
1207,9.5600,0.6960,1,27.27,44
1208,4.7600,0.6958,1,22.97,74
1209,4.5800,0.6955,1,14.79,142
1210,8.3200,0.6953,1,26.47,68
1211,8.2600,0.6951,1,17.57,74
1212,8.1600,0.6949,1,26.47,34
1213,2.3400,0.6947,1,14.66,116
1214,8.6400,0.6945,1,27.78,36
1215,8.1500,0.6943,1,40.00,35
1216,8.0800,0.6941,1,45.24,42
1217,6.1900,0.6939,1,20.99,81
1218,-9.1100,0.6937,1,12.42,161
1219,9.3500,0.6935,1,53.33,15
1220,9.5300,0.6933,1,36.17,47
1221,9.1700,0.6930,1,42.42,33
1222,9.8700,0.6928,1,53.85,13
1223,8.9700,0.6926,1,33.96,53
1224,8.3700,0.6924,1,7.98,163
1225,4.7900,0.6922,1,14.05,121
1226,8.4900,0.6920,1,33.33,51
1227,8.1500,0.6918,1,22.35,85
1228,3.6200,0.6916,1,21.59,88
1229,5.2400,0.6914,1,21.05,76
1230,9.2100,0.6912,1,48.28,29
1231,9.9000,0.6910,1,40.00,10
1232,8.9400,0.6908,1,23.21,56
1233,7.8100,0.6906,1,14.49,69
1234,9.3100,0.6904,1,31.58,19
1235,9.6400,0.6901,1,16.67,36
1236,5.9900,0.6899,1,27.45,51
1237,9.8900,0.6897,1,63.64,11
1238,9.2900,0.6895,1,38.10,21
1239,7.9300,0.6893,1,17.54,57
1240,9.0100,0.6891,1,5.05,99
1241,9.6700,0.6889,1,9.09,33
1242,8.8200,0.6887,1,30.88,68
1243,9.6000,0.6885,1,35.00,40
1244,7.0500,0.6883,1,26.67,45
1245,9.2800,0.6881,1,50.00,22
1246,7.6700,0.6879,1,26.51,83
1247,9.4700,0.6877,1,16.98,53
1248,6.5800,0.6875,1,18.48,92
1249,9.8600,0.6873,1,28.57,14
1250,9.0700,0.6870,1,27.91,43
1251,9.7900,0.6868,1,42.86,21
1252,9.2000,0.6866,1,56.67,30
1253,9.6600,0.6864,1,29.41,34
1254,9.6600,0.6862,1,29.41,34
1255,6.3400,0.6860,1,31.82,66
1256,9.2700,0.6858,1,26.09,23
1257,9.4700,0.6856,1,32.08,53
1258,8.6100,0.6854,1,15.73,89
1259,9.9300,0.6852,1,14.29,7
1260,7.7200,0.6850,1,26.92,78
1261,7.0900,0.6848,1,39.02,41
1262,8.1400,0.6846,1,30.56,36
1263,9.7600,0.6844,1,16.67,24
1264,6.1300,0.6842,1,14.60,137
1265,8.8900,0.6840,1,45.45,11
1266,8.1200,0.6838,1,10.23,88
1267,9.7200,0.6835,1,28.57,28
1268,4.2000,0.6833,1,12.22,180
1269,5.2200,0.6831,1,20.51,78
1270,8.3000,0.6829,1,55.00,20
1271,6.9700,0.6827,1,33.96,53
1272,8.5000,0.6825,1,44.00,50
1273,5.3600,0.6823,1,28.12,64
1274,2.9400,0.6821,1,15.09,106
1275,1.8100,0.6819,1,10.92,119
1276,8.3900,0.6817,1,14.75,61
1277,7.3000,0.6815,1,28.57,70
1278,9.8800,0.6813,1,16.67,12
1279,4.4700,0.6811,1,21.36,103
1280,9.8500,0.6809,1,46.67,15
1281,8.7900,0.6807,1,52.38,21
1282,7.2600,0.6805,1,17.57,74
1283,7.5500,0.6803,1,23.16,95
1284,9.7800,0.6801,1,63.64,22
1285,9.6600,0.6799,1,52.94,34
1286,9.7500,0.6797,1,20.00,25
1287,6.7600,0.6795,1,25.68,74
1288,9.0600,0.6793,1,31.82,44
1289,9.2300,0.6791,1,28.57,77
1290,9.5800,0.6788,1,26.19,42
1291,9.2300,0.6786,1,44.44,27
1292,6.9700,0.6784,1,26.42,53
1293,6.3600,0.6782,1,21.05,114
1294,8.3300,0.6780,1,34.33,67
1295,9.8000,0.6778,1,60.00,20
1296,9.6300,0.6776,1,51.35,37
1297,5.3200,0.6774,1,22.22,18
1298,8.6900,0.6772,1,35.48,31
1299,7.6300,0.6770,1,13.79,87
1300,8.8500,0.6768,1,21.54,65
1301,9.0700,0.6766,1,37.21,43
1302,7.3900,0.6764,1,31.15,61
1303,4.9700,0.6762,1,17.48,103
1304,9.2100,0.6760,1,13.79,29
1305,9.8100,0.6758,1,36.84,19
1306,8.6000,0.6756,1,47.50,40
1307,8.7700,0.6754,1,39.13,23
1308,9.6500,0.6752,1,48.57,35
1309,9.6800,0.6750,1,25.00,32
1310,9.3800,0.6748,1,58.33,12
1311,4.9100,0.6746,1,30.51,59
1312,6.6500,0.6744,1,25.88,85
1313,7.7900,0.6742,1,71.43,21
1314,4.9000,0.6740,1,20.00,110
1315,8.7900,0.6738,1,22.54,71
1316,3.3100,0.6736,1,33.33,69
1317,5.3300,0.6734,1,22.39,67
1318,8.6100,0.6732,1,33.33,39
1319,4.0500,0.6730,1,15.79,95
1320,8.6800,0.6728,1,20.73,82
1321,8.7300,0.6726,1,32.47,77
1322,8.8000,0.6724,1,50.00,20
1323,9.8700,0.6722,1,38.46,13
1324,5.8200,0.6720,1,10.29,68
1325,8.1600,0.6718,1,14.71,34
1326,9.9500,0.6716,1,100.00,5
1327,7.8800,0.6714,1,30.65,62
1328,9.6900,0.6712,1,29.03,31
1329,8.0500,0.6710,1,35.56,45
1330,6.5600,0.6707,1,22.73,44
1331,2.7800,0.6705,1,20.83,72
1332,9.4200,0.6703,1,27.59,58
1333,9.7700,0.6701,1,4.35,23
1334,9.8600,0.6699,1,42.86,14
1335,4.7500,0.6697,1,22.67,75
1336,5.5800,0.6695,1,18.48,92
1337,8.6700,0.6693,1,28.92,83
1338,8.5000,0.6691,1,23.00,100
1339,8.6900,0.6689,1,19.75,81
1340,7.1300,0.6687,1,43.24,37
1341,9.2100,0.6685,1,55.17,29
1342,9.0700,0.6683,1,37.21,43
1343,9.1000,0.6681,1,57.50,40
1344,9.0400,0.6679,1,32.61,46
1345,9.8800,0.6677,1,50.00,12
1346,5.6700,0.6675,1,30.12,83
1347,8.1100,0.6673,1,20.51,39
1348,9.8400,0.6671,1,25.00,16
1349,9.6600,0.6669,1,29.41,34
1350,9.5200,0.6667,1,20.83,48
1351,9.2100,0.6665,1,27.59,29
1352,4.5300,0.6663,1,20.62,97
1353,9.2800,0.6661,1,34.72,72
1354,9.1500,0.6659,1,11.43,35
1355,9.3400,0.6657,1,68.75,16
1356,6.7300,0.6655,1,25.97,77
1357,9.0600,0.6653,1,47.73,44
1358,9.2200,0.6651,1,35.71,28
1359,9.9700,0.6649,1,100.00,3
1360,5.3300,0.6647,1,29.85,67
1361,7.3800,0.6645,1,29.03,62
1362,9.4900,0.6643,1,41.18,51
1363,9.6100,0.6641,1,38.46,39
1364,8.4000,0.6639,1,40.00,10
1365,9.8800,0.6637,1,83.33,12
1366,0.9200,0.6635,1,12.04,108
1367,5.9700,0.6633,1,14.56,103
1368,9.9100,0.6631,1,55.56,9
1369,6.6900,0.6629,1,29.03,31
1370,7.2200,0.6627,1,20.51,78
1371,6.3300,0.6625,1,31.34,67
1372,7.6500,0.6623,1,48.57,35
1373,8.3600,0.6622,1,25.00,64
1374,9.8700,0.6620,1,23.08,13
1375,9.8700,0.6618,1,53.85,13
1376,1.8300,0.6616,1,14.37,167
1377,5.8700,0.6614,1,28.57,63
1378,9.4700,0.6612,1,66.67,3
1379,0.2200,0.6610,1,17.97,128
1380,9.3800,0.6608,1,25.81,62
1381,-6.4700,0.6606,1,15.65,147
1382,9.9000,0.6604,1,40.00,10
1383,9.5900,0.6602,1,17.07,41
1384,7.1300,0.6600,1,37.84,37
1385,8.9000,0.6598,1,18.33,60
1386,5.9000,0.6596,1,10.91,110
1387,7.6200,0.6594,1,26.14,88
1388,5.4900,0.6592,1,37.25,51
1389,7.3600,0.6590,1,18.75,64
1390,9.7100,0.6588,1,58.62,29
1391,7.2000,0.6586,1,25.00,80
1392,9.8100,0.6584,1,36.84,19
1393,8.0400,0.6582,1,19.57,46
1394,9.7800,0.6580,1,18.18,22
1395,9.2900,0.6578,1,28.57,21
1396,5.1600,0.6576,1,14.71,34
1397,7.1100,0.6574,1,28.09,89
1398,7.2300,0.6572,1,27.27,77
1399,4.1200,0.6570,1,23.86,88
1400,9.8300,0.6568,1,29.41,17
1401,9.2000,0.6566,1,36.67,30
1402,9.3600,0.6564,1,64.29,14
1403,3.2800,0.6562,1,12.30,122
1404,1.8800,0.6560,1,19.64,112
1405,7.1500,0.6558,1,27.06,85
1406,9.2100,0.6556,1,27.59,29
1407,7.6100,0.6554,1,22.47,89
1408,8.1600,0.6552,1,29.41,34
1409,8.7300,0.6550,1,62.96,27
1410,9.8400,0.6548,1,12.50,16
1411,7.9200,0.6546,1,29.31,58
1412,8.0800,0.6544,1,28.26,92
1413,9.5600,0.6543,1,36.36,44
1414,9.4100,0.6541,1,44.44,9
1415,8.6200,0.6539,1,31.58,38
1416,9.2900,0.6537,1,19.05,21
1417,9.3200,0.6535,1,16.67,18
1418,9.9800,0.6533,1,100.00,2
1419,7.9900,0.6531,1,22.77,101
1420,6.3800,0.6529,1,27.42,62
1421,9.0000,0.6527,1,4.00,50
1422,8.1800,0.6525,1,19.51,82
1423,1.5100,0.6523,1,22.45,49
1424,9.2500,0.6521,1,48.00,25
1425,8.6900,0.6519,1,41.94,31
1426,9.9400,0.6517,1,33.33,6
1427,8.7700,0.6515,1,30.14,73
1428,7.6700,0.6513,1,51.52,33
1429,9.9300,0.6511,1,42.86,7
1430,8.7000,0.6509,1,53.33,30
1431,9.9500,0.6507,1,60.00,5
1432,9.9500,0.6505,1,60.00,5
1433,1.0600,0.6503,1,9.28,194
1434,9.9400,0.6501,1,33.33,6
1435,9.9300,0.6499,1,71.43,7
1436,6.4400,0.6498,1,25.00,56
1437,7.5800,0.6496,1,26.19,42
1438,9.9300,0.6494,1,42.86,7
1439,9.3600,0.6492,1,18.75,64
1440,9.7400,0.6490,1,61.54,26
1441,9.8300,0.6488,1,52.94,17
1442,9.9400,0.6486,1,33.33,6
1443,2.3100,0.6484,1,16.81,119
1444,9.9500,0.6482,1,20.00,5
1445,6.8800,0.6480,1,20.97,62
1446,7.1500,0.6478,1,18.82,85
1447,7.9500,0.6476,1,29.09,55
1448,9.8100,0.6474,1,36.84,19
1449,9.4500,0.6472,1,23.64,55
1450,6.6300,0.6470,1,45.95,37
1451,8.7200,0.6468,1,35.71,28
1452,9.8100,0.6466,1,36.84,19
1453,-3.7700,0.6464,1,17.32,127
1454,9.5800,0.6463,1,38.10,42
1455,7.4900,0.6461,1,24.75,101
1456,7.9500,0.6459,1,32.73,55
1457,9.2200,0.6457,1,67.86,28
1458,8.4500,0.6455,1,27.27,55
1459,9.1800,0.6453,1,59.38,32
1460,6.0900,0.6451,1,24.39,41
1461,9.5700,0.6449,1,55.81,43
1462,1.3200,0.6447,1,16.10,118
1463,5.0500,0.6445,1,22.11,95
1464,9.8000,0.6443,1,50.00,20
1465,3.9100,0.6441,1,17.43,109
1466,7.9000,0.6439,1,28.33,60
1467,8.7000,0.6437,1,26.67,30
1468,9.9700,0.6435,1,33.33,3
1469,9.5300,0.6434,1,27.66,47
1470,9.2300,0.6432,1,59.26,27
1471,9.4000,0.6430,1,50.00,10
1472,5.3200,0.6428,1,26.47,68
1473,0.8900,0.6426,1,11.71,111
1474,6.9800,0.6424,1,32.69,52
1475,9.2400,0.6422,1,80.77,26
1476,9.9200,0.6420,1,25.00,8
1477,9.9000,0.6418,1,80.00,10
1478,9.3700,0.6416,1,61.54,13
1479,8.8100,0.6414,1,36.84,19
1480,9.8600,0.6412,1,28.57,14
1481,3.0400,0.6410,1,20.83,96
1482,8.0600,0.6408,1,38.64,44
1483,7.6000,0.6407,1,25.00,40
1484,9.8500,0.6405,1,60.00,15
1485,6.2500,0.6403,1,25.33,75
1486,9.8700,0.6401,1,23.08,13
1487,8.9400,0.6399,1,41.07,56
1488,8.2400,0.6397,1,57.69,26
1489,7.5900,0.6395,1,36.59,41
1490,8.5400,0.6393,1,17.39,46
1491,9.8300,0.6391,1,88.24,17
1492,6.4200,0.6389,1,37.93,58
1493,8.4400,0.6387,1,21.43,56
1494,9.7900,0.6385,1,61.90,21
1495,9.9500,0.6384,1,60.00,5
1496,7.0000,0.6382,1,42.00,50
1497,6.4200,0.6380,1,41.38,58
1498,-0.6000,0.6378,1,20.91,110
1499,9.3000,0.6376,1,45.00,20
1500,9.8700,0.6374,1,38.46,13
1501,8.5400,0.6372,1,39.13,46
1502,8.9300,0.6370,1,31.58,57
1503,8.1000,0.6368,1,24.44,90
1504,9.9400,0.6366,1,33.33,6
1505,6.1800,0.6364,1,26.83,82
1506,8.0700,0.6362,1,18.60,43
1507,8.4200,0.6361,1,31.03,58
1508,9.1400,0.6359,1,41.67,36
1509,8.4900,0.6357,1,17.65,51
1510,9.4100,0.6355,1,22.22,9
1511,9.9500,0.6353,1,100.00,5
1512,7.7000,0.6351,1,46.67,30
1513,9.0800,0.6349,1,16.67,42
1514,5.1700,0.6347,1,30.12,83
1515,7.8300,0.6345,1,5.97,67
1516,8.2200,0.6343,1,28.21,78
1517,9.3200,0.6342,1,27.78,18
1518,9.8600,0.6340,1,14.29,14
1519,5.5800,0.6338,1,18.48,92
1520,4.7300,0.6336,1,20.78,77
1521,8.0900,0.6334,1,19.51,41
1522,9.6700,0.6332,1,45.45,33
1523,9.6900,0.6330,1,22.58,31
1524,4.4700,0.6328,1,14.56,103
1525,9.2400,0.6326,1,19.23,26
1526,9.9000,0.6324,1,60.00,10
1527,7.8600,0.6323,1,31.25,64
1528,9.8100,0.6321,1,47.37,19
1529,3.8500,0.6319,1,27.69,65
1530,4.6400,0.6317,1,24.42,86
1531,9.6200,0.6315,1,21.05,38
1532,9.8100,0.6313,1,47.37,19
1533,3.8700,0.6311,1,16.81,113
1534,9.9100,0.6309,1,77.78,9
1535,8.6800,0.6307,1,50.00,32
1536,7.8100,0.6305,1,26.32,19
1537,7.7100,0.6304,1,27.85,79
1538,6.8400,0.6302,1,19.70,66
1539,9.1000,0.6300,1,37.50,40
1540,9.0800,0.6298,1,45.24,42
1541,7.9000,0.6296,1,25.00,60
1542,9.3500,0.6294,1,40.00,15
1543,9.4000,0.6292,1,50.00,10
1544,9.9300,0.6290,1,42.86,7
1545,7.8300,0.6288,1,20.90,67
1546,7.0700,0.6287,1,27.91,43
1547,9.7200,0.6285,1,21.43,28
1548,8.7800,0.6283,1,18.18,22
1549,8.9200,0.6281,1,12.07,58
1550,7.2400,0.6279,1,19.23,26
1551,9.9300,0.6277,1,71.43,7
1552,7.9800,0.6275,1,32.69,52
1553,9.8300,0.6273,1,41.18,17
1554,-0.3400,0.6271,1,20.24,84
1555,9.1400,0.6270,1,30.56,36
1556,9.7400,0.6268,1,15.38,26
1557,9.7200,0.6266,1,21.43,28
1558,7.4900,0.6264,1,41.18,51
1559,7.8200,0.6262,1,30.88,68
1560,7.9300,0.6260,1,29.82,57
1561,5.4300,0.6258,1,14.04,57
1562,9.8500,0.6256,1,46.67,15
1563,8.3300,0.6255,1,26.87,67
1564,9.0500,0.6253,1,13.33,45
1565,8.2100,0.6251,1,18.99,79
1566,9.9400,0.6249,1,66.67,6
1567,7.8100,0.6247,1,23.19,69
1568,8.0300,0.6245,1,46.81,47
1569,9.9200,0.6243,1,50.00,8
1570,4.4200,0.6241,1,18.52,108
1571,9.8700,0.6240,1,69.23,13
1572,8.5600,0.6238,1,22.73,44
1573,9.8800,0.6236,1,66.67,12
1574,7.3400,0.6234,1,33.33,66
1575,3.8100,0.6232,1,17.65,119
1576,5.9700,0.6230,1,20.39,103
1577,9.8800,0.6228,1,50.00,12
1578,8.5300,0.6226,1,14.89,47
1579,7.6400,0.6225,1,50.00,36
1580,9.3000,0.6223,1,35.00,20
1581,8.5200,0.6221,1,27.08,48
1582,4.3000,0.6219,1,32.86,70
1583,9.9500,0.6217,1,100.00,5
1584,8.7100,0.6215,1,31.03,29
1585,9.8900,0.6213,1,45.45,11
1586,-0.5800,0.6212,1,5.31,358
1587,9.9300,0.6210,1,71.43,7
1588,8.8600,0.6208,1,28.57,14
1589,9.7800,0.6206,1,27.27,22
1590,8.4600,0.6204,1,14.81,54
1591,9.7600,0.6202,1,41.67,24
1592,8.7700,0.6200,1,30.43,23
1593,6.3800,0.6199,1,22.58,62
1594,9.4100,0.6197,1,18.64,59
1595,8.2000,0.6195,1,32.50,80
1596,9.7100,0.6193,1,34.48,29
1597,9.2900,0.6191,1,47.62,21
1598,8.7300,0.6189,1,22.22,27
1599,6.9800,0.6187,1,26.92,52
1600,9.9600,0.6186,1,100.00,4
1601,9.8000,0.6184,1,60.00,20
1602,6.2800,0.6182,1,30.56,72
1603,9.3300,0.6180,1,58.82,17
1604,9.1200,0.6178,1,21.59,88
1605,9.9200,0.6176,1,50.00,8
1606,6.1000,0.6174,1,24.44,90
1607,9.8300,0.6173,1,64.71,17
1608,3.8900,0.6171,1,16.39,61
1609,9.3400,0.6169,1,68.75,16
1610,7.7100,0.6167,1,25.32,79
1611,9.9700,0.6165,1,33.33,3
1612,9.5700,0.6163,1,32.56,43
1613,9.2700,0.6161,1,43.48,23
1614,9.8500,0.6160,1,46.67,15
1615,7.4300,0.6158,1,31.58,57
1616,9.6000,0.6156,1,32.50,40
1617,8.0600,0.6154,1,29.55,44
1618,9.8900,0.6152,1,27.27,11
1619,9.8400,0.6150,1,50.00,16
1620,4.0400,0.6149,1,19.57,46
1621,8.3100,0.6147,1,42.11,19
1622,9.7900,0.6145,1,14.29,21
1623,9.3000,0.6143,1,55.00,20
1624,9.1400,0.6141,1,25.00,36
1625,9.5500,0.6139,1,31.11,45
1626,7.8500,0.6137,1,30.77,65
1627,9.4500,0.6136,1,80.00,5
1628,7.4600,0.6134,1,33.33,54
1629,7.9900,0.6132,1,24.75,101
1630,7.9000,0.6130,1,25.00,60
1631,8.7000,0.6128,1,46.67,30
1632,9.5600,0.6126,1,27.27,44
1633,9.8500,0.6125,1,33.33,15
1634,9.5600,0.6123,1,27.27,44
1635,9.9800,0.6121,1,100.00,2
1636,-0.7000,0.6119,1,7.04,270
1637,8.0400,0.6117,1,22.92,96
1638,9.8900,0.6115,1,45.45,11
1639,9.1000,0.6114,1,42.50,40
1640,5.3900,0.6112,1,10.81,111
1641,9.8800,0.6110,1,33.33,12
1642,8.6200,0.6108,1,63.16,38
1643,3.7300,0.6106,1,12.99,77
1644,7.6200,0.6104,1,17.05,88
1645,9.3400,0.6103,1,31.25,16
1646,9.2600,0.6101,1,45.83,24
1647,9.8400,0.6099,1,75.00,16
1648,9.9500,0.6097,1,60.00,5
1649,9.1700,0.6095,1,48.48,33
1650,9.7200,0.6093,1,14.29,28
1651,9.3700,0.6092,1,20.63,63
1652,8.0500,0.6090,1,31.11,45
1653,9.9300,0.6088,1,71.43,7
1654,9.0500,0.6086,1,31.11,45
1655,9.5000,0.6084,1,40.00,50
1656,9.8700,0.6082,1,53.85,13
1657,8.4700,0.6081,1,33.96,53
1658,9.9600,0.6079,1,100.00,4
1659,9.1300,0.6077,1,54.05,37
1660,9.9300,0.6075,1,71.43,7
1661,9.8500,0.6073,1,46.67,15
1662,8.5400,0.6072,1,39.13,46
1663,8.6700,0.6070,1,22.89,83
1664,8.0800,0.6068,1,19.57,92
1665,7.6400,0.6066,1,38.89,36
1666,9.8000,0.6064,1,30.00,20
1667,7.4500,0.6062,1,23.64,55
1668,9.6500,0.6061,1,31.43,35
1669,7.4600,0.6059,1,37.04,54
1670,9.0200,0.6057,1,39.58,48
1671,9.6700,0.6055,1,63.64,33
1672,9.7700,0.6053,1,47.83,23
1673,8.5600,0.6052,1,31.82,44
1674,9.2700,0.6050,1,17.39,23
1675,7.2400,0.6048,1,30.26,76
1676,9.8200,0.6046,1,55.56,18
1677,9.9000,0.6044,1,40.00,10
1678,9.8800,0.6042,1,16.67,12
1679,9.7700,0.6041,1,30.43,23
1680,8.5400,0.6039,1,30.43,46
1681,9.1300,0.6037,1,27.03,37
1682,-22.5000,0.6035,0,0.00,400
1683,9.3400,0.6033,1,27.27,66
1684,9.8500,0.6032,1,33.33,15
1685,9.8000,0.6030,1,30.00,20
1686,9.8000,0.6028,1,50.00,20
1687,9.9300,0.6026,1,100.00,7
1688,9.9100,0.6024,1,33.33,9
1689,8.9800,0.6023,1,32.69,52
1690,9.9200,0.6021,1,75.00,8
1691,9.2400,0.6019,1,73.08,26
1692,8.6700,0.6017,1,26.51,83
1693,9.1200,0.6015,1,39.47,38
1694,9.3000,0.6014,1,60.00,20
1695,9.6800,0.6012,1,43.75,32
1696,9.1700,0.6010,1,30.30,33
1697,6.8900,0.6008,1,19.67,61
1698,8.7200,0.6006,1,35.71,28
1699,8.5600,0.6004,1,54.55,44
1700,8.3400,0.6003,1,30.30,66
1701,9.9000,0.6001,1,80.00,10
1702,8.5700,0.5999,1,44.19,43
1703,9.9200,0.5997,1,25.00,8
1704,8.4900,0.5995,1,49.02,51
1705,9.4200,0.5994,1,37.50,8
1706,9.8800,0.5992,1,16.67,12
1707,9.9300,0.5990,1,71.43,7
1708,6.9700,0.5988,1,41.51,53
1709,4.8000,0.5987,1,15.83,120
1710,8.5600,0.5985,1,29.55,44
1711,9.1000,0.5983,1,12.50,40
1712,8.1400,0.5981,1,47.22,36
1713,9.6400,0.5979,1,44.44,36
1714,6.7200,0.5978,1,28.57,28
1715,8.7600,0.5976,1,32.43,74
1716,9.6800,0.5974,1,43.75,32
1717,6.9700,0.5972,1,32.08,53
1718,8.2000,0.5970,1,60.00,30
1719,6.9200,0.5969,1,36.21,58
1720,7.6200,0.5967,1,31.58,38
1721,9.2300,0.5965,1,29.63,27
1722,7.4800,0.5963,1,34.62,52
1723,7.4900,0.5961,1,21.57,51
1724,9.7500,0.5960,1,28.00,25
1725,9.9400,0.5958,1,100.00,6
1726,7.1300,0.5956,1,21.84,87
1727,9.7500,0.5954,1,52.00,25
1728,9.2100,0.5952,1,41.38,29
1729,6.2000,0.5951,1,30.00,80
1730,7.7700,0.5949,1,30.14,73
1731,9.8300,0.5947,1,41.18,17
1732,7.8900,0.5945,1,36.07,61
1733,9.7100,0.5944,1,37.93,29
1734,9.2200,0.5942,1,17.86,28
1735,6.3400,0.5940,1,30.30,66
1736,9.8600,0.5938,1,42.86,14
1737,8.0100,0.5936,1,42.86,49
1738,7.0900,0.5935,1,16.48,91
1739,8.3300,0.5933,1,32.84,67
1740,9.6700,0.5931,1,27.27,33
1741,6.7300,0.5929,1,22.08,77
1742,9.6300,0.5928,1,45.95,37
1743,9.9300,0.5926,1,42.86,7
1744,9.9700,0.5924,1,100.00,3
1745,9.7900,0.5922,1,23.81,21
1746,9.7100,0.5920,1,51.72,29
1747,8.5100,0.5919,1,30.61,49
1748,8.8300,0.5917,1,23.88,67
1749,8.9300,0.5915,1,26.32,57
1750,9.1200,0.5913,1,28.95,38
1751,9.8800,0.5912,1,66.67,12
1752,9.9000,0.5910,1,80.00,10
1753,4.9600,0.5908,1,18.27,104
1754,9.9900,0.5906,1,100.00,1
1755,0.4600,0.5904,1,24.04,104
1756,9.9700,0.5903,1,100.00,3
1757,9.6700,0.5901,1,21.21,33
1758,9.7900,0.5899,1,61.90,21
1759,9.7500,0.5897,1,52.00,25
1760,6.5400,0.5896,1,30.43,46
1761,6.6800,0.5894,1,25.61,82
1762,4.2500,0.5892,1,26.67,75
1763,8.0400,0.5890,1,36.96,46
1764,9.2900,0.5889,1,28.57,21
1765,-1.3300,0.5887,1,18.05,133
1766,9.0300,0.5885,1,21.28,47
1767,8.8400,0.5883,1,37.50,16
1768,5.6600,0.5881,1,25.00,84
1769,9.9300,0.5880,1,71.43,7
1770,9.9700,0.5878,1,100.00,3
1771,9.7600,0.5876,1,33.33,24
1772,9.9400,0.5874,1,66.67,6
1773,9.9300,0.5873,1,42.86,7
1774,9.8000,0.5871,1,50.00,20
1775,8.9600,0.5869,1,27.78,54
1776,7.7500,0.5867,1,36.00,25
1777,9.7900,0.5866,1,33.33,21
1778,9.9500,0.5864,1,60.00,5
1779,9.3700,0.5862,1,30.77,13
1780,9.0800,0.5860,1,40.48,42
1781,9.9000,0.5859,1,40.00,10
1782,9.6500,0.5857,1,25.71,35
1783,7.3400,0.5855,1,27.27,66
1784,8.6600,0.5853,1,29.41,34
1785,9.8700,0.5852,1,38.46,13
1786,9.8200,0.5850,1,44.44,18
1787,8.5000,0.5848,1,28.00,50
1788,9.8500,0.5846,1,33.33,15
1789,9.2600,0.5845,1,32.43,74
1790,9.8100,0.5843,1,36.84,19
1791,9.2900,0.5841,1,57.14,21
1792,9.3800,0.5839,1,29.03,62
1793,9.9700,0.5838,1,100.00,3
1794,9.0300,0.5836,1,46.81,47
1795,9.8000,0.5834,1,30.00,20
1796,9.9100,0.5832,1,55.56,9
1797,8.6800,0.5831,1,50.00,32
1798,9.9000,0.5829,1,80.00,10
1799,8.8600,0.5827,1,29.69,64
1800,7.5900,0.5825,1,36.59,41
1801,9.7600,0.5824,1,58.33,24
1802,3.5800,0.5822,1,20.65,92
1803,-1.9600,0.5820,1,10.27,146
1804,9.3200,0.5818,1,27.78,18
1805,8.5500,0.5817,1,24.44,45
1806,7.9400,0.5815,1,37.50,56
1807,4.6900,0.5813,1,17.28,81
1808,9.1700,0.5811,1,30.30,33
1809,7.3800,0.5810,1,25.81,62
1810,8.7500,0.5808,1,52.00,25
1811,9.9400,0.5806,1,100.00,6
1812,9.6800,0.5804,1,50.00,32
1813,6.9600,0.5803,1,24.07,54
1814,9.0700,0.5801,1,51.16,43
1815,9.6100,0.5799,1,53.85,39
1816,9.9800,0.5797,1,100.00,2
1817,8.1300,0.5796,1,54.05,37
1818,9.6000,0.5794,1,40.00,40
1819,6.1100,0.5792,1,24.72,89
1820,6.3100,0.5790,1,30.43,69
1821,9.1700,0.5789,1,39.39,33
1822,9.7300,0.5787,1,55.56,27
1823,9.8500,0.5785,1,73.33,15
1824,9.0600,0.5783,1,31.82,44
1825,9.8000,0.5782,1,30.00,20
1826,9.1700,0.5780,1,33.33,33
1827,9.4400,0.5778,1,28.57,56
1828,8.9800,0.5777,1,21.15,52
1829,9.8800,0.5775,1,50.00,12
1830,4.8200,0.5773,1,22.03,118
1831,9.9500,0.5771,1,100.00,5
1832,8.6300,0.5770,1,35.14,37
1833,9.4200,0.5768,1,20.69,58
1834,9.0800,0.5766,1,30.95,42
1835,8.9800,0.5764,1,30.77,52
1836,9.5900,0.5763,1,29.27,41
1837,9.9200,0.5761,1,75.00,8
1838,9.9800,0.5759,1,100.00,2
1839,9.8200,0.5757,1,66.67,18
1840,9.3300,0.5756,1,11.76,17
1841,9.9700,0.5754,1,100.00,3
1842,9.1100,0.5752,1,25.64,39
1843,9.0500,0.5751,1,24.21,95
1844,9.5800,0.5749,1,42.86,42
1845,5.6000,0.5747,1,22.50,40
1846,9.6800,0.5745,1,43.75,32
1847,9.7500,0.5744,1,28.00,25
1848,9.6700,0.5742,1,27.27,33
1849,8.6300,0.5740,1,40.54,37
1850,9.7300,0.5739,1,33.33,27
1851,8.7000,0.5737,1,33.33,30
1852,9.2100,0.5735,1,34.48,29
1853,9.0900,0.5733,1,19.51,41
1854,9.6800,0.5732,1,50.00,32
1855,9.7900,0.5730,1,23.81,21
1856,9.8900,0.5728,1,63.64,11
1857,8.9600,0.5726,1,27.78,54
1858,6.6800,0.5725,1,31.25,32
1859,9.1800,0.5723,1,40.62,32
1860,8.4000,0.5721,1,36.67,60
1861,9.9100,0.5720,1,100.00,9
1862,9.6000,0.5718,1,32.50,40
1863,9.7700,0.5716,1,47.83,23
1864,9.6000,0.5714,1,55.00,40
1865,9.3200,0.5713,1,32.35,68
1866,8.9300,0.5711,1,14.04,57
1867,9.8800,0.5709,1,50.00,12
1868,9.7100,0.5708,1,58.62,29
1869,6.4800,0.5706,1,26.92,52
1870,8.3000,0.5704,1,20.00,70
1871,9.7000,0.5702,1,40.00,30
1872,9.6200,0.5701,1,47.37,38
1873,7.5800,0.5699,1,40.48,42
1874,7.5700,0.5697,1,39.53,43
1875,8.7800,0.5696,1,45.45,22
1876,8.9900,0.5694,1,31.37,51
1877,9.3700,0.5692,1,76.92,13
1878,7.7000,0.5691,1,36.67,30
1879,8.9000,0.5689,1,21.67,60
1880,7.9000,0.5687,1,28.33,60
1881,9.5100,0.5685,1,51.02,49
1882,5.1100,0.5684,1,22.47,89
1883,9.2900,0.5682,1,47.62,21
1884,9.1700,0.5680,1,30.30,33
1885,9.7100,0.5679,1,24.14,29
1886,9.4400,0.5677,1,50.00,6
1887,9.6400,0.5675,1,27.78,36
1888,9.6700,0.5673,1,39.39,33
1889,8.0200,0.5672,1,20.83,48
1890,9.9600,0.5670,1,50.00,4
1891,9.3300,0.5668,1,47.06,17
1892,9.0100,0.5667,1,36.73,49
1893,9.9900,0.5665,1,100.00,1
1894,9.8500,0.5663,1,60.00,15
1895,7.4200,0.5662,1,37.93,58
1896,9.0500,0.5660,1,48.89,45
1897,6.7200,0.5658,1,35.71,28
1898,8.5300,0.5656,1,44.68,47
1899,9.8000,0.5655,1,60.00,20
1900,9.9500,0.5653,1,60.00,5
1901,9.8300,0.5651,1,29.41,17
1902,9.6500,0.5650,1,48.57,35
1903,9.9900,0.5648,1,100.00,1
1904,9.8600,0.5646,1,85.71,14
1905,9.6500,0.5645,1,31.43,35
1906,9.8400,0.5643,1,50.00,16
1907,9.6800,0.5641,1,65.62,32
1908,5.2300,0.5640,1,32.47,77
1909,9.0200,0.5638,1,47.92,48
1910,8.7800,0.5636,1,45.45,22
1911,9.0200,0.5634,1,18.75,48
1912,8.4900,0.5633,1,29.41,51
1913,6.5600,0.5631,1,22.34,94
1914,9.9400,0.5629,1,66.67,6
1915,8.6300,0.5628,1,45.95,37
1916,8.5900,0.5626,1,48.78,41
1917,9.2100,0.5624,1,41.38,29
1918,7.2600,0.5623,1,27.03,74
1919,6.1700,0.5621,1,20.48,83
1920,9.3500,0.5619,1,40.00,15
1921,7.3700,0.5618,1,36.51,63
1922,9.2400,0.5616,1,65.38,26
1923,9.1800,0.5614,1,43.75,32
1924,9.3300,0.5613,1,31.34,67
1925,9.9500,0.5611,1,100.00,5
1926,9.8900,0.5609,1,27.27,11
1927,9.7500,0.5607,1,60.00,25
1928,8.5400,0.5606,1,34.78,46
1929,9.9600,0.5604,1,100.00,4
1930,9.8100,0.5602,1,78.95,19
1931,9.7500,0.5601,1,28.00,25
1932,9.7700,0.5599,1,13.04,23
1933,9.9800,0.5597,1,100.00,2
1934,8.9500,0.5596,1,36.36,55
1935,9.6800,0.5594,1,25.00,32
1936,6.2400,0.5592,1,26.32,76
1937,9.2600,0.5591,1,29.17,24
1938,7.8500,0.5589,1,33.85,65
1939,7.8600,0.5587,1,29.69,64
1940,9.1600,0.5586,1,29.76,84
1941,5.3200,0.5584,1,20.59,68
1942,6.5100,0.5582,1,22.22,99
1943,7.7800,0.5581,1,29.17,72
1944,1.0700,0.5579,1,13.99,143
1945,9.5100,0.5577,1,42.86,49
1946,4.8100,0.5576,1,26.09,69
1947,7.8700,0.5574,1,34.92,63
1948,9.1600,0.5572,1,67.65,34
1949,8.7900,0.5571,1,30.99,71
1950,9.9800,0.5569,1,100.00,2
1951,8.9900,0.5567,1,50.98,51
1952,9.7500,0.5566,1,36.00,25
1953,6.2700,0.5564,1,26.09,23
1954,9.4200,0.5562,1,24.14,58
1955,9.4600,0.5561,1,38.89,54
1956,9.6200,0.5559,1,26.32,38
1957,9.8400,0.5557,1,50.00,16
1958,8.6700,0.5556,1,51.52,33
1959,9.6600,0.5554,1,29.41,34
1960,9.3500,0.5552,1,29.23,65
1961,7.4000,0.5551,1,33.33,60
1962,9.9400,0.5549,1,33.33,6
1963,9.6000,0.5547,1,30.00,40
1964,9.7200,0.5546,1,46.43,28
1965,9.7500,0.5544,1,68.00,25
1966,9.3000,0.5542,1,45.00,20
1967,9.6700,0.5541,1,27.27,33
1968,8.0600,0.5539,1,29.55,44
1969,8.8800,0.5537,1,33.87,62
1970,9.9000,0.5536,1,80.00,10
1971,8.3200,0.5534,1,16.67,18
1972,8.6300,0.5532,1,56.76,37
1973,8.0500,0.5531,1,15.79,95
1974,9.4400,0.5529,1,66.67,6
1975,8.9300,0.5527,1,28.07,57
1976,9.8600,0.5526,1,71.43,14
1977,9.3500,0.5524,1,40.00,15
1978,9.8900,0.5522,1,81.82,11
1979,7.4700,0.5521,1,41.51,53
1980,8.7000,0.5519,1,20.00,30
1981,9.8700,0.5517,1,84.62,13
1982,9.6600,0.5516,1,52.94,34
1983,9.3000,0.5514,1,55.00,20
1984,9.9600,0.5512,1,100.00,4
1985,9.6900,0.5511,1,54.84,31
1986,9.8600,0.5509,1,57.14,14
1987,5.8600,0.5507,1,32.81,64
1988,9.7400,0.5506,1,30.77,26
1989,9.8700,0.5504,1,53.85,13
1990,9.8200,0.5502,1,44.44,18
1991,9.5400,0.5501,1,13.04,46
1992,9.2800,0.5499,1,31.82,22
1993,9.9400,0.5498,1,33.33,6
1994,8.7900,0.5496,1,52.38,21
1995,9.5900,0.5494,1,31.71,41
1996,9.2500,0.5493,1,32.00,25
1997,9.3500,0.5491,1,40.00,15
1998,6.3400,0.5489,1,36.36,66
1999,6.8400,0.5488,1,30.30,66
2000,9.9100,0.5486,1,55.56,9
2001,9.0400,0.5484,1,23.91,46
2002,6.5900,0.5483,1,25.27,91
2003,9.1400,0.5481,1,8.33,36
2004,7.4800,0.5479,1,34.62,52
2005,9.9100,0.5478,1,33.33,9
2006,8.0000,0.5476,1,42.00,50
2007,9.7800,0.5474,1,27.27,22
2008,8.6300,0.5473,1,56.76,37
2009,9.8400,0.5471,1,25.00,16
2010,9.9100,0.5470,1,33.33,9
2011,9.5600,0.5468,1,13.64,44
2012,9.8700,0.5466,1,84.62,13
2013,9.6000,0.5465,1,30.00,40
2014,8.7200,0.5463,1,57.14,28
2015,7.3000,0.5461,1,15.83,120
2016,7.2000,0.5460,1,40.00,30
2017,1.6100,0.5458,1,20.22,89
2018,9.6600,0.5456,1,35.29,34
2019,9.5400,0.5455,1,47.83,46
2020,9.4700,0.5453,1,39.62,53
2021,7.9100,0.5452,1,35.59,59
2022,8.7900,0.5450,1,71.43,21
2023,9.0400,0.5448,1,28.26,46
2024,9.0400,0.5447,1,45.65,46
2025,8.3600,0.5445,1,32.81,64
2026,6.0800,0.5443,1,17.39,92
2027,9.9700,0.5442,1,100.00,3
2028,9.1900,0.5440,1,45.16,31
2029,7.3100,0.5438,1,34.78,69
2030,9.2600,0.5437,1,37.50,24
2031,9.4000,0.5435,1,50.00,10
2032,7.0900,0.5434,1,34.15,41
2033,9.9800,0.5432,1,100.00,2
2034,9.2600,0.5430,1,62.50,24
2035,9.7100,0.5429,1,55.17,29
2036,9.3900,0.5427,1,36.36,11
2037,9.4100,0.5425,1,30.51,59
2038,8.7200,0.5424,1,35.71,28
2039,9.9600,0.5422,1,100.00,4
2040,9.9200,0.5421,1,50.00,8
2041,9.9500,0.5419,1,60.00,5
2042,6.4700,0.5417,1,32.08,53
2043,9.9300,0.5416,1,71.43,7
2044,9.8700,0.5414,1,53.85,13
2045,9.3900,0.5412,1,39.34,61
2046,8.2300,0.5411,1,51.85,27
2047,8.0400,0.5409,1,36.96,46
2048,9.3100,0.5408,1,52.63,19
2049,9.9600,0.5406,1,50.00,4
2050,4.6500,0.5404,1,21.18,85
2051,9.0600,0.5403,1,34.09,44
2052,8.8300,0.5401,1,52.94,17
2053,9.4100,0.5399,1,44.44,9
2054,8.0000,0.5398,1,34.00,50
2055,8.6500,0.5396,1,42.86,35
2056,9.6000,0.5395,1,50.00,40
2057,6.7800,0.5393,1,29.17,72
2058,9.3300,0.5391,1,58.82,17
2059,9.9300,0.5390,1,14.29,7
2060,9.4600,0.5388,1,33.33,54
2061,9.7600,0.5386,1,41.67,24
2062,4.8600,0.5385,1,26.56,64
2063,6.5400,0.5383,1,39.13,46
2064,9.9300,0.5382,1,42.86,7
2065,9.8200,0.5380,1,55.56,18
2066,9.8000,0.5378,1,30.00,20
2067,9.4900,0.5377,1,25.49,51
2068,8.7600,0.5375,1,33.33,24
2069,8.6200,0.5374,1,21.05,38
2070,8.0600,0.5372,1,34.09,44
2071,9.8600,0.5370,1,28.57,14
2072,9.7100,0.5369,1,58.62,29
2073,9.2300,0.5367,1,29.63,27
2074,9.5400,0.5366,1,52.17,46
2075,9.8700,0.5364,1,38.46,13
2076,9.7900,0.5362,1,23.81,21
2077,9.9500,0.5361,1,100.00,5
2078,9.6200,0.5359,1,63.16,38
2079,9.8500,0.5357,1,33.33,15
2080,9.8500,0.5356,1,60.00,15
2081,9.8300,0.5354,1,64.71,17
2082,7.4800,0.5353,1,23.08,52
2083,9.8800,0.5351,1,33.33,12
2084,9.7800,0.5349,1,81.82,22
2085,9.2700,0.5348,1,52.17,23
2086,9.6400,0.5346,1,41.67,36
2087,8.7900,0.5345,1,30.99,71
2088,7.9000,0.5343,1,35.00,60
2089,9.9400,0.5341,1,33.33,6
2090,6.6100,0.5340,1,17.95,39
2091,9.9000,0.5338,1,80.00,10
2092,9.3700,0.5337,1,76.92,13
2093,9.7000,0.5335,1,46.67,30
2094,9.7800,0.5333,1,54.55,22
2095,8.9500,0.5332,1,36.36,55
2096,9.8700,0.5330,1,38.46,13
2097,9.8200,0.5329,1,44.44,18
2098,9.2100,0.5327,1,34.48,29
2099,9.7900,0.5325,1,42.86,21
2100,9.6700,0.5324,1,33.33,33
2101,9.6100,0.5322,1,38.46,39
2102,9.9300,0.5321,1,42.86,7
2103,9.8800,0.5319,1,83.33,12
2104,8.1000,0.5317,1,37.50,40
2105,9.7300,0.5316,1,48.15,27
2106,9.8200,0.5314,1,22.22,18
2107,9.1000,0.5313,1,57.50,40
2108,9.1500,0.5311,1,45.71,35
2109,7.2500,0.5309,1,20.00,75
2110,9.3000,0.5308,1,35.00,20
2111,9.8500,0.5306,1,33.33,15
2112,7.0500,0.5305,1,35.56,45
2113,-0.9600,0.5303,1,8.22,146
2114,8.6000,0.5302,1,47.50,40
2115,8.3800,0.5300,1,25.81,62
2116,9.8600,0.5298,1,57.14,14
2117,6.4200,0.5297,1,12.04,108
2118,7.9500,0.5295,1,30.91,55
2119,9.7200,0.5294,1,64.29,28
2120,8.7300,0.5292,1,62.96,27
2121,6.7800,0.5290,1,36.11,72
2122,9.5300,0.5289,1,17.02,47
2123,9.7000,0.5287,1,40.00,30
2124,9.4200,0.5286,1,41.38,58
2125,9.6500,0.5284,1,42.86,35
2126,9.0400,0.5282,1,32.61,46
2127,9.0400,0.5281,1,32.61,46
2128,9.6500,0.5279,1,31.43,35
2129,9.4400,0.5278,1,66.67,6
2130,9.7400,0.5276,1,46.15,26
2131,9.9000,0.5275,1,20.00,10
2132,8.6200,0.5273,1,42.11,38
2133,9.9200,0.5271,1,50.00,8
2134,8.5500,0.5270,1,37.78,45
2135,8.8700,0.5268,1,34.92,63
2136,5.8000,0.5267,1,32.86,70
2137,9.1000,0.5265,1,17.50,40
2138,8.9000,0.5263,1,35.00,60
2139,7.0600,0.5262,1,38.64,44
2140,9.9300,0.5260,1,71.43,7
2141,9.4500,0.5259,1,20.00,55
2142,6.8600,0.5257,1,29.69,64
2143,8.2100,0.5256,1,34.48,29
2144,9.7400,0.5254,1,46.15,26
2145,7.5800,0.5252,1,42.86,42
2146,9.8700,0.5251,1,38.46,13
2147,9.0600,0.5249,1,34.09,44
2148,9.6500,0.5248,1,31.43,35
2149,9.1100,0.5246,1,53.85,39
2150,9.1000,0.5245,1,42.50,40
2151,7.9800,0.5243,1,28.85,52
2152,9.8900,0.5241,1,63.64,11
2153,9.3200,0.5240,1,27.78,18
2154,8.2700,0.5238,1,27.40,73
2155,8.6900,0.5237,1,35.48,31
2156,8.3500,0.5235,1,32.31,65
2157,9.2900,0.5234,1,23.81,21
2158,9.6900,0.5232,1,48.39,31
2159,9.8900,0.5230,1,63.64,11
2160,9.2800,0.5229,1,22.73,22
2161,9.7500,0.5227,1,84.00,25
2162,8.0900,0.5226,1,39.02,41
2163,8.0800,0.5224,1,21.43,42
2164,9.9700,0.5223,1,100.00,3
2165,9.9800,0.5221,1,100.00,2
2166,9.3300,0.5219,1,58.82,17
2167,9.7800,0.5218,1,63.64,22
2168,4.7400,0.5216,1,14.29,126
2169,7.9800,0.5215,1,38.46,52
2170,9.9600,0.5213,1,100.00,4
2171,2.3300,0.5212,1,17.95,117
2172,9.9100,0.5210,1,77.78,9
2173,9.7500,0.5208,1,68.00,25
2174,9.9100,0.5207,1,33.33,9
2175,3.3800,0.5205,1,14.29,112
2176,8.8200,0.5204,1,29.41,68
2177,9.3800,0.5202,1,29.03,62
2178,9.8100,0.5201,1,68.42,19
2179,7.7900,0.5199,1,30.99,71
2180,9.7000,0.5198,1,60.00,30
2181,9.7300,0.5196,1,33.33,27
2182,9.1300,0.5194,1,32.43,37
2183,8.9800,0.5193,1,40.38,52
2184,9.5800,0.5191,1,52.38,42
2185,6.7700,0.5190,1,19.18,73
2186,9.6600,0.5188,1,64.71,34
2187,9.1200,0.5187,1,50.00,38
2188,9.4100,0.5185,1,35.59,59
2189,8.3200,0.5184,1,25.00,68
2190,6.1900,0.5182,1,18.52,81
2191,9.8800,0.5180,1,50.00,12
2192,9.8400,0.5179,1,62.50,16
2193,8.5000,0.5177,1,12.00,50
2194,9.8700,0.5176,1,38.46,13
2195,9.4400,0.5174,1,39.29,56
2196,9.9500,0.5173,1,60.00,5
2197,9.2100,0.5171,1,27.59,29
2198,9.8600,0.5170,1,85.71,14
2199,5.9100,0.5168,1,27.12,59
2200,6.9600,0.5166,1,27.78,54
2201,8.5000,0.5165,1,40.00,50
2202,9.3600,0.5163,1,64.29,14
2203,9.8200,0.5162,1,33.33,18
2204,9.2200,0.5160,1,60.71,28
2205,9.7400,0.5159,1,53.85,26
2206,9.3400,0.5157,1,56.25,16
2207,9.8100,0.5156,1,36.84,19
2208,8.4400,0.5154,1,44.64,56
2209,9.3200,0.5153,1,27.78,18
2210,9.9800,0.5151,1,100.00,2
2211,9.5000,0.5149,1,44.00,50
2212,6.3600,0.5148,1,28.12,64
2213,9.5200,0.5146,1,37.50,48
2214,5.6700,0.5145,1,21.69,83
2215,8.5000,0.5143,1,32.00,50
2216,9.6200,0.5142,1,47.37,38
2217,4.2100,0.5140,1,11.63,129
2218,9.5400,0.5139,1,26.09,46
2219,-0.1200,0.5137,1,19.64,112
2220,9.8800,0.5136,1,50.00,12
2221,9.2800,0.5134,1,50.00,22
2222,8.3600,0.5132,1,34.38,64
2223,8.2200,0.5131,1,30.77,78
2224,7.2700,0.5129,1,27.40,73
2225,9.7300,0.5128,1,62.96,27
2226,8.0500,0.5126,1,37.78,45
2227,7.2900,0.5125,1,23.94,71
2228,9.9200,0.5123,1,50.00,8
2229,9.9900,0.5122,1,100.00,1
2230,9.8900,0.5120,1,45.45,11
2231,9.9400,0.5119,1,66.67,6
2232,8.1400,0.5117,1,30.56,36
2233,9.8300,0.5116,1,64.71,17
2234,7.5300,0.5114,1,42.55,47
2235,5.7200,0.5112,1,20.51,78
2236,9.7000,0.5111,1,53.33,30
2237,8.9600,0.5109,1,27.78,54
2238,9.8400,0.5108,1,50.00,16
2239,8.1200,0.5106,1,44.74,38
2240,9.2600,0.5105,1,54.17,24
2241,9.7700,0.5103,1,13.04,23
2242,8.3000,0.5102,1,30.00,70
2243,9.0300,0.5100,1,46.81,47
2244,8.3300,0.5099,1,31.34,67
2245,9.8800,0.5097,1,66.67,12
2246,9.7200,0.5096,1,57.14,28
2247,9.4800,0.5094,1,46.15,52
2248,9.8700,0.5093,1,38.46,13
2249,9.2300,0.5091,1,66.67,27
2250,9.8100,0.5090,1,47.37,19
2251,9.8200,0.5088,1,33.33,18
2252,9.8100,0.5086,1,47.37,19
2253,4.8100,0.5085,1,28.99,69
2254,9.5500,0.5083,1,28.89,45
2255,3.8600,0.5082,1,29.69,64
2256,9.6600,0.5080,1,35.29,34
2257,9.8300,0.5079,1,52.94,17
2258,9.7200,0.5077,1,42.86,28
2259,9.2500,0.5076,1,48.00,25
2260,9.9800,0.5074,1,100.00,2
2261,9.2000,0.5073,1,30.00,30
2262,9.4000,0.5071,1,90.00,10
2263,8.7000,0.5070,1,26.25,80
2264,9.8900,0.5068,1,81.82,11
2265,9.1700,0.5067,1,24.24,33
2266,9.8200,0.5065,1,33.33,18
2267,9.9400,0.5064,1,66.67,6
2268,9.2400,0.5062,1,34.62,26
2269,6.5300,0.5061,1,31.91,47
2270,9.8900,0.5059,1,63.64,11
2271,9.6400,0.5058,1,33.33,36
2272,9.9600,0.5056,1,100.00,4
2273,6.0300,0.5055,1,21.65,97
2274,8.1600,0.5053,1,29.76,84
2275,8.9100,0.5051,1,30.51,59
2276,8.8400,0.5050,1,62.50,16
2277,9.9200,0.5048,1,100.00,8
2278,6.3700,0.5047,1,36.51,63
2279,9.1700,0.5045,1,48.48,33
2280,8.0900,0.5044,1,34.15,41
2281,8.5900,0.5042,1,48.78,41
2282,9.7800,0.5041,1,36.36,22
2283,8.9600,0.5039,1,31.48,54
2284,7.2100,0.5038,1,16.46,79
2285,7.9500,0.5036,1,36.36,55
2286,8.9200,0.5035,1,41.38,58
2287,8.8700,0.5033,1,23.08,13
2288,9.7100,0.5032,1,44.83,29
2289,9.6900,0.5030,1,48.39,31
2290,9.8600,0.5029,1,42.86,14
2291,9.2900,0.5027,1,28.57,21
2292,6.8200,0.5026,1,29.41,68
2293,9.1000,0.5024,1,47.50,40
2294,9.9400,0.5023,1,100.00,6
2295,9.1000,0.5021,1,37.50,40
2296,9.5500,0.5020,1,33.33,45
2297,9.2000,0.5018,1,50.00,30
2298,9.7100,0.5017,1,44.83,29
2299,9.3700,0.5015,1,33.33,63
2300,9.7400,0.5014,1,76.92,26
2301,9.6400,0.5012,1,41.67,36
2302,9.3800,0.5011,1,41.67,12
2303,8.7300,0.5009,1,33.33,27
2304,9.7200,0.5008,1,57.14,28
2305,9.9300,0.5006,1,42.86,7
2306,9.9500,0.5005,1,100.00,5
2307,8.1600,0.5003,1,26.47,34
2308,9.9200,0.5002,1,25.00,8
2309,8.5300,0.5000,1,48.94,47
2310,9.8100,0.4999,1,26.32,19
2311,9.6800,0.4997,1,50.00,32
2312,9.9300,0.4996,1,71.43,7
2313,9.5800,0.4994,1,40.48,42
2314,9.2000,0.4993,1,23.33,30
2315,9.9200,0.4991,1,50.00,8
2316,9.0900,0.4990,1,43.90,41
2317,9.2200,0.4988,1,32.14,28
2318,4.3700,0.4987,1,20.35,113
2319,6.4700,0.4985,1,32.08,53
2320,8.6800,0.4984,1,50.00,32
2321,8.3100,0.4982,1,30.43,69
2322,9.8900,0.4981,1,27.27,11
2323,9.8000,0.4979,1,60.00,20
2324,8.5000,0.4978,1,44.00,50
2325,9.9200,0.4976,1,50.00,8
2326,9.8200,0.4975,1,44.44,18
2327,9.8000,0.4973,1,30.00,20
2328,9.8500,0.4972,1,66.67,15
2329,9.9000,0.4970,1,20.00,10
2330,9.8000,0.4969,1,80.00,20
2331,8.6700,0.4967,1,51.52,33
2332,9.3100,0.4966,1,52.63,19
2333,9.0200,0.4964,1,35.42,48
2334,9.9300,0.4963,1,42.86,7
2335,8.6500,0.4961,1,14.29,35
2336,6.3700,0.4960,1,34.92,63
2337,9.1500,0.4958,1,42.86,35
2338,9.8700,0.4957,1,84.62,13
2339,9.7600,0.4955,1,41.67,24
2340,9.9300,0.4954,1,42.86,7
2341,9.8400,0.4952,1,50.00,16
2342,9.7800,0.4951,1,54.55,22
2343,9.1100,0.4949,1,51.28,39
2344,9.9400,0.4948,1,66.67,6
2345,9.1100,0.4946,1,41.03,39
2346,9.9600,0.4945,1,50.00,4
2347,9.3900,0.4944,1,36.36,11
2348,9.6400,0.4942,1,61.11,36
2349,9.1700,0.4941,1,42.42,33
2350,9.8400,0.4939,1,75.00,16
2351,9.1300,0.4938,1,54.05,37
2352,9.9400,0.4936,1,100.00,6
2353,9.0200,0.4935,1,52.08,48
2354,9.8000,0.4933,1,30.00,20
2355,9.8900,0.4932,1,63.64,11
2356,8.7100,0.4930,1,20.69,29
2357,7.9000,0.4929,1,31.67,60
2358,9.9300,0.4927,1,42.86,7
2359,8.4900,0.4926,1,41.18,51
2360,8.0300,0.4924,1,44.68,47
2361,9.9500,0.4923,1,100.00,5
2362,4.5800,0.4921,1,42.86,42
2363,9.9400,0.4920,1,66.67,6
2364,7.5000,0.4918,1,36.00,50
2365,7.5000,0.4917,1,28.00,50
2366,9.5800,0.4915,1,52.38,42
2367,9.9700,0.4914,1,100.00,3
2368,9.2200,0.4912,1,39.29,28
2369,8.2100,0.4911,1,55.17,29
2370,9.2800,0.4910,1,77.27,22
2371,9.8800,0.4908,1,66.67,12
2372,9.8800,0.4907,1,50.00,12
2373,9.9200,0.4905,1,100.00,8
2374,9.0700,0.4904,1,46.51,43
2375,9.7700,0.4902,1,47.83,23
2376,9.1900,0.4901,1,25.81,31
2377,9.1700,0.4899,1,39.39,33
2378,9.8300,0.4898,1,29.41,17
2379,9.3100,0.4896,1,63.16,19
2380,8.5900,0.4895,1,36.59,41
2381,9.7000,0.4893,1,60.00,30
2382,9.9300,0.4892,1,42.86,7
2383,9.7500,0.4890,1,28.00,25
2384,6.8800,0.4889,1,30.65,62
2385,7.6700,0.4887,1,33.33,33
2386,9.3100,0.4886,1,63.16,19
2387,8.0800,0.4885,1,38.10,42
2388,6.5400,0.4883,1,39.13,46
2389,9.9400,0.4882,1,100.00,6
2390,9.9000,0.4880,1,60.00,10
2391,9.7600,0.4879,1,75.00,24
2392,9.2000,0.4877,1,63.33,30
2393,9.6700,0.4876,1,63.64,33
2394,8.8700,0.4874,1,31.75,63
2395,8.6400,0.4873,1,50.00,36
2396,9.8200,0.4871,1,44.44,18
2397,9.7600,0.4870,1,58.33,24
2398,8.7600,0.4868,1,41.67,24
2399,9.6400,0.4867,1,55.56,36
2400,8.0500,0.4866,1,48.89,45
2401,9.2100,0.4864,1,41.38,29
2402,8.4600,0.4863,1,7.41,54
2403,9.7400,0.4861,1,38.46,26
2404,8.2700,0.4860,1,34.78,23
2405,7.6800,0.4858,1,31.25,32
2406,9.5600,0.4857,1,45.45,44
2407,8.5700,0.4855,1,34.88,43
2408,6.7000,0.4854,1,28.75,80
2409,7.3200,0.4852,1,29.41,68
2410,9.0800,0.4851,1,33.33,42
2411,9.8400,0.4850,1,62.50,16
2412,9.8400,0.4848,1,87.50,16
2413,9.7800,0.4847,1,45.45,22
2414,8.3800,0.4845,1,24.19,62
2415,9.4900,0.4844,1,45.10,51
2416,8.6400,0.4842,1,27.78,36
2417,8.0700,0.4841,1,41.86,43
2418,9.9100,0.4839,1,33.33,9
2419,9.3900,0.4838,1,34.43,61
2420,9.7600,0.4836,1,70.83,24
2421,9.8300,0.4835,1,76.47,17
2422,8.0500,0.4834,1,35.56,45
2423,9.1400,0.4832,1,50.00,36
2424,9.2900,0.4831,1,38.10,21
2425,8.6300,0.4829,1,27.59,87
2426,9.3500,0.4828,1,66.67,15
2427,9.7500,0.4826,1,52.00,25
2428,7.4800,0.4825,1,38.46,52
2429,7.5000,0.4823,1,32.00,50
2430,9.9600,0.4822,1,100.00,4
2431,8.8700,0.4820,1,28.57,63
2432,9.3200,0.4819,1,50.00,18
2433,7.6000,0.4818,1,47.50,40
2434,9.9100,0.4816,1,33.33,9
2435,9.2400,0.4815,1,50.00,26
2436,7.0400,0.4813,1,41.30,46
2437,9.9100,0.4812,1,77.78,9
2438,3.8400,0.4810,1,27.27,66
2439,7.9300,0.4809,1,36.84,57
2440,9.8300,0.4807,1,41.18,17
2441,9.9300,0.4806,1,71.43,7
2442,9.2500,0.4805,1,32.00,25
2443,9.7800,0.4803,1,81.82,22
2444,5.9500,0.4802,1,36.36,55
2445,9.9800,0.4800,1,100.00,2
2446,9.9200,0.4799,1,75.00,8
2447,9.2200,0.4797,1,53.57,28
2448,9.5400,0.4796,1,39.13,46
2449,9.1500,0.4795,1,28.57,35
2450,9.8100,0.4793,1,57.89,19
2451,9.8100,0.4792,1,26.32,19
2452,9.8300,0.4790,1,64.71,17
2453,6.4600,0.4789,1,25.93,54
2454,8.3300,0.4787,1,34.33,67
2455,7.4300,0.4786,1,33.33,57
2456,9.9600,0.4784,1,100.00,4
2457,9.9100,0.4783,1,55.56,9
2458,9.6600,0.4782,1,47.06,34
2459,5.9300,0.4780,1,31.58,57
2460,7.9300,0.4779,1,31.58,57
2461,7.3100,0.4777,1,28.99,69
2462,9.0400,0.4776,1,41.30,46
2463,8.9900,0.4774,1,27.45,51
2464,8.3700,0.4773,1,26.98,63
2465,9.0600,0.4772,1,52.27,44
2466,9.9500,0.4770,1,60.00,5
2467,8.8900,0.4769,1,45.45,11
2468,8.7500,0.4767,1,52.00,25
2469,9.6300,0.4766,1,62.16,37
2470,8.6700,0.4764,1,27.27,33
2471,9.2200,0.4763,1,46.43,28
2472,9.6900,0.4762,1,61.29,31
2473,8.3800,0.4760,1,41.67,12
2474,5.8600,0.4759,1,26.56,64
2475,7.9000,0.4757,1,35.00,60
2476,9.6500,0.4756,1,48.57,35
2477,9.9600,0.4754,1,50.00,4
2478,9.8100,0.4753,1,47.37,19
2479,9.7100,0.4752,1,31.03,29
2480,9.9200,0.4750,1,75.00,8
2481,9.9000,0.4749,1,60.00,10
2482,9.2700,0.4747,1,69.57,23
2483,8.8200,0.4746,1,55.56,18
2484,7.6900,0.4744,1,54.84,31
2485,9.8000,0.4743,1,50.00,20
2486,8.0600,0.4742,1,38.64,44
2487,9.5300,0.4740,1,40.43,47
2488,9.8800,0.4739,1,50.00,12
2489,9.1000,0.4737,1,52.50,40
2490,9.8900,0.4736,1,54.55,11
2491,9.9500,0.4734,1,100.00,5
2492,8.4400,0.4733,1,32.14,56
2493,9.1600,0.4732,1,38.24,34
2494,9.8700,0.4730,1,69.23,13
2495,9.8900,0.4729,1,81.82,11
2496,4.2800,0.4727,1,30.56,72
2497,8.2000,0.4726,1,63.33,30
2498,8.3100,0.4725,1,52.63,19
2499,9.2700,0.4723,1,17.39,23
2500,5.8700,0.4722,1,28.57,63
2501,9.8000,0.4720,1,50.00,20
2502,9.9300,0.4719,1,71.43,7
2503,7.9800,0.4717,1,40.38,52
2504,8.6800,0.4716,1,56.25,32
2505,9.3800,0.4715,1,41.67,12
2506,9.9400,0.4713,1,66.67,6
2507,9.7800,0.4712,1,54.55,22
2508,7.0700,0.4710,1,22.58,93
2509,9.8800,0.4709,1,16.67,12
2510,9.8800,0.4708,1,83.33,12
2511,8.6400,0.4706,1,38.89,36
2512,8.2700,0.4705,1,43.48,23
2513,9.7700,0.4703,1,60.87,23
2514,8.5700,0.4702,1,44.19,43
2515,9.8500,0.4701,1,33.33,15
2516,8.0200,0.4699,1,50.00,48
2517,1.0000,0.4698,1,18.00,100
2518,8.5900,0.4696,1,41.46,41
2519,8.5100,0.4695,1,26.53,49
2520,9.8200,0.4693,1,55.56,18
2521,9.2200,0.4692,1,25.00,28
2522,9.7500,0.4691,1,56.00,25
2523,9.8300,0.4689,1,41.18,17
2524,9.8200,0.4688,1,44.44,18
2525,9.8500,0.4686,1,33.33,15
2526,9.9200,0.4685,1,50.00,8
2527,9.6400,0.4684,1,36.11,36
2528,9.0100,0.4682,1,40.82,49
2529,9.8400,0.4681,1,62.50,16
2530,9.6500,0.4679,1,54.29,35
2531,9.5200,0.4678,1,41.67,48
2532,7.4600,0.4677,1,29.63,54
2533,5.2000,0.4675,1,20.00,80
2534,8.7100,0.4674,1,65.52,29
2535,9.7200,0.4672,1,64.29,28
2536,9.7600,0.4671,1,66.67,24
2537,7.5100,0.4670,1,34.69,49
2538,8.7700,0.4668,1,82.61,23
2539,8.6800,0.4667,1,50.00,32
2540,8.5900,0.4665,1,41.46,41
2541,8.4700,0.4664,1,35.85,53
2542,9.9300,0.4663,1,71.43,7
2543,9.9700,0.4661,1,100.00,3
2544,9.2100,0.4660,1,55.17,29
2545,9.8400,0.4658,1,62.50,16
2546,9.2800,0.4657,1,9.09,22
2547,9.8700,0.4656,1,69.23,13
2548,9.2000,0.4654,1,56.67,30
2549,8.8500,0.4653,1,24.62,65
2550,9.6200,0.4651,1,47.37,38
2551,9.8200,0.4650,1,33.33,18
2552,9.9600,0.4649,1,50.00,4
2553,9.7600,0.4647,1,75.00,24
2554,8.9900,0.4646,1,39.22,51
2555,9.0500,0.4644,1,44.44,45
2556,9.7000,0.4643,1,46.67,30
2557,9.0500,0.4642,1,53.33,45
2558,8.5300,0.4640,1,44.68,47
2559,9.0900,0.4639,1,43.90,41
2560,9.9300,0.4637,1,71.43,7
2561,6.3700,0.4636,1,31.75,63
2562,9.9500,0.4635,1,100.00,5
2563,9.2300,0.4633,1,37.04,27
2564,8.7200,0.4632,1,71.43,28
2565,6.3300,0.4631,1,32.84,67
2566,8.7700,0.4629,1,39.13,23
2567,9.7900,0.4628,1,71.43,21
2568,8.7200,0.4626,1,50.00,28
2569,9.7100,0.4625,1,44.83,29
2570,9.6200,0.4624,1,63.16,38
2571,9.9700,0.4622,1,100.00,3
2572,8.4200,0.4621,1,37.50,8
2573,9.9800,0.4619,1,100.00,2
2574,8.1000,0.4618,1,52.50,40
2575,9.8800,0.4617,1,33.33,12
2576,9.3200,0.4615,1,38.89,18
2577,8.0400,0.4614,1,54.35,46
2578,9.9100,0.4612,1,55.56,9
2579,9.2100,0.4611,1,55.17,29
2580,2.4300,0.4610,1,36.84,57
2581,8.5300,0.4608,1,48.94,47
2582,9.8100,0.4607,1,68.42,19
2583,9.5400,0.4606,1,52.17,46
2584,9.9400,0.4604,1,66.67,6
2585,8.6400,0.4603,1,50.00,36
2586,8.1100,0.4601,1,21.35,89
2587,8.2100,0.4600,1,41.38,29
2588,9.9400,0.4599,1,33.33,6
2589,9.1800,0.4597,1,68.75,32
2590,9.0900,0.4596,1,53.66,41
2591,6.6900,0.4595,1,35.48,31
2592,9.9000,0.4593,1,60.00,10
2593,9.1300,0.4592,1,54.05,37
2594,8.9800,0.4590,1,36.54,52
2595,9.9000,0.4589,1,20.00,10
2596,9.2800,0.4588,1,50.00,22
2597,8.8200,0.4586,1,44.44,18
2598,9.8500,0.4585,1,60.00,15
2599,9.9300,0.4584,1,42.86,7
2600,7.9900,0.4582,1,31.37,51
2601,9.4400,0.4581,1,39.29,56
2602,9.8200,0.4579,1,88.89,18
2603,8.0300,0.4578,1,26.80,97
2604,7.4700,0.4577,1,39.62,53
2605,9.7300,0.4575,1,55.56,27
2606,9.3500,0.4574,1,32.31,65
2607,9.8800,0.4573,1,33.33,12
2608,9.9100,0.4571,1,77.78,9
2609,8.1700,0.4570,1,25.30,83
2610,9.8600,0.4568,1,14.29,14
2611,7.9800,0.4567,1,34.62,52
2612,9.1700,0.4566,1,54.55,33
2613,9.9000,0.4564,1,100.00,10
2614,9.1100,0.4563,1,66.67,39
2615,8.7100,0.4562,1,51.72,29
2616,9.9000,0.4560,1,60.00,10
2617,8.1700,0.4559,1,54.55,33
2618,6.6400,0.4557,1,44.44,36
2619,8.4400,0.4556,1,28.57,56
2620,9.6200,0.4555,1,57.89,38
2621,9.5800,0.4553,1,40.48,42
2622,9.7500,0.4552,1,68.00,25
2623,9.9000,0.4551,1,40.00,10
2624,8.9900,0.4549,1,31.37,51
2625,9.5600,0.4548,1,45.45,44
2626,9.9700,0.4547,1,100.00,3
2627,9.9800,0.4545,1,100.00,2
2628,8.7800,0.4544,1,40.91,22
2629,6.7800,0.4542,1,29.17,72
2630,9.8200,0.4541,1,66.67,18
2631,9.6700,0.4540,1,57.58,33
2632,8.8500,0.4538,1,29.23,65
2633,9.8300,0.4537,1,64.71,17
2634,7.2900,0.4536,1,32.39,71
2635,9.9100,0.4534,1,77.78,9
2636,8.7200,0.4533,1,64.29,28
2637,7.9300,0.4532,1,35.09,57
2638,7.8800,0.4530,1,33.87,62
2639,8.4000,0.4529,1,35.00,60
2640,9.5000,0.4527,1,38.00,50
2641,8.9700,0.4526,1,41.51,53
2642,8.8800,0.4525,1,27.42,62
2643,8.2900,0.4523,1,28.17,71
2644,9.3200,0.4522,1,61.11,18
2645,9.8100,0.4521,1,36.84,19
2646,9.5900,0.4519,1,53.66,41
2647,9.6600,0.4518,1,47.06,34
2648,9.9100,0.4517,1,66.67,9
2649,9.8000,0.4515,1,50.00,20
2650,7.0100,0.4514,1,28.57,49
2651,9.6200,0.4513,1,47.37,38
2652,9.9100,0.4511,1,55.56,9
2653,9.9100,0.4510,1,77.78,9
2654,9.8500,0.4509,1,86.67,15
2655,9.8500,0.4507,1,46.67,15
2656,9.8100,0.4506,1,78.95,19
2657,9.7600,0.4504,1,50.00,24
2658,9.8800,0.4503,1,50.00,12
2659,9.0400,0.4502,1,41.30,46
2660,9.1800,0.4500,1,46.88,32
2661,8.3500,0.4499,1,66.67,15
2662,9.2400,0.4498,1,57.69,26
2663,8.6000,0.4496,1,45.00,40
2664,9.9000,0.4495,1,60.00,10
2665,8.6700,0.4494,1,39.39,33
2666,8.5600,0.4492,1,47.73,44
2667,8.0400,0.4491,1,36.96,46
2668,9.9700,0.4490,1,100.00,3
2669,9.0800,0.4488,1,47.62,42
2670,9.8800,0.4487,1,50.00,12
2671,9.7100,0.4486,1,51.72,29
2672,9.8500,0.4484,1,86.67,15
2673,8.6200,0.4483,1,52.63,38
2674,8.1400,0.4482,1,52.78,36
2675,9.0300,0.4480,1,34.04,47
2676,9.5100,0.4479,1,26.53,49
2677,9.7200,0.4477,1,64.29,28
2678,9.7200,0.4476,1,64.29,28
2679,9.5900,0.4475,1,51.22,41
2680,9.8800,0.4473,1,33.33,12
2681,9.8100,0.4472,1,84.21,19
2682,9.6100,0.4471,1,33.33,39
2683,7.8400,0.4469,1,19.70,66
2684,9.2800,0.4468,1,50.00,22
2685,9.0500,0.4467,1,44.44,45
2686,5.9100,0.4465,1,33.90,59
2687,8.7400,0.4464,1,38.46,26
2688,9.4900,0.4463,1,49.02,51
2689,7.5800,0.4461,1,42.86,42
2690,9.8400,0.4460,1,75.00,16
2691,9.9500,0.4459,1,60.00,5
2692,9.2900,0.4457,1,47.62,21
2693,9.7500,0.4456,1,52.00,25
2694,9.8200,0.4455,1,66.67,18
2695,8.9700,0.4453,1,41.51,53
2696,9.7700,0.4452,1,47.83,23
2697,9.9300,0.4451,1,100.00,7
2698,9.6200,0.4449,1,52.63,38
2699,8.5900,0.4448,1,41.46,41
2700,9.9400,0.4447,1,100.00,6
2701,9.9600,0.4445,1,50.00,4
2702,9.8600,0.4444,1,71.43,14
2703,9.8900,0.4443,1,63.64,11
2704,9.5500,0.4441,1,46.67,45
2705,7.5600,0.4440,1,50.00,44
2706,9.8400,0.4439,1,50.00,16
2707,9.7900,0.4437,1,52.38,21
2708,7.9900,0.4436,1,43.14,51
2709,9.2400,0.4435,1,42.31,26
2710,9.9300,0.4433,1,42.86,7
2711,9.0700,0.4432,1,39.53,43
2712,8.8700,0.4431,1,84.62,13
2713,9.6700,0.4429,1,57.58,33
2714,9.2300,0.4428,1,74.07,27
2715,9.8300,0.4427,1,76.47,17
2716,7.9600,0.4425,1,44.44,54
2717,9.9500,0.4424,1,100.00,5
2718,7.9600,0.4423,1,38.89,54
2719,8.9300,0.4421,1,24.56,57
2720,8.2100,0.4420,1,75.86,29
2721,9.6300,0.4419,1,54.05,37
2722,9.9300,0.4417,1,100.00,7
2723,9.9200,0.4416,1,75.00,8
2724,9.1200,0.4415,1,68.42,38
2725,9.8800,0.4413,1,50.00,12
2726,9.5500,0.4412,1,51.11,45
2727,9.1400,0.4411,1,55.56,36
2728,9.1300,0.4410,1,54.05,37
2729,9.1700,0.4408,1,42.42,33
2730,7.4800,0.4407,1,34.62,52
2731,9.9900,0.4406,1,100.00,1
2732,9.0100,0.4404,1,40.82,49
2733,9.7700,0.4403,1,56.52,23
2734,9.2900,0.4402,1,76.19,21
2735,9.7800,0.4400,1,81.82,22
2736,9.9500,0.4399,1,100.00,5
2737,8.4700,0.4398,1,43.40,53
2738,9.7800,0.4396,1,72.73,22
2739,9.9200,0.4395,1,100.00,8
2740,8.5400,0.4394,1,47.83,46
2741,9.9400,0.4392,1,66.67,6
2742,9.6900,0.4391,1,41.94,31
2743,9.1100,0.4390,1,33.33,39
2744,9.9800,0.4388,1,100.00,2
2745,9.9500,0.4387,1,100.00,5
2746,9.5600,0.4386,1,45.45,44
2747,9.7300,0.4384,1,48.15,27
2748,9.8400,0.4383,1,62.50,16
2749,8.6200,0.4382,1,47.37,38
2750,9.2000,0.4380,1,50.00,30
2751,9.7600,0.4379,1,83.33,24
2752,9.2800,0.4378,1,50.00,22
2753,8.3300,0.4377,1,31.34,67
2754,9.9900,0.4375,1,100.00,1
2755,9.8300,0.4374,1,41.18,17
2756,8.2300,0.4373,1,37.04,27
2757,8.9000,0.4371,1,28.33,60
2758,9.9700,0.4370,1,100.00,3
2759,9.9500,0.4369,1,100.00,5
2760,9.2500,0.4367,1,64.00,25
2761,9.8500,0.4366,1,46.67,15
2762,9.8800,0.4365,1,16.67,12
2763,9.4600,0.4363,1,29.63,54
2764,7.8100,0.4362,1,36.84,19
2765,8.8200,0.4361,1,44.44,18
2766,9.5900,0.4360,1,31.71,41
2767,9.1600,0.4358,1,44.12,34
2768,8.0400,0.4357,1,43.48,46
2769,9.7300,0.4356,1,55.56,27
2770,9.9000,0.4354,1,80.00,10
2771,8.2400,0.4353,1,42.31,26
2772,7.8600,0.4352,1,34.38,64
2773,9.6800,0.4350,1,56.25,32
2774,7.4400,0.4349,1,25.00,56
2775,9.6500,0.4348,1,60.00,35
2776,9.5800,0.4346,1,42.86,42
2777,7.1400,0.4345,1,25.00,36
2778,9.6400,0.4344,1,38.89,36
2779,9.7700,0.4343,1,65.22,23
2780,9.8800,0.4341,1,66.67,12
2781,9.1600,0.4340,1,61.76,34
2782,6.7100,0.4339,1,65.52,29
2783,9.7100,0.4337,1,58.62,29
2784,9.3700,0.4336,1,46.15,13
2785,9.2000,0.4335,1,63.33,30
2786,8.3500,0.4333,1,26.15,65
2787,9.3300,0.4332,1,58.82,17
2788,9.1200,0.4331,1,44.74,38
2789,9.9800,0.4330,1,100.00,2
2790,9.9400,0.4328,1,100.00,6
2791,9.4700,0.4327,1,39.62,53
2792,7.7000,0.4326,1,43.33,30
2793,9.0400,0.4324,1,45.65,46
2794,9.5800,0.4323,1,52.38,42
2795,9.9400,0.4322,1,66.67,6
2796,9.8200,0.4320,1,55.56,18
2797,8.5500,0.4319,1,37.78,45
2798,8.9100,0.4318,1,33.90,59
2799,9.5200,0.4317,1,29.17,48
2800,9.2400,0.4315,1,50.00,26
2801,9.9700,0.4314,1,100.00,3
2802,9.7900,0.4313,1,71.43,21
2803,8.0700,0.4311,1,44.19,43
2804,9.2600,0.4310,1,54.17,24
2805,8.2300,0.4309,1,74.07,27
2806,9.6800,0.4308,1,68.75,32
2807,9.1000,0.4306,1,65.00,40
2808,9.9300,0.4305,1,100.00,7
2809,8.8700,0.4304,1,69.23,13
2810,8.5700,0.4302,1,44.19,43
2811,7.5300,0.4301,1,31.91,47
2812,9.7000,0.4300,1,66.67,30
2813,9.3300,0.4298,1,58.82,17
2814,9.8400,0.4297,1,62.50,16
2815,8.8900,0.4296,1,36.07,61
2816,9.2200,0.4295,1,67.86,28
2817,9.7500,0.4293,1,36.00,25
2818,9.7800,0.4292,1,27.27,22
2819,9.6400,0.4291,1,55.56,36
2820,9.9200,0.4289,1,25.00,8
2821,9.7100,0.4288,1,44.83,29
2822,9.9900,0.4287,1,100.00,1
2823,9.9400,0.4286,1,100.00,6
2824,8.2000,0.4284,1,56.67,30
2825,9.4200,0.4283,1,87.50,8
2826,9.7300,0.4282,1,62.96,27
2827,9.9600,0.4280,1,50.00,4
2828,8.8000,0.4279,1,60.00,20
2829,9.8500,0.4278,1,73.33,15
2830,9.3400,0.4277,1,81.25,16
2831,9.5500,0.4275,1,46.67,45
2832,9.6300,0.4274,1,56.76,37
2833,8.2300,0.4273,1,51.85,27
2834,9.9100,0.4271,1,77.78,9
2835,8.5400,0.4270,1,52.17,46
2836,9.2600,0.4269,1,79.17,24
2837,9.6900,0.4268,1,48.39,31
2838,9.7200,0.4266,1,42.86,28
2839,8.7300,0.4265,1,70.37,27
2840,8.8300,0.4264,1,64.71,17
2841,9.2400,0.4263,1,26.92,26
2842,9.6500,0.4261,1,54.29,35
2843,9.8400,0.4260,1,50.00,16
2844,9.9000,0.4259,1,80.00,10
2845,9.5300,0.4257,1,40.43,47
2846,9.7900,0.4256,1,23.81,21
2847,9.9100,0.4255,1,77.78,9
2848,9.7300,0.4254,1,48.15,27
2849,9.3300,0.4252,1,70.59,17
2850,8.0700,0.4251,1,32.56,43
2851,8.8000,0.4250,1,50.00,20
2852,9.3000,0.4248,1,25.00,20
2853,9.1400,0.4247,1,52.78,36
2854,9.8800,0.4246,1,50.00,12
2855,8.9500,0.4245,1,40.00,55
2856,9.8100,0.4243,1,89.47,19
2857,9.6600,0.4242,1,41.18,34
2858,9.2900,0.4241,1,76.19,21
2859,9.9200,0.4240,1,50.00,8
2860,9.9600,0.4238,1,100.00,4
2861,9.8500,0.4237,1,73.33,15
2862,7.1000,0.4236,1,22.50,40
2863,9.8400,0.4234,1,62.50,16
2864,9.7200,0.4233,1,50.00,28
2865,7.6800,0.4232,1,50.00,32
2866,8.5600,0.4231,1,56.82,44
2867,9.9300,0.4229,1,71.43,7
2868,7.5100,0.4228,1,46.94,49
2869,9.2500,0.4227,1,72.00,25
2870,9.9200,0.4226,1,75.00,8
2871,9.5600,0.4224,1,54.55,44
2872,9.1000,0.4223,1,37.50,40
2873,9.8400,0.4222,1,75.00,16
2874,9.8800,0.4221,1,66.67,12
2875,9.8300,0.4219,1,52.94,17
2876,9.8100,0.4218,1,57.89,19
2877,8.9700,0.4217,1,43.40,53
2878,8.5400,0.4215,1,47.83,46
2879,9.6400,0.4214,1,63.89,36
2880,7.4300,0.4213,1,36.84,57
2881,9.9800,0.4212,1,100.00,2
2882,8.6000,0.4210,1,40.00,40
2883,9.1900,0.4209,1,38.71,31
2884,9.9100,0.4208,1,77.78,9
2885,9.8500,0.4207,1,73.33,15
2886,9.8900,0.4205,1,45.45,11
2887,7.2000,0.4204,1,30.00,30
2888,9.2200,0.4203,1,39.29,28
2889,9.9800,0.4202,1,100.00,2
2890,0.4500,0.4200,1,34.55,55
2891,9.9500,0.4199,1,100.00,5
2892,9.9100,0.4198,1,55.56,9
2893,8.1600,0.4197,1,32.35,34
2894,8.5700,0.4195,1,44.19,43
2895,9.6100,0.4194,1,48.72,39
2896,9.6500,0.4193,1,60.00,35
2897,9.6400,0.4191,1,55.56,36
2898,9.3300,0.4190,1,35.29,17
2899,9.7200,0.4189,1,35.71,28
2900,9.8800,0.4188,1,16.67,12
2901,9.3900,0.4186,1,72.73,11
2902,-1.8900,0.4185,1,22.47,89
2903,9.3600,0.4184,1,35.71,14
2904,9.4100,0.4183,1,35.59,59
2905,9.2000,0.4181,1,50.00,30
2906,9.7500,0.4180,1,68.00,25
2907,9.9000,0.4179,1,100.00,10
2908,9.7500,0.4178,1,84.00,25
2909,9.2500,0.4176,1,72.00,25
2910,9.8500,0.4175,1,93.33,15
2911,9.8400,0.4174,1,75.00,16
2912,9.8700,0.4173,1,53.85,13
2913,9.7900,0.4171,1,80.95,21
2914,8.9800,0.4170,1,40.38,52
2915,9.8000,0.4169,1,80.00,20
2916,9.8100,0.4168,1,47.37,19
2917,9.5700,0.4166,1,39.53,43
2918,9.9100,0.4165,1,77.78,9
2919,7.3300,0.4164,1,22.39,67
2920,8.4900,0.4163,1,25.74,101
2921,9.6700,0.4161,1,45.45,33
2922,8.7000,0.4160,1,50.00,30
2923,9.5900,0.4159,1,41.46,41
2924,9.0700,0.4158,1,55.81,43
2925,8.6700,0.4156,1,51.52,33
2926,7.3700,0.4155,1,30.16,63
2927,9.8700,0.4154,1,53.85,13
2928,9.3800,0.4153,1,41.67,12
2929,9.9700,0.4151,1,33.33,3
2930,8.6400,0.4150,1,38.89,36
2931,9.9400,0.4149,1,100.00,6
2932,8.6000,0.4148,1,50.00,40
2933,9.6300,0.4146,1,56.76,37
2934,8.1100,0.4145,1,46.15,39
2935,9.4500,0.4144,1,80.00,5
2936,9.9500,0.4143,1,60.00,5
2937,7.7000,0.4141,1,40.00,30
2938,9.9800,0.4140,1,100.00,2
2939,9.6900,0.4139,1,54.84,31
2940,9.9500,0.4138,1,100.00,5
2941,9.2900,0.4137,1,76.19,21
2942,9.9400,0.4135,1,100.00,6
2943,9.6900,0.4134,1,54.84,31
2944,8.5500,0.4133,1,44.44,45
2945,9.6500,0.4132,1,48.57,35
2946,9.7200,0.4130,1,85.71,28
2947,9.5400,0.4129,1,43.48,46
2948,9.2300,0.4128,1,59.26,27
2949,9.7000,0.4127,1,53.33,30
2950,8.2500,0.4125,1,40.00,25
2951,9.8600,0.4124,1,85.71,14
2952,7.6200,0.4123,1,36.84,38
2953,9.7800,0.4122,1,54.55,22
2954,9.9000,0.4120,1,80.00,10
2955,8.7800,0.4119,1,72.73,22
2956,9.3600,0.4118,1,78.57,14
2957,8.8700,0.4117,1,84.62,13
2958,9.9000,0.4115,1,40.00,10
2959,7.5300,0.4114,1,36.17,47
2960,9.0400,0.4113,1,43.48,46
2961,9.7500,0.4112,1,76.00,25
2962,9.7600,0.4111,1,58.33,24
2963,9.9800,0.4109,1,100.00,2
2964,8.6800,0.4108,1,56.25,32
2965,9.6300,0.4107,1,67.57,37
2966,9.9700,0.4106,1,100.00,3
2967,9.8400,0.4104,1,50.00,16
2968,9.8600,0.4103,1,42.86,14
2969,9.8900,0.4102,1,100.00,11
2970,9.3500,0.4101,1,66.67,15
2971,9.0000,0.4099,1,38.00,50
2972,9.8700,0.4098,1,69.23,13
2973,9.6800,0.4097,1,56.25,32
2974,9.8800,0.4096,1,83.33,12
2975,9.9300,0.4095,1,71.43,7
2976,9.9600,0.4093,1,100.00,4
2977,6.6500,0.4092,1,48.57,35
2978,8.6800,0.4091,1,50.00,32
2979,8.0300,0.4090,1,46.81,47
2980,9.1100,0.4088,1,46.15,39
2981,9.8900,0.4087,1,81.82,11
2982,8.7900,0.4086,1,71.43,21
2983,9.3200,0.4085,1,72.22,18
2984,7.4900,0.4083,1,33.33,51
2985,8.0500,0.4082,1,44.44,45
2986,7.8600,0.4081,1,31.25,64
2987,9.8100,0.4080,1,26.32,19
2988,9.1300,0.4079,1,48.65,37
2989,8.4900,0.4077,1,37.25,51
2990,9.7500,0.4076,1,40.00,25
2991,9.2700,0.4075,1,69.57,23
2992,9.9600,0.4074,1,100.00,4
2993,8.6500,0.4072,1,65.71,35
2994,9.5900,0.4071,1,36.59,41
2995,8.7400,0.4070,1,61.54,26
2996,9.9200,0.4069,1,75.00,8
2997,6.0100,0.4068,1,40.82,49
2998,9.9600,0.4066,1,50.00,4
2999,9.9600,0.4065,1,100.00,4
3000,8.7100,0.4064,1,58.62,29
3001,8.9700,0.4063,1,41.51,53
3002,9.8900,0.4061,1,45.45,11
3003,9.9400,0.4060,1,66.67,6
3004,8.6500,0.4059,1,48.57,35
3005,9.7300,0.4058,1,48.15,27
3006,8.2500,0.4057,1,64.00,25
3007,9.4400,0.4055,1,83.33,6
3008,8.5600,0.4054,1,40.91,44
3009,9.8100,0.4053,1,47.37,19
3010,9.7100,0.4052,1,58.62,29
3011,8.9000,0.4051,1,40.00,10
3012,9.8800,0.4049,1,83.33,12
3013,9.1700,0.4048,1,60.61,33
3014,9.8300,0.4047,1,41.18,17
3015,9.8600,0.4046,1,85.71,14
3016,9.3900,0.4044,1,34.43,61
3017,9.8200,0.4043,1,77.78,18
3018,9.6600,0.4042,1,70.59,34
3019,9.1100,0.4041,1,35.90,39
3020,9.2800,0.4040,1,77.27,22
3021,9.2300,0.4038,1,81.48,27
3022,9.7400,0.4037,1,53.85,26
3023,9.7700,0.4036,1,56.52,23
3024,9.6200,0.4035,1,52.63,38
3025,9.9800,0.4034,1,100.00,2
3026,8.6600,0.4032,1,73.53,34
3027,9.8400,0.4031,1,75.00,16
3028,8.6200,0.4030,1,63.16,38
3029,9.1900,0.4029,1,38.71,31
3030,9.7600,0.4028,1,25.00,24
3031,8.1000,0.4026,1,47.50,40
3032,9.7300,0.4025,1,62.96,27
3033,9.1500,0.4024,1,51.43,35
3034,9.1200,0.4023,1,50.00,38
3035,9.4700,0.4021,1,43.40,53
3036,8.8100,0.4020,1,28.99,69
3037,9.8500,0.4019,1,73.33,15
3038,9.1700,0.4018,1,48.48,33
3039,9.3300,0.4017,1,58.82,17
3040,9.2900,0.4015,1,76.19,21
3041,8.7100,0.4014,1,65.52,29
3042,9.6800,0.4013,1,62.50,32
3043,9.7000,0.4012,1,80.00,30
3044,9.8500,0.4011,1,60.00,15
3045,7.6200,0.4009,1,42.11,38
3046,8.1100,0.4008,1,51.28,39
3047,4.5300,0.4007,1,27.66,47
3048,9.8900,0.4006,1,45.45,11
3049,9.6400,0.4005,1,55.56,36
3050,9.6700,0.4003,1,51.52,33
3051,9.6400,0.4002,1,38.89,36
3052,9.7900,0.4001,1,52.38,21
3053,9.1900,0.4000,1,51.61,31
3054,9.3300,0.3999,1,70.59,17
3055,9.8800,0.3997,1,83.33,12
3056,8.8400,0.3996,1,50.00,16
3057,9.7700,0.3995,1,73.91,23
3058,9.9500,0.3994,1,100.00,5
3059,9.2000,0.3993,1,50.00,30
3060,8.5500,0.3991,1,46.67,45
3061,9.8500,0.3990,1,60.00,15
3062,9.1400,0.3989,1,47.22,36
3063,8.5200,0.3988,1,45.83,48
3064,9.8900,0.3987,1,81.82,11
3065,9.6200,0.3985,1,42.11,38
3066,9.9800,0.3984,1,100.00,2
3067,9.6100,0.3983,1,48.72,39
3068,9.9000,0.3982,1,80.00,10
3069,9.3100,0.3981,1,52.63,19
3070,9.5300,0.3979,1,48.94,47
3071,9.8500,0.3978,1,33.33,15
3072,9.7300,0.3977,1,55.56,27
3073,5.8600,0.3976,1,34.38,64
3074,9.2200,0.3975,1,71.43,28
3075,9.7900,0.3973,1,71.43,21
3076,9.7700,0.3972,1,56.52,23
3077,9.2500,0.3971,1,40.00,25
3078,9.9200,0.3970,1,100.00,8
3079,9.3600,0.3969,1,35.71,14
3080,9.8000,0.3968,1,80.00,20
3081,9.2300,0.3966,1,37.04,27
3082,8.9900,0.3965,1,47.06,51
3083,9.7000,0.3964,1,53.33,30
3084,9.6300,0.3963,1,45.95,37
3085,9.8200,0.3962,1,55.56,18
3086,9.5600,0.3960,1,40.91,44
3087,9.7700,0.3959,1,47.83,23
3088,9.2800,0.3958,1,68.18,22
3089,9.9200,0.3957,1,50.00,8
3090,9.3500,0.3956,1,40.00,15
3091,9.8600,0.3954,1,85.71,14
3092,9.3800,0.3953,1,75.00,12
3093,8.0900,0.3952,1,39.02,41
3094,9.7500,0.3951,1,76.00,25
3095,9.0700,0.3950,1,41.86,43
3096,9.7500,0.3949,1,68.00,25
3097,9.9200,0.3947,1,100.00,8
3098,9.3300,0.3946,1,82.35,17
3099,9.8200,0.3945,1,11.11,18
3100,9.2800,0.3944,1,59.09,22
3101,9.3700,0.3943,1,61.54,13
3102,9.9500,0.3941,1,100.00,5
3103,8.5300,0.3940,1,48.94,47
3104,9.1600,0.3939,1,55.88,34
3105,8.5700,0.3938,1,41.86,43
3106,9.8800,0.3937,1,33.33,12
3107,9.8300,0.3936,1,52.94,17
3108,8.1900,0.3934,1,45.16,31
3109,9.6700,0.3933,1,69.70,33
3110,9.9900,0.3932,1,100.00,1
3111,9.7800,0.3931,1,63.64,22
3112,9.7300,0.3930,1,48.15,27
3113,9.2400,0.3928,1,57.69,26
3114,9.9300,0.3927,1,71.43,7
3115,8.1200,0.3926,1,34.21,38
3116,8.6500,0.3925,1,60.00,35
3117,8.6600,0.3924,1,58.82,34
3118,9.7900,0.3923,1,90.48,21
3119,8.0500,0.3921,1,44.44,45
3120,9.4200,0.3920,1,75.00,8
3121,9.8100,0.3919,1,47.37,19
3122,9.7400,0.3918,1,30.77,26
3123,9.7300,0.3917,1,55.56,27
3124,8.5600,0.3916,1,34.09,44
3125,9.6700,0.3914,1,57.58,33
3126,9.9700,0.3913,1,100.00,3
3127,9.8400,0.3912,1,75.00,16
3128,8.6300,0.3911,1,40.54,37
3129,9.1200,0.3910,1,55.26,38
3130,8.5800,0.3908,1,45.24,42
3131,9.6900,0.3907,1,54.84,31
3132,9.8600,0.3906,1,71.43,14
3133,9.9700,0.3905,1,100.00,3
3134,9.8200,0.3904,1,66.67,18
3135,9.7600,0.3903,1,66.67,24
3136,9.8200,0.3901,1,44.44,18
3137,9.7400,0.3900,1,61.54,26
3138,9.2300,0.3899,1,29.63,27
3139,9.8700,0.3898,1,53.85,13
3140,9.2600,0.3897,1,54.17,24
3141,9.4700,0.3896,1,39.62,53
3142,9.0600,0.3894,1,47.73,44
3143,8.8500,0.3893,1,73.33,15
3144,9.8200,0.3892,1,100.00,18
3145,9.1700,0.3891,1,60.61,33
3146,-3.4500,0.3890,1,13.33,45
3147,8.6100,0.3889,1,38.46,39
3148,9.9700,0.3887,1,100.00,3
3149,9.2400,0.3886,1,50.00,26
3150,9.6900,0.3885,1,54.84,31
3151,9.9000,0.3884,1,60.00,10
3152,9.2600,0.3883,1,70.83,24
3153,9.7700,0.3882,1,73.91,23
3154,8.8300,0.3880,1,64.71,17
3155,9.4100,0.3879,1,88.89,9
3156,9.9200,0.3878,1,50.00,8
3157,9.9100,0.3877,1,55.56,9
3158,9.2600,0.3876,1,70.83,24
3159,8.6100,0.3875,1,58.97,39
3160,7.8200,0.3873,1,66.67,18
3161,9.7100,0.3872,1,58.62,29
3162,9.9200,0.3871,1,50.00,8
3163,9.3600,0.3870,1,64.29,14
3164,9.6500,0.3869,1,37.14,35
3165,9.2300,0.3868,1,66.67,27
3166,9.5800,0.3866,1,47.62,42
3167,8.5400,0.3865,1,52.17,46
3168,9.6900,0.3864,1,67.74,31
3169,9.7800,0.3863,1,72.73,22
3170,8.4200,0.3862,1,37.93,58
3171,9.7700,0.3861,1,52.17,23
3172,8.7000,0.3860,1,43.33,30
3173,9.9100,0.3858,1,33.33,9
3174,8.7100,0.3857,1,65.52,29
3175,9.5900,0.3856,1,56.10,41
3176,9.1900,0.3855,1,58.06,31
3177,9.1700,0.3854,1,57.58,33
3178,9.7400,0.3853,1,61.54,26
3179,9.1700,0.3851,1,54.55,33
3180,9.8600,0.3850,1,71.43,14
3181,9.8800,0.3849,1,83.33,12
3182,9.6700,0.3848,1,57.58,33
3183,8.5700,0.3847,1,60.47,43
3184,9.8900,0.3846,1,81.82,11
3185,9.9200,0.3844,1,25.00,8
3186,9.7900,0.3843,1,23.81,21
3187,5.4400,0.3842,1,35.71,56
3188,9.8600,0.3841,1,57.14,14
3189,9.9000,0.3840,1,80.00,10
3190,9.0300,0.3839,1,46.81,47
3191,9.7800,0.3838,1,45.45,22
3192,9.9000,0.3836,1,80.00,10
3193,9.9800,0.3835,1,100.00,2
3194,9.9700,0.3834,1,33.33,3
3195,7.3400,0.3833,1,31.82,66
3196,8.1700,0.3832,1,60.61,33
3197,9.3600,0.3831,1,64.29,14
3198,9.9400,0.3830,1,66.67,6
3199,9.9800,0.3828,1,100.00,2
3200,9.9500,0.3827,1,60.00,5
3201,9.7800,0.3826,1,81.82,22
3202,7.9400,0.3825,1,37.50,56
3203,7.4100,0.3824,1,35.59,59
3204,8.1900,0.3823,1,58.06,31
3205,9.8200,0.3821,1,77.78,18
3206,9.9100,0.3820,1,77.78,9
3207,9.9800,0.3819,1,100.00,2
3208,9.7200,0.3818,1,57.14,28
3209,9.6500,0.3817,1,48.57,35
3210,9.9100,0.3816,1,55.56,9
3211,9.8300,0.3815,1,64.71,17
3212,9.7400,0.3813,1,69.23,26
3213,7.6400,0.3812,1,61.11,36
3214,9.7200,0.3811,1,42.86,28
3215,9.7600,0.3810,1,41.67,24
3216,7.6500,0.3809,1,57.14,35
3217,9.9300,0.3808,1,71.43,7
3218,8.7400,0.3807,1,38.46,26
3219,9.9200,0.3805,1,50.00,8
3220,9.8200,0.3804,1,55.56,18
3221,8.6500,0.3803,1,54.29,35
3222,9.2100,0.3802,1,55.17,29
3223,9.7200,0.3801,1,92.86,28
3224,8.5300,0.3800,1,48.94,47
3225,9.2600,0.3799,1,50.00,24
3226,9.7500,0.3797,1,56.00,25
3227,9.8000,0.3796,1,50.00,20
3228,8.6400,0.3795,1,38.89,36
3229,8.9200,0.3794,1,41.38,58
3230,9.4200,0.3793,1,31.03,58
3231,9.9500,0.3792,1,100.00,5
3232,9.1200,0.3791,1,50.00,38
3233,9.7000,0.3790,1,60.00,30
3234,9.7500,0.3788,1,84.00,25
3235,9.7800,0.3787,1,72.73,22
3236,9.6600,0.3786,1,70.59,34
3237,9.7400,0.3785,1,61.54,26
3238,9.2300,0.3784,1,66.67,27
3239,9.7800,0.3783,1,68.18,22
3240,9.3700,0.3782,1,76.92,13
3241,9.7800,0.3780,1,45.45,22
3242,9.7500,0.3779,1,52.00,25
3243,9.9700,0.3778,1,100.00,3
3244,9.2000,0.3777,1,56.67,30
3245,9.8300,0.3776,1,52.94,17
3246,9.6800,0.3775,1,50.00,32
3247,9.7100,0.3774,1,65.52,29
3248,8.7600,0.3773,1,41.67,24
3249,9.5000,0.3771,1,48.00,50
3250,9.4900,0.3770,1,45.10,51
3251,9.9900,0.3769,1,100.00,1
3252,9.8600,0.3768,1,71.43,14
3253,9.6500,0.3767,1,42.86,35
3254,9.1400,0.3766,1,47.22,36
3255,9.8400,0.3765,1,100.00,16
3256,9.7700,0.3763,1,82.61,23
3257,9.7200,0.3762,1,78.57,28
3258,9.9600,0.3761,1,100.00,4
3259,9.9600,0.3760,1,100.00,4
3260,8.2700,0.3759,1,28.77,73
3261,9.4000,0.3758,1,90.00,10
3262,9.7200,0.3757,1,50.00,28
3263,8.7700,0.3756,1,39.13,23
3264,8.1000,0.3754,1,47.50,40
3265,9.9500,0.3753,1,100.00,5
3266,9.8400,0.3752,1,50.00,16
3267,9.8300,0.3751,1,70.59,17
3268,9.6400,0.3750,1,50.00,36
3269,9.2800,0.3749,1,50.00,22
3270,8.2400,0.3748,1,65.38,26
3271,9.9400,0.3747,1,33.33,6
3272,9.6800,0.3745,1,68.75,32
3273,8.0500,0.3744,1,31.11,45
3274,9.1100,0.3743,1,35.90,39
3275,9.8700,0.3742,1,84.62,13
3276,9.5400,0.3741,1,47.83,46
3277,9.7900,0.3740,1,57.14,21
3278,9.6700,0.3739,1,57.58,33
3279,9.3200,0.3738,1,83.33,18
3280,8.6600,0.3736,1,52.94,34
3281,9.8900,0.3735,1,63.64,11
3282,8.4600,0.3734,1,33.33,54
3283,9.7000,0.3733,1,66.67,30
3284,9.7500,0.3732,1,36.00,25
3285,9.6500,0.3731,1,42.86,35
3286,9.8000,0.3730,1,80.00,20
3287,9.2400,0.3729,1,50.00,26
3288,9.0800,0.3727,1,59.52,42
3289,9.6200,0.3726,1,57.89,38
3290,8.5000,0.3725,1,40.00,50
3291,8.5700,0.3724,1,44.19,43
3292,9.9400,0.3723,1,100.00,6
3293,8.9500,0.3722,1,41.82,55
3294,9.8300,0.3721,1,64.71,17
3295,8.5200,0.3720,1,41.67,48
3296,9.9500,0.3719,1,100.00,5
3297,9.4300,0.3717,1,85.71,7
3298,9.9800,0.3716,1,100.00,2
3299,9.0800,0.3715,1,54.76,42
3300,9.8900,0.3714,1,63.64,11
3301,9.8700,0.3713,1,69.23,13
3302,9.7400,0.3712,1,53.85,26
3303,9.7600,0.3711,1,50.00,24
3304,9.9500,0.3710,1,100.00,5
3305,9.6900,0.3709,1,54.84,31
3306,9.6800,0.3707,1,50.00,32
3307,8.6900,0.3706,1,51.61,31
3308,9.1200,0.3705,1,50.00,38
3309,8.4000,0.3704,1,40.00,60
3310,7.9900,0.3703,1,39.22,51
3311,8.6600,0.3702,1,41.18,34
3312,9.8800,0.3701,1,83.33,12
3313,9.8100,0.3700,1,68.42,19
3314,8.7600,0.3699,1,58.33,24
3315,9.6600,0.3697,1,70.59,34
3316,8.1400,0.3696,1,47.22,36
3317,9.8800,0.3695,1,66.67,12
3318,9.8800,0.3694,1,50.00,12
3319,9.8400,0.3693,1,75.00,16
3320,9.9600,0.3692,1,100.00,4
3321,9.9500,0.3691,1,100.00,5
3322,9.9100,0.3690,1,100.00,9
3323,9.9300,0.3689,1,71.43,7
3324,9.7000,0.3687,1,46.67,30
3325,4.5600,0.3686,1,36.36,44
3326,9.7900,0.3685,1,71.43,21
3327,7.3400,0.3684,1,43.75,16
3328,9.1900,0.3683,1,51.61,31
3329,9.4100,0.3682,1,66.67,9
3330,9.9100,0.3681,1,77.78,9
3331,9.7300,0.3680,1,62.96,27
3332,9.7600,0.3679,1,41.67,24
3333,9.1600,0.3678,1,47.06,34
3334,8.2800,0.3676,1,40.91,22
3335,9.8000,0.3675,1,80.00,20
3336,8.7500,0.3674,1,68.00,25
3337,9.9000,0.3673,1,100.00,10
3338,9.3000,0.3672,1,75.00,20
3339,9.5400,0.3671,1,39.13,46
3340,9.9600,0.3670,1,100.00,4
3341,9.2700,0.3669,1,69.57,23
3342,9.9900,0.3668,1,100.00,1
3343,9.0400,0.3666,1,39.13,46
3344,9.2200,0.3665,1,67.86,28
3345,9.0300,0.3664,1,42.55,47
3346,9.8500,0.3663,1,73.33,15
3347,9.0400,0.3662,1,45.65,46
3348,9.9300,0.3661,1,42.86,7
3349,9.2800,0.3660,1,22.73,22
3350,9.8800,0.3659,1,66.67,12
3351,9.7600,0.3658,1,16.67,24
3352,9.6900,0.3657,1,67.74,31
3353,7.7300,0.3656,1,48.15,27
3354,8.0300,0.3654,1,38.30,47
3355,9.7400,0.3653,1,46.15,26
3356,9.8900,0.3652,1,81.82,11
3357,9.9100,0.3651,1,100.00,9
3358,9.8200,0.3650,1,66.67,18
3359,9.8700,0.3649,1,84.62,13
3360,9.7400,0.3648,1,53.85,26
3361,9.4400,0.3647,1,50.00,6
3362,9.9500,0.3646,1,100.00,5
3363,9.9100,0.3645,1,77.78,9
3364,9.6700,0.3643,1,75.76,33
3365,9.3800,0.3642,1,75.00,12
3366,9.8900,0.3641,1,45.45,11
3367,9.7600,0.3640,1,75.00,24
3368,9.1900,0.3639,1,38.71,31
3369,9.9300,0.3638,1,71.43,7
3370,9.9600,0.3637,1,100.00,4
3371,9.8600,0.3636,1,71.43,14
3372,8.9700,0.3635,1,45.28,53
3373,9.9200,0.3634,1,75.00,8
3374,8.5700,0.3633,1,39.53,43
3375,9.8300,0.3631,1,64.71,17
3376,9.9500,0.3630,1,100.00,5
3377,9.8000,0.3629,1,70.00,20
3378,8.7800,0.3628,1,54.55,22
3379,9.6100,0.3627,1,48.72,39
3380,9.9100,0.3626,1,55.56,9
3381,9.6400,0.3625,1,55.56,36
3382,9.8800,0.3624,1,50.00,12
3383,8.1700,0.3623,1,51.52,33
3384,9.3500,0.3622,1,66.67,15
3385,9.9200,0.3621,1,75.00,8
3386,9.8800,0.3619,1,66.67,12
3387,9.3100,0.3618,1,47.37,19
3388,9.6300,0.3617,1,35.14,37
3389,9.5500,0.3616,1,55.56,45
3390,9.9400,0.3615,1,100.00,6
3391,9.3500,0.3614,1,66.67,15
3392,9.8900,0.3613,1,63.64,11
3393,9.9800,0.3612,1,100.00,2
3394,9.6500,0.3611,1,74.29,35
3395,9.9300,0.3610,1,71.43,7
3396,8.6800,0.3609,1,62.50,32
3397,9.8200,0.3608,1,66.67,18
3398,9.2100,0.3606,1,55.17,29
3399,9.9600,0.3605,1,100.00,4
3400,9.9200,0.3604,1,75.00,8
3401,9.8700,0.3603,1,69.23,13
3402,9.8300,0.3602,1,76.47,17
3403,9.7600,0.3601,1,58.33,24
3404,9.6900,0.3600,1,54.84,31
3405,9.6700,0.3599,1,39.39,33
3406,7.8200,0.3598,1,27.94,68
3407,9.9800,0.3597,1,100.00,2
3408,8.7000,0.3596,1,56.67,30
3409,8.0100,0.3595,1,44.90,49
3410,9.9400,0.3594,1,100.00,6
3411,9.7400,0.3592,1,53.85,26
3412,9.7100,0.3591,1,79.31,29
3413,9.9900,0.3590,1,100.00,1
3414,9.8600,0.3589,1,28.57,14
3415,9.7800,0.3588,1,90.91,22
3416,9.9600,0.3587,1,100.00,4
3417,9.1900,0.3586,1,70.97,31
3418,9.1900,0.3585,1,58.06,31
3419,9.9400,0.3584,1,100.00,6
3420,9.1500,0.3583,1,62.86,35
3421,8.4900,0.3582,1,41.18,51
3422,9.7500,0.3581,1,60.00,25
3423,9.8200,0.3580,1,33.33,18
3424,9.2600,0.3578,1,62.50,24
3425,9.1300,0.3577,1,54.05,37
3426,9.2900,0.3576,1,52.38,21
3427,9.7400,0.3575,1,69.23,26
3428,9.8100,0.3574,1,68.42,19
3429,9.9200,0.3573,1,75.00,8
3430,9.8900,0.3572,1,63.64,11
3431,9.0300,0.3571,1,38.30,47
3432,9.7400,0.3570,1,80.77,26
3433,9.6400,0.3569,1,50.00,36
3434,9.2100,0.3568,1,55.17,29
3435,9.1400,0.3567,1,52.78,36
3436,9.8700,0.3566,1,69.23,13
3437,9.9100,0.3565,1,77.78,9
3438,9.7000,0.3563,1,60.00,30
3439,9.7500,0.3562,1,76.00,25
3440,9.0800,0.3561,1,47.62,42
3441,9.6300,0.3560,1,62.16,37
3442,9.7700,0.3559,1,65.22,23
3443,9.3700,0.3558,1,33.33,63
3444,9.6500,0.3557,1,48.57,35
3445,9.5800,0.3556,1,42.86,42
3446,9.7400,0.3555,1,69.23,26
3447,9.6800,0.3554,1,56.25,32
3448,4.7300,0.3553,1,14.17,127
3449,9.7300,0.3552,1,85.19,27
3450,9.9000,0.3551,1,80.00,10
3451,9.7200,0.3550,1,32.14,28
3452,9.9200,0.3549,1,50.00,8
3453,9.8700,0.3547,1,53.85,13
3454,9.8400,0.3546,1,50.00,16
3455,9.6200,0.3545,1,52.63,38
3456,9.7400,0.3544,1,69.23,26
3457,9.8800,0.3543,1,100.00,12
3458,9.2000,0.3542,1,70.00,30
3459,9.8600,0.3541,1,71.43,14
3460,9.7400,0.3540,1,69.23,26
3461,9.8300,0.3539,1,100.00,17
3462,8.9200,0.3538,1,32.76,58
3463,9.9400,0.3537,1,66.67,6
3464,9.1800,0.3536,1,34.38,32
3465,9.8200,0.3535,1,55.56,18
3466,9.8600,0.3534,1,71.43,14
3467,9.4200,0.3533,1,62.50,8
3468,9.9200,0.3532,1,25.00,8
3469,9.7200,0.3530,1,57.14,28
3470,9.9400,0.3529,1,100.00,6
3471,9.7600,0.3528,1,41.67,24
3472,8.7300,0.3527,1,62.96,27
3473,9.8200,0.3526,1,55.56,18
3474,9.6700,0.3525,1,51.52,33
3475,9.1300,0.3524,1,59.46,37
3476,9.7700,0.3523,1,73.91,23
3477,9.3400,0.3522,1,56.25,16
3478,9.9300,0.3521,1,100.00,7
3479,8.6600,0.3520,1,41.18,34
3480,9.9100,0.3519,1,55.56,9
3481,9.2900,0.3518,1,47.62,21
3482,8.9800,0.3517,1,50.00,52
3483,9.8300,0.3516,1,41.18,17
3484,9.7300,0.3515,1,62.96,27
3485,9.7700,0.3514,1,82.61,23
3486,9.1400,0.3513,1,47.22,36
3487,9.8200,0.3511,1,66.67,18
3488,9.6000,0.3510,1,45.00,40
3489,9.5000,0.3509,1,52.00,50
3490,9.8200,0.3508,1,44.44,18
3491,9.8900,0.3507,1,63.64,11
3492,9.6900,0.3506,1,41.94,31
3493,9.6800,0.3505,1,81.25,32
3494,9.8100,0.3504,1,47.37,19
3495,9.3400,0.3503,1,43.75,16
3496,9.9600,0.3502,1,100.00,4
3497,9.9200,0.3501,1,75.00,8
3498,9.5400,0.3500,1,56.52,46
3499,9.9400,0.3499,1,66.67,6
3500,9.7400,0.3498,1,69.23,26
3501,9.9400,0.3497,1,100.00,6
3502,9.8600,0.3496,1,71.43,14
3503,9.9500,0.3495,1,100.00,5
3504,9.8000,0.3494,1,60.00,20
3505,9.8900,0.3493,1,63.64,11
3506,9.7200,0.3491,1,64.29,28
3507,9.1900,0.3490,1,38.71,31
3508,9.5900,0.3489,1,51.22,41
3509,9.9300,0.3488,1,100.00,7
3510,9.7800,0.3487,1,54.55,22
3511,9.9000,0.3486,1,80.00,10
3512,9.8500,0.3485,1,60.00,15
3513,9.7600,0.3484,1,66.67,24
3514,9.3800,0.3483,1,75.00,12
3515,9.2100,0.3482,1,68.97,29
3516,9.8300,0.3481,1,88.24,17
3517,9.9200,0.3480,1,50.00,8
3518,9.3400,0.3479,1,68.75,16
3519,9.9200,0.3478,1,75.00,8
3520,9.7000,0.3477,1,53.33,30
3521,9.6600,0.3476,1,64.71,34
3522,9.9600,0.3475,1,100.00,4
3523,9.6700,0.3474,1,63.64,33
3524,9.8800,0.3473,1,66.67,12
3525,9.7100,0.3472,1,44.83,29
3526,8.0900,0.3471,1,43.90,41
3527,8.7300,0.3470,1,62.96,27
3528,8.9500,0.3469,1,29.09,55
3529,9.9400,0.3467,1,66.67,6
3530,9.9100,0.3466,1,100.00,9
3531,9.8600,0.3465,1,71.43,14
3532,9.8000,0.3464,1,60.00,20
3533,9.2900,0.3463,1,76.19,21
3534,9.7100,0.3462,1,58.62,29
3535,9.8100,0.3461,1,57.89,19
3536,8.6200,0.3460,1,47.37,38
3537,9.8300,0.3459,1,41.18,17
3538,9.8200,0.3458,1,55.56,18
3539,9.7700,0.3457,1,73.91,23
3540,9.1000,0.3456,1,42.50,40
3541,9.9600,0.3455,1,100.00,4
3542,9.0800,0.3454,1,50.00,42
3543,8.9700,0.3453,1,37.74,53
3544,9.8700,0.3452,1,69.23,13
3545,9.6500,0.3451,1,60.00,35
3546,9.8900,0.3450,1,63.64,11
3547,9.8600,0.3449,1,85.71,14
3548,9.9200,0.3448,1,100.00,8
3549,9.9300,0.3447,1,100.00,7
3550,9.9200,0.3446,1,75.00,8
3551,9.8600,0.3445,1,85.71,14
3552,9.8700,0.3444,1,53.85,13
3553,8.7100,0.3443,1,58.62,29
3554,9.9200,0.3442,1,25.00,8
3555,9.9600,0.3441,1,50.00,4
3556,8.6000,0.3439,1,60.00,40
3557,8.4400,0.3438,1,39.29,56
3558,9.8700,0.3437,1,53.85,13
3559,9.7200,0.3436,1,71.43,28
3560,9.8200,0.3435,1,88.89,18
3561,9.3000,0.3434,1,65.00,20
3562,9.7700,0.3433,1,73.91,23
3563,9.5400,0.3432,1,52.17,46
3564,8.3500,0.3431,1,66.67,15
3565,8.8800,0.3430,1,38.71,62
3566,9.7200,0.3429,1,64.29,28
3567,8.7600,0.3428,1,33.33,24
3568,9.9300,0.3427,1,85.71,7
3569,9.6900,0.3426,1,74.19,31
3570,9.9500,0.3425,1,60.00,5
3571,9.7900,0.3424,1,23.81,21
3572,9.6900,0.3423,1,67.74,31
3573,9.8400,0.3422,1,75.00,16
3574,8.4900,0.3421,1,43.14,51
3575,9.7500,0.3420,1,60.00,25
3576,9.6200,0.3419,1,57.89,38
3577,8.5800,0.3418,1,52.38,42
3578,9.7400,0.3417,1,61.54,26
3579,9.4600,0.3416,1,75.00,4
3580,9.3300,0.3415,1,47.06,17
3581,9.9000,0.3414,1,60.00,10
3582,9.7500,0.3413,1,52.00,25
3583,8.4400,0.3412,1,32.14,56
3584,9.8400,0.3411,1,75.00,16
3585,9.7900,0.3410,1,80.95,21
3586,9.9500,0.3409,1,60.00,5
3587,9.6600,0.3408,1,70.59,34
3588,9.2300,0.3407,1,66.67,27
3589,9.7300,0.3406,1,55.56,27
3590,9.9700,0.3405,1,100.00,3
3591,9.6200,0.3404,1,57.89,38
3592,9.9500,0.3403,1,100.00,5
3593,9.7100,0.3402,1,65.52,29
3594,9.8600,0.3401,1,57.14,14
3595,9.7200,0.3399,1,46.43,28
3596,9.8300,0.3398,1,64.71,17
3597,8.5600,0.3397,1,52.27,44
3598,9.6700,0.3396,1,51.52,33
3599,9.7100,0.3395,1,51.72,29
3600,9.8400,0.3394,1,62.50,16
3601,9.8600,0.3393,1,57.14,14
3602,9.8200,0.3392,1,66.67,18
3603,9.8100,0.3391,1,47.37,19
3604,9.8800,0.3390,1,33.33,12
3605,9.6400,0.3389,1,55.56,36
3606,9.7500,0.3388,1,76.00,25
3607,9.7200,0.3387,1,71.43,28
3608,9.9400,0.3386,1,33.33,6
3609,9.2400,0.3385,1,50.00,26
3610,9.7000,0.3384,1,80.00,30
3611,7.2500,0.3383,1,40.00,25
3612,8.6200,0.3382,1,57.89,38
3613,9.3100,0.3381,1,31.58,19
3614,8.6800,0.3380,1,68.75,32
3615,9.8900,0.3379,1,27.27,11
3616,9.9100,0.3378,1,77.78,9
3617,9.8100,0.3377,1,57.89,19
3618,9.8900,0.3376,1,81.82,11
3619,9.7500,0.3375,1,76.00,25
3620,9.9800,0.3374,1,100.00,2
3621,9.9900,0.3373,1,100.00,1
3622,9.3000,0.3372,1,85.00,20
3623,9.6200,0.3371,1,52.63,38
3624,9.8300,0.3370,1,52.94,17
3625,9.7400,0.3369,1,46.15,26
3626,7.6400,0.3368,1,38.89,36
3627,9.9100,0.3367,1,55.56,9
3628,9.8200,0.3366,1,55.56,18
3629,9.9500,0.3365,1,60.00,5
3630,9.2800,0.3364,1,59.09,22
3631,9.9100,0.3363,1,77.78,9
3632,9.1800,0.3362,1,53.12,32
3633,9.3400,0.3361,1,81.25,16
3634,9.8500,0.3360,1,86.67,15
3635,9.6900,0.3359,1,80.65,31
3636,9.8500,0.3358,1,73.33,15
3637,9.1700,0.3357,1,66.67,33
3638,9.5000,0.3356,1,36.00,50
3639,9.6200,0.3355,1,68.42,38
3640,9.8000,0.3354,1,100.00,20
3641,9.6100,0.3353,1,64.10,39
3642,9.5700,0.3352,1,48.84,43
3643,9.7100,0.3351,1,58.62,29
3644,9.2100,0.3350,1,62.07,29
3645,9.8500,0.3349,1,60.00,15
3646,9.9800,0.3348,1,100.00,2
3647,9.3200,0.3347,1,72.22,18
3648,9.9300,0.3346,1,71.43,7
3649,9.9300,0.3345,1,71.43,7
3650,9.3500,0.3344,1,66.67,15
3651,9.6900,0.3343,1,48.39,31
3652,9.2600,0.3342,1,70.83,24
3653,9.6300,0.3341,1,56.76,37
3654,9.1300,0.3340,1,59.46,37
3655,9.8000,0.3339,1,100.00,20
3656,9.9600,0.3338,1,100.00,4
3657,9.7400,0.3337,1,38.46,26
3658,9.3100,0.3336,1,63.16,19
3659,9.1800,0.3335,1,62.50,32
3660,8.8500,0.3334,1,73.33,15
3661,9.5600,0.3333,1,40.91,44
3662,8.8400,0.3332,1,75.00,16
3663,9.7800,0.3331,1,40.91,22
3664,8.5500,0.3330,1,44.44,45
3665,8.5800,0.3329,1,59.52,42
3666,6.9100,0.3328,1,37.29,59
3667,9.6500,0.3327,1,54.29,35
3668,9.7200,0.3326,1,71.43,28
3669,9.8100,0.3325,1,89.47,19
3670,9.1500,0.3324,1,62.86,35
3671,8.9900,0.3323,1,47.06,51
3672,8.1800,0.3322,1,53.12,32
3673,2.8300,0.3321,1,37.31,67
3674,9.6700,0.3320,1,72.73,33
3675,9.3900,0.3319,1,36.36,11
3676,9.3300,0.3318,1,70.59,17
3677,9.9000,0.3317,1,60.00,10
3678,9.1200,0.3316,1,44.74,38
3679,9.2300,0.3315,1,66.67,27
3680,9.7000,0.3314,1,60.00,30
3681,9.9700,0.3313,1,100.00,3
3682,9.8600,0.3312,1,57.14,14
3683,9.0600,0.3311,1,56.82,44
3684,9.7900,0.3310,1,80.95,21
3685,9.7100,0.3309,1,65.52,29
3686,9.9700,0.3308,1,100.00,3
3687,9.6000,0.3307,1,55.00,40
3688,9.4200,0.3306,1,62.50,8
3689,9.2900,0.3305,1,57.14,21
3690,9.1900,0.3304,1,45.16,31
3691,8.7300,0.3303,1,85.19,27
3692,8.1800,0.3302,1,59.38,32
3693,9.2700,0.3301,1,86.96,23
3694,9.3600,0.3300,1,78.57,14
3695,9.9700,0.3299,1,100.00,3
3696,8.6800,0.3298,1,62.50,32
3697,8.9500,0.3297,1,45.45,55
3698,9.7800,0.3296,1,72.73,22
3699,9.7800,0.3295,1,90.91,22
3700,9.0900,0.3294,1,48.78,41
3701,8.6300,0.3293,1,45.95,37
3702,8.6800,0.3292,1,50.00,32
3703,9.8300,0.3291,1,76.47,17
3704,9.7700,0.3290,1,56.52,23
3705,9.7200,0.3289,1,78.57,28
3706,9.8100,0.3288,1,68.42,19
3707,9.7400,0.3287,1,69.23,26
3708,7.7100,0.3286,1,58.62,29
3709,9.0700,0.3285,1,46.51,43
3710,9.9700,0.3284,1,100.00,3
3711,9.3400,0.3283,1,56.25,16
3712,9.9300,0.3282,1,100.00,7
3713,9.9800,0.3281,1,100.00,2
3714,9.1600,0.3280,1,73.53,34
3715,9.8700,0.3279,1,100.00,13
3716,7.6100,0.3278,1,38.46,39
3717,9.9500,0.3277,1,100.00,5
3718,9.4900,0.3276,1,49.02,51
3719,8.6100,0.3275,1,48.72,39
3720,9.7400,0.3274,1,69.23,26
3721,9.9700,0.3273,1,100.00,3
3722,9.8600,0.3272,1,71.43,14
3723,9.9000,0.3271,1,100.00,10
3724,9.7300,0.3270,1,70.37,27
3725,9.9200,0.3269,1,100.00,8
3726,9.6200,0.3268,1,36.84,38
3727,9.8700,0.3267,1,84.62,13
3728,9.7600,0.3266,1,75.00,24
3729,9.8700,0.3266,1,76.92,13
3730,9.6600,0.3265,1,58.82,34
3731,9.8500,0.3264,1,86.67,15
3732,9.8300,0.3263,1,52.94,17
3733,9.1900,0.3262,1,58.06,31
3734,9.1900,0.3261,1,58.06,31
3735,9.3700,0.3260,1,76.92,13
3736,9.9400,0.3259,1,66.67,6
3737,9.8800,0.3258,1,83.33,12
3738,8.6400,0.3257,1,50.00,36
3739,9.9700,0.3256,1,100.00,3
3740,9.7900,0.3255,1,52.38,21
3741,9.9300,0.3254,1,71.43,7
3742,9.1200,0.3253,1,50.00,38
3743,9.9600,0.3252,1,100.00,4
3744,9.9300,0.3251,1,71.43,7
3745,9.9200,0.3250,1,75.00,8
3746,9.6200,0.3249,1,55.26,38
3747,9.7100,0.3248,1,58.62,29
3748,8.7200,0.3247,1,50.00,28
3749,9.7600,0.3246,1,75.00,24
3750,9.7800,0.3245,1,72.73,22
3751,9.9500,0.3244,1,100.00,5
3752,8.1300,0.3243,1,59.46,37
3753,9.9800,0.3242,1,100.00,2
3754,9.9400,0.3241,1,100.00,6
3755,9.9000,0.3240,1,80.00,10
3756,9.9400,0.3239,1,100.00,6
3757,9.8000,0.3238,1,70.00,20
3758,9.9700,0.3237,1,100.00,3
3759,8.8200,0.3236,1,66.67,18
3760,9.6900,0.3235,1,64.52,31
3761,9.6200,0.3234,1,52.63,38
3762,8.7100,0.3233,1,65.52,29
3763,9.7600,0.3232,1,66.67,24
3764,9.6100,0.3231,1,53.85,39
3765,9.8500,0.3230,1,100.00,15
3766,9.7600,0.3229,1,66.67,24
3767,9.1800,0.3228,1,53.12,32
3768,9.9200,0.3228,1,25.00,8
3769,9.7600,0.3227,1,66.67,24
3770,9.6400,0.3226,1,47.22,36
3771,8.6000,0.3225,1,60.00,40
3772,9.7700,0.3224,1,47.83,23
3773,9.1300,0.3223,1,59.46,37
3774,9.8200,0.3222,1,66.67,18
3775,9.7000,0.3221,1,66.67,30
3776,9.7300,0.3220,1,48.15,27
3777,8.8600,0.3219,1,31.25,64
3778,8.2100,0.3218,1,62.07,29
3779,9.9200,0.3217,1,100.00,8
3780,9.7800,0.3216,1,81.82,22
3781,9.8700,0.3215,1,38.46,13
3782,9.9400,0.3214,1,66.67,6
3783,9.9000,0.3213,1,80.00,10
3784,9.9800,0.3212,1,100.00,2
3785,8.6700,0.3211,1,51.52,33
3786,9.9200,0.3210,1,75.00,8
3787,9.3000,0.3209,1,55.00,20
3788,8.6900,0.3208,1,54.84,31
3789,8.0900,0.3207,1,53.66,41
3790,9.7900,0.3206,1,71.43,21
3791,9.8600,0.3205,1,71.43,14
3792,6.6300,0.3204,1,35.14,37
3793,9.8300,0.3203,1,64.71,17
3794,9.7800,0.3202,1,36.36,22
3795,9.9100,0.3201,1,55.56,9
3796,9.9400,0.3201,1,66.67,6
3797,9.7700,0.3200,1,73.91,23
3798,9.7500,0.3199,1,56.00,25
3799,8.9500,0.3198,1,36.36,55
3800,9.1600,0.3197,1,61.76,34
3801,9.3700,0.3196,1,76.92,13
3802,9.7100,0.3195,1,58.62,29
3803,8.2800,0.3194,1,68.18,22
3804,9.7300,0.3193,1,62.96,27
3805,9.9200,0.3192,1,75.00,8
3806,9.9400,0.3191,1,66.67,6
3807,9.8000,0.3190,1,80.00,20
3808,9.9100,0.3189,1,77.78,9
3809,9.8300,0.3188,1,52.94,17
3810,9.0100,0.3187,1,44.90,49
3811,9.7300,0.3186,1,70.37,27
3812,9.7900,0.3185,1,61.90,21
3813,8.5200,0.3184,1,45.83,48
3814,9.8900,0.3183,1,45.45,11
3815,9.8400,0.3182,1,62.50,16
3816,9.8700,0.3181,1,84.62,13
3817,9.7800,0.3180,1,81.82,22
3818,9.1100,0.3179,1,46.15,39
3819,9.9500,0.3179,1,100.00,5
3820,9.8100,0.3178,1,78.95,19
3821,9.8700,0.3177,1,53.85,13
3822,9.8700,0.3176,1,69.23,13
3823,9.3000,0.3175,1,60.00,20
3824,9.7300,0.3174,1,77.78,27
3825,9.2200,0.3173,1,60.71,28
3826,8.6600,0.3172,1,55.88,34
3827,7.6900,0.3171,1,54.84,31
3828,9.3700,0.3170,1,61.54,13
3829,9.8700,0.3169,1,69.23,13
3830,8.6800,0.3168,1,43.75,32
3831,9.8900,0.3167,1,45.45,11
3832,9.2500,0.3166,1,72.00,25
3833,8.7400,0.3165,1,69.23,26
3834,8.6600,0.3164,1,47.06,34
3835,9.3700,0.3163,1,76.92,13
3836,8.1000,0.3162,1,62.50,40
3837,8.5100,0.3161,1,46.94,49
3838,9.3700,0.3160,1,61.54,13
3839,9.8100,0.3159,1,89.47,19
3840,9.8500,0.3159,1,73.33,15
3841,9.8500,0.3158,1,73.33,15
3842,9.7200,0.3157,1,42.86,28
3843,9.1900,0.3156,1,51.61,31
3844,9.3900,0.3155,1,90.91,11
3845,9.2500,0.3154,1,88.00,25
3846,9.9500,0.3153,1,100.00,5
3847,9.6400,0.3152,1,61.11,36
3848,9.9600,0.3151,1,100.00,4
3849,9.8700,0.3150,1,100.00,13
3850,9.8800,0.3149,1,83.33,12
3851,9.3700,0.3148,1,92.31,13
3852,9.8300,0.3147,1,52.94,17
3853,9.9400,0.3146,1,100.00,6
3854,9.8400,0.3145,1,50.00,16
3855,9.8500,0.3144,1,73.33,15
3856,9.9400,0.3143,1,66.67,6
3857,9.9700,0.3142,1,100.00,3
3858,9.7200,0.3142,1,57.14,28
3859,9.9200,0.3141,1,100.00,8
3860,9.8400,0.3140,1,87.50,16
3861,9.7800,0.3139,1,63.64,22
3862,9.8600,0.3138,1,71.43,14
3863,9.8200,0.3137,1,55.56,18
3864,9.9700,0.3136,1,100.00,3
3865,9.8700,0.3135,1,84.62,13
3866,9.7300,0.3134,1,70.37,27
3867,9.6300,0.3133,1,62.16,37
3868,9.9100,0.3132,1,100.00,9
3869,7.6000,0.3131,1,45.00,40
3870,9.2400,0.3130,1,92.31,26
3871,9.5800,0.3129,1,52.38,42
3872,9.8900,0.3128,1,81.82,11
3873,9.0700,0.3127,1,51.16,43
3874,9.7200,0.3126,1,64.29,28
3875,9.8900,0.3126,1,81.82,11
3876,9.9700,0.3125,1,100.00,3
3877,8.0700,0.3124,1,41.86,43
3878,8.8400,0.3123,1,50.00,16
3879,9.7800,0.3122,1,72.73,22
3880,9.7500,0.3121,1,60.00,25
3881,9.2500,0.3120,1,72.00,25
3882,9.2600,0.3119,1,70.83,24
3883,9.3600,0.3118,1,92.86,14
3884,9.7000,0.3117,1,40.00,30
3885,9.6700,0.3116,1,63.64,33
3886,9.1300,0.3115,1,45.95,37
3887,9.8900,0.3114,1,63.64,11
3888,9.6600,0.3113,1,52.94,34
3889,9.4400,0.3112,1,39.29,56
3890,9.1700,0.3112,1,66.67,33
3891,9.7600,0.3111,1,66.67,24
3892,9.8400,0.3110,1,62.50,16
3893,8.6400,0.3109,1,61.11,36
3894,9.9200,0.3108,1,75.00,8
3895,8.7300,0.3107,1,59.26,27
3896,9.2200,0.3106,1,75.00,28
3897,9.8700,0.3105,1,84.62,13
3898,9.2000,0.3104,1,50.00,30
3899,9.8100,0.3103,1,68.42,19
3900,9.8000,0.3102,1,90.00,20
3901,9.8800,0.3101,1,66.67,12
3902,9.8800,0.3100,1,100.00,12
3903,9.7700,0.3099,1,65.22,23
3904,9.9300,0.3098,1,100.00,7
3905,9.2100,0.3098,1,48.28,29
3906,9.3700,0.3097,1,61.54,13
3907,9.7300,0.3096,1,62.96,27
3908,9.8700,0.3095,1,69.23,13
3909,9.7800,0.3094,1,54.55,22
3910,9.6700,0.3093,1,75.76,33
3911,9.9600,0.3092,1,100.00,4
3912,9.2400,0.3091,1,65.38,26
3913,9.2300,0.3090,1,81.48,27
3914,9.8600,0.3089,1,71.43,14
3915,9.6400,0.3088,1,58.33,36
3916,9.9000,0.3087,1,100.00,10
3917,9.8400,0.3086,1,75.00,16
3918,9.9200,0.3085,1,25.00,8
3919,9.9300,0.3085,1,71.43,7
3920,9.0700,0.3084,1,41.86,43
3921,9.8300,0.3083,1,88.24,17
3922,9.2400,0.3082,1,76.92,26
3923,9.8000,0.3081,1,90.00,20
3924,9.8300,0.3080,1,52.94,17
3925,8.6900,0.3079,1,61.29,31
3926,9.7100,0.3078,1,72.41,29
3927,9.8900,0.3077,1,81.82,11
3928,9.8000,0.3076,1,70.00,20
3929,9.7600,0.3075,1,41.67,24
3930,9.6500,0.3074,1,54.29,35
3931,9.9000,0.3073,1,100.00,10
3932,9.9300,0.3073,1,71.43,7
3933,9.7100,0.3072,1,58.62,29
3934,9.3200,0.3071,1,61.11,18
3935,8.6600,0.3070,1,58.82,34
3936,9.8000,0.3069,1,50.00,20
3937,9.7100,0.3068,1,58.62,29
3938,9.1500,0.3067,1,57.14,35
3939,9.1500,0.3066,1,54.29,35
3940,9.7700,0.3065,1,82.61,23
3941,9.5400,0.3064,1,43.48,46
3942,9.2800,0.3063,1,77.27,22
3943,9.8900,0.3062,1,63.64,11
3944,9.7900,0.3062,1,52.38,21
3945,9.9200,0.3061,1,50.00,8
3946,9.9000,0.3060,1,60.00,10
3947,9.9800,0.3059,1,100.00,2
3948,9.8300,0.3058,1,64.71,17
3949,9.3700,0.3057,1,61.54,13
3950,9.2300,0.3056,1,74.07,27
3951,9.0900,0.3055,1,53.66,41
3952,9.2800,0.3054,1,77.27,22
3953,9.9500,0.3053,1,100.00,5
3954,9.9300,0.3052,1,100.00,7
3955,9.8800,0.3051,1,100.00,12
3956,9.7800,0.3051,1,72.73,22
3957,8.4900,0.3050,1,37.25,51
3958,9.1100,0.3049,1,61.54,39
3959,9.7600,0.3048,1,75.00,24
3960,9.7500,0.3047,1,76.00,25
3961,9.9800,0.3046,1,100.00,2
3962,9.8900,0.3045,1,63.64,11
3963,9.6600,0.3044,1,76.47,34
3964,8.9900,0.3043,1,45.10,51
3965,9.6500,0.3042,1,54.29,35
3966,9.8300,0.3041,1,76.47,17
3967,9.7700,0.3040,1,56.52,23
3968,9.1300,0.3040,1,43.24,37
3969,9.7400,0.3039,1,84.62,26
3970,9.9700,0.3038,1,33.33,3
3971,9.9200,0.3037,1,75.00,8
3972,9.2300,0.3036,1,33.77,77
3973,9.7800,0.3035,1,90.91,22
3974,9.8900,0.3034,1,45.45,11
3975,9.0700,0.3033,1,51.16,43
3976,9.7600,0.3032,1,75.00,24
3977,9.0900,0.3031,1,48.78,41
3978,9.3200,0.3030,1,72.22,18
3979,9.9100,0.3030,1,77.78,9
3980,9.8000,0.3029,1,70.00,20
3981,9.2600,0.3028,1,70.83,24
3982,9.8900,0.3027,1,100.00,11
3983,9.6700,0.3026,1,69.70,33
3984,9.9000,0.3025,1,60.00,10
3985,9.3200,0.3024,1,50.00,18
3986,9.1400,0.3023,1,47.22,36
3987,9.9800,0.3022,1,100.00,2
3988,8.8400,0.3021,1,50.00,16
3989,9.7500,0.3020,1,68.00,25
3990,9.2400,0.3020,1,57.69,26
3991,9.0800,0.3019,1,47.62,42
3992,6.4500,0.3018,1,34.55,55
3993,9.8900,0.3017,1,100.00,11
3994,9.2300,0.3016,1,51.85,27
3995,5.2800,0.3015,1,13.64,22
3996,8.7000,0.3014,1,46.67,30
3997,9.7200,0.3013,1,71.43,28
3998,9.9100,0.3012,1,55.56,9
3999,8.8000,0.3011,1,80.00,20
4000,9.8900,0.3010,1,81.82,11
4001,9.5300,0.3010,1,53.19,47
4002,9.2300,0.3009,1,66.67,27
4003,9.9300,0.3008,1,71.43,7
4004,9.8500,0.3007,1,60.00,15
4005,9.6700,0.3006,1,27.27,33
4006,9.7400,0.3005,1,61.54,26
4007,9.6000,0.3004,1,60.00,40
4008,9.2200,0.3003,1,75.00,28
4009,9.7100,0.3002,1,72.41,29
4010,8.2800,0.3001,1,77.27,22
4011,9.2900,0.3001,1,57.14,21
4012,9.9600,0.3000,1,100.00,4
4013,9.4300,0.2999,1,57.14,7
4014,9.9000,0.2998,1,60.00,10
4015,9.7100,0.2997,1,51.72,29
4016,9.9300,0.2996,1,42.86,7
4017,9.6500,0.2995,1,60.00,35
4018,9.8000,0.2994,1,80.00,20
4019,9.9500,0.2993,1,100.00,5
4020,9.2200,0.2992,1,75.00,28
4021,9.8700,0.2992,1,84.62,13
4022,9.9100,0.2991,1,77.78,9
4023,9.5400,0.2990,1,52.17,46
4024,9.1200,0.2989,1,44.74,38
4025,9.9600,0.2988,1,100.00,4
4026,9.9700,0.2987,1,100.00,3
4027,9.8900,0.2986,1,81.82,11
4028,7.9200,0.2985,1,27.59,58
4029,9.8800,0.2984,1,83.33,12
4030,9.7300,0.2984,1,62.96,27
4031,9.7800,0.2983,1,81.82,22
4032,9.2100,0.2982,1,75.86,29
4033,8.8100,0.2981,1,68.42,19
4034,9.7700,0.2980,1,73.91,23
4035,9.2500,0.2979,1,72.00,25
4036,9.8800,0.2978,1,83.33,12
4037,9.2300,0.2977,1,66.67,27
4038,9.7600,0.2976,1,75.00,24
4039,8.6600,0.2975,1,52.94,34
4040,7.8800,0.2975,1,22.58,62
4041,9.1300,0.2974,1,64.86,37
4042,9.7700,0.2973,1,39.13,23
4043,9.9500,0.2972,1,20.00,5
4044,7.7700,0.2971,1,65.22,23
4045,9.8400,0.2970,1,62.50,16
4046,8.6700,0.2969,1,27.27,33
4047,9.6500,0.2968,1,65.71,35
4048,9.7700,0.2967,1,65.22,23
4049,9.9500,0.2967,1,100.00,5
4050,9.8500,0.2966,1,73.33,15
4051,9.3200,0.2965,1,61.11,18
4052,9.7900,0.2964,1,80.95,21
4053,9.8200,0.2963,1,77.78,18
4054,9.7600,0.2962,1,66.67,24
4055,9.9600,0.2961,1,100.00,4
4056,9.1600,0.2960,1,67.65,34
4057,9.7800,0.2959,1,54.55,22
4058,9.9700,0.2959,1,100.00,3
4059,9.7600,0.2958,1,83.33,24
4060,9.9600,0.2957,1,100.00,4
4061,9.8000,0.2956,1,50.00,20
4062,9.8100,0.2955,1,47.37,19
4063,9.9400,0.2954,1,66.67,6
4064,9.1700,0.2953,1,66.67,33
4065,9.6600,0.2952,1,52.94,34
4066,8.1300,0.2951,1,54.05,37
4067,9.7700,0.2951,1,73.91,23
4068,9.8000,0.2950,1,70.00,20
4069,8.8500,0.2949,1,73.33,15
4070,9.7800,0.2948,1,81.82,22
4071,9.4800,0.2947,1,40.38,52
4072,9.3100,0.2946,1,73.68,19
4073,9.3100,0.2945,1,63.16,19
4074,9.3200,0.2944,1,50.00,18
4075,9.8500,0.2944,1,86.67,15
4076,9.7100,0.2943,1,65.52,29
4077,9.7300,0.2942,1,85.19,27
4078,9.8500,0.2941,1,73.33,15
4079,9.6500,0.2940,1,60.00,35
4080,9.8100,0.2939,1,89.47,19
4081,9.8000,0.2938,1,85.00,20
4082,9.2700,0.2937,1,69.57,23
4083,8.7300,0.2936,1,55.56,27
4084,9.9300,0.2936,1,100.00,7
4085,9.8100,0.2935,1,57.89,19
4086,9.6000,0.2934,1,55.00,40
4087,9.8100,0.2933,1,57.89,19
4088,9.8700,0.2932,1,69.23,13
4089,9.9700,0.2931,1,100.00,3
4090,9.9300,0.2930,1,100.00,7
4091,9.9100,0.2929,1,100.00,9
4092,9.2100,0.2929,1,27.59,29
4093,9.2000,0.2928,1,50.00,30
4094,9.8200,0.2927,1,66.67,18
4095,9.9000,0.2926,1,60.00,10
4096,9.9500,0.2925,1,100.00,5
4097,9.3200,0.2924,1,61.11,18
4098,9.6100,0.2923,1,43.59,39
4099,9.9500,0.2922,1,100.00,5
4100,9.9400,0.2922,1,66.67,6
4101,9.7800,0.2921,1,72.73,22
4102,9.2000,0.2920,1,63.33,30
4103,9.1100,0.2919,1,56.41,39
4104,9.2200,0.2918,1,53.57,28
4105,9.9600,0.2917,1,100.00,4
4106,9.3400,0.2916,1,81.25,16
4107,9.9100,0.2915,1,77.78,9
4108,8.6800,0.2915,1,56.25,32
4109,8.7700,0.2914,1,65.22,23
4110,9.9200,0.2913,1,100.00,8
4111,8.2400,0.2912,1,65.38,26
4112,9.8500,0.2911,1,60.00,15
4113,8.1600,0.2910,1,55.88,34
4114,9.9500,0.2909,1,100.00,5
4115,9.6500,0.2908,1,65.71,35
4116,9.1500,0.2908,1,51.43,35
4117,8.1700,0.2907,1,60.61,33
4118,6.6200,0.2906,1,42.11,38
4119,9.7700,0.2905,1,82.61,23
4120,9.9300,0.2904,1,71.43,7
4121,9.8300,0.2903,1,88.24,17
4122,8.5900,0.2902,1,53.66,41
4123,9.7200,0.2901,1,64.29,28
4124,8.7200,0.2901,1,64.29,28
4125,9.9100,0.2900,1,55.56,9
4126,9.8200,0.2899,1,83.33,18
4127,9.3400,0.2898,1,68.75,16
4128,9.8100,0.2897,1,78.95,19
4129,9.2500,0.2896,1,72.00,25
4130,9.8000,0.2895,1,90.00,20
4131,9.7200,0.2894,1,57.14,28
4132,9.6000,0.2894,1,55.00,40
4133,9.8900,0.2893,1,45.45,11
4134,9.7300,0.2892,1,44.44,27
4135,9.8300,0.2891,1,76.47,17
4136,9.9600,0.2890,1,100.00,4
4137,9.7000,0.2889,1,60.00,30
4138,9.8800,0.2888,1,100.00,12
4139,9.9000,0.2888,1,60.00,10
4140,9.6700,0.2887,1,63.64,33
4141,9.9200,0.2886,1,100.00,8
4142,9.9800,0.2885,1,100.00,2
4143,9.0700,0.2884,1,48.84,43
4144,9.9000,0.2883,1,80.00,10
4145,9.7600,0.2882,1,16.67,24
4146,9.8800,0.2881,1,83.33,12
4147,9.8400,0.2881,1,75.00,16
4148,9.7000,0.2880,1,73.33,30
4149,9.8400,0.2879,1,56.25,16
4150,9.9900,0.2878,1,100.00,1
4151,9.7900,0.2877,1,71.43,21
4152,9.9300,0.2876,1,100.00,7
4153,9.6300,0.2875,1,56.76,37
4154,9.7300,0.2875,1,48.15,27
4155,9.7200,0.2874,1,64.29,28
4156,9.9000,0.2873,1,60.00,10
4157,9.8300,0.2872,1,76.47,17
4158,9.8600,0.2871,1,71.43,14
4159,9.7800,0.2870,1,54.55,22
4160,9.8900,0.2869,1,81.82,11
4161,8.1700,0.2869,1,48.48,33
4162,9.7500,0.2868,1,76.00,25
4163,9.9700,0.2867,1,100.00,3
4164,9.8200,0.2866,1,88.89,18
4165,9.5000,0.2865,1,40.00,50
4166,9.8100,0.2864,1,89.47,19
4167,9.8500,0.2863,1,86.67,15
4168,9.7600,0.2863,1,83.33,24
4169,9.2500,0.2862,1,64.00,25
4170,9.8900,0.2861,1,100.00,11
4171,9.7600,0.2860,1,58.33,24
4172,9.9500,0.2859,1,60.00,5
4173,9.8800,0.2858,1,83.33,12
4174,9.7700,0.2857,1,73.91,23
4175,9.8700,0.2857,1,84.62,13
4176,9.7600,0.2856,1,75.00,24
4177,9.9200,0.2855,1,50.00,8
4178,9.6300,0.2854,1,62.16,37
4179,9.3200,0.2853,1,94.44,18
4180,9.3700,0.2852,1,61.54,13
4181,8.2000,0.2851,1,56.67,30
4182,9.8900,0.2851,1,100.00,11
4183,9.7600,0.2850,1,66.67,24
4184,9.6700,0.2849,1,51.52,33
4185,9.2600,0.2848,1,62.50,24
4186,9.0300,0.2847,1,46.81,47
4187,9.7400,0.2846,1,61.54,26
4188,9.9500,0.2845,1,60.00,5
4189,9.7400,0.2845,1,69.23,26
4190,9.0700,0.2844,1,60.47,43
4191,9.6200,0.2843,1,55.26,38
4192,9.0800,0.2842,1,54.76,42
4193,9.4000,0.2841,1,90.00,10
4194,9.3000,0.2840,1,75.00,20
4195,8.5800,0.2839,1,42.86,42
4196,9.8800,0.2839,1,83.33,12
4197,9.9100,0.2838,1,100.00,9
4198,9.9000,0.2837,1,80.00,10
4199,8.8700,0.2836,1,69.23,13
4200,9.7800,0.2835,1,45.45,22
4201,9.7800,0.2834,1,54.55,22
4202,9.9000,0.2833,1,40.00,10
4203,9.8700,0.2833,1,100.00,13
4204,9.6900,0.2832,1,61.29,31
4205,9.7600,0.2831,1,87.50,24
4206,9.7000,0.2830,1,53.33,30
4207,8.7000,0.2829,1,60.00,30
4208,9.1800,0.2828,1,46.88,32
4209,8.1700,0.2828,1,66.67,33
4210,9.5000,0.2827,1,40.00,50
4211,9.9500,0.2826,1,60.00,5
4212,9.2000,0.2825,1,50.00,30
4213,9.7900,0.2824,1,52.38,21
4214,9.8400,0.2823,1,87.50,16
4215,9.9300,0.2822,1,71.43,7
4216,9.6500,0.2822,1,65.71,35
4217,9.9000,0.2821,1,60.00,10
4218,9.6800,0.2820,1,68.75,32
4219,8.6000,0.2819,1,60.00,40
4220,9.2500,0.2818,1,80.00,25
4221,9.8800,0.2817,1,66.67,12
4222,8.2300,0.2817,1,59.26,27
4223,9.7900,0.2816,1,76.19,21
4224,9.6800,0.2815,1,75.00,32
4225,9.9200,0.2814,1,100.00,8
4226,9.7400,0.2813,1,46.15,26
4227,9.8100,0.2812,1,26.32,19
4228,4.2200,0.2811,1,39.29,28
4229,9.7700,0.2811,1,82.61,23
4230,9.7000,0.2810,1,73.33,30
4231,9.7700,0.2809,1,56.52,23
4232,9.8000,0.2808,1,70.00,20
4233,9.9200,0.2807,1,100.00,8
4234,9.3600,0.2806,1,64.29,14
4235,9.8000,0.2806,1,60.00,20
4236,9.2600,0.2805,1,70.83,24
4237,9.9500,0.2804,1,60.00,5
4238,9.8100,0.2803,1,68.42,19
4239,9.7700,0.2802,1,82.61,23
4240,9.8500,0.2801,1,46.67,15
4241,9.8400,0.2800,1,75.00,16
4242,9.9500,0.2800,1,60.00,5
4243,9.9000,0.2799,1,40.00,10
4244,8.7100,0.2798,1,65.52,29
4245,9.7100,0.2797,1,58.62,29
4246,9.3300,0.2796,1,76.47,17
4247,9.9300,0.2795,1,100.00,7
4248,9.9400,0.2795,1,100.00,6
4249,9.8000,0.2794,1,70.00,20
4250,9.7100,0.2793,1,65.52,29
4251,9.9300,0.2792,1,71.43,7
4252,9.8100,0.2791,1,68.42,19
4253,9.9200,0.2790,1,50.00,8
4254,9.6900,0.2790,1,54.84,31
4255,9.9500,0.2789,1,100.00,5
4256,9.1800,0.2788,1,62.50,32
4257,8.0000,0.2787,1,42.00,50
4258,9.9300,0.2786,1,42.86,7
4259,9.9500,0.2785,1,60.00,5
4260,9.9000,0.2785,1,100.00,10
4261,9.9200,0.2784,1,100.00,8
4262,9.8600,0.2783,1,57.14,14
4263,9.3800,0.2782,1,75.00,12
4264,9.8900,0.2781,1,81.82,11
4265,9.6300,0.2780,1,62.16,37
4266,9.2100,0.2780,1,55.17,29
4267,9.4200,0.2779,1,43.10,58
4268,9.8600,0.2778,1,71.43,14
4269,9.6300,0.2777,1,56.76,37
4270,9.6000,0.2776,1,50.00,40
4271,9.9900,0.2775,1,100.00,1
4272,9.2700,0.2775,1,69.57,23
4273,9.8800,0.2774,1,100.00,12
4274,9.7800,0.2773,1,90.91,22
4275,9.8500,0.2772,1,73.33,15
4276,9.3200,0.2771,1,83.33,18
4277,9.9200,0.2770,1,75.00,8
4278,9.3000,0.2770,1,65.00,20
4279,9.1600,0.2769,1,67.65,34
4280,8.5900,0.2768,1,48.78,41
4281,9.7700,0.2767,1,91.30,23
4282,9.9700,0.2766,1,100.00,3
4283,8.7700,0.2765,1,65.22,23
4284,9.7700,0.2765,1,56.52,23
4285,9.9300,0.2764,1,71.43,7
4286,9.9500,0.2763,1,100.00,5
4287,9.3500,0.2762,1,80.00,15
4288,9.8500,0.2761,1,86.67,15
4289,9.9000,0.2760,1,80.00,10
4290,9.2900,0.2760,1,76.19,21
4291,9.7700,0.2759,1,91.30,23
4292,9.7700,0.2758,1,56.52,23
4293,9.3500,0.2757,1,80.00,15
4294,9.4800,0.2756,1,38.46,52
4295,9.7800,0.2755,1,63.64,22
4296,9.6800,0.2755,1,62.50,32
4297,9.8100,0.2754,1,68.42,19
4298,9.9000,0.2753,1,60.00,10
4299,9.7700,0.2752,1,39.13,23
4300,9.7100,0.2751,1,72.41,29
4301,9.2100,0.2751,1,82.76,29
4302,9.1300,0.2750,1,48.65,37
4303,9.9200,0.2749,1,100.00,8
4304,9.6200,0.2748,1,65.79,38
4305,9.8300,0.2747,1,88.24,17
4306,9.1600,0.2746,1,50.00,34
4307,9.7000,0.2746,1,60.00,30
4308,9.6900,0.2745,1,54.84,31
4309,8.7000,0.2744,1,73.33,30
4310,9.8800,0.2743,1,66.67,12
4311,9.8300,0.2742,1,76.47,17
4312,9.3600,0.2741,1,64.29,14
4313,9.9600,0.2741,1,100.00,4
4314,9.1100,0.2740,1,35.90,39
4315,9.8400,0.2739,1,87.50,16
4316,9.8800,0.2738,1,83.33,12
4317,9.9400,0.2737,1,66.67,6
4318,9.1200,0.2737,1,50.00,38
4319,9.8400,0.2736,1,75.00,16
4320,9.9300,0.2735,1,71.43,7
4321,9.7700,0.2734,1,82.61,23
4322,9.7700,0.2733,1,60.87,23
4323,9.7600,0.2732,1,91.67,24
4324,9.1500,0.2732,1,48.57,35
4325,8.5700,0.2731,1,58.14,43
4326,9.8500,0.2730,1,86.67,15
4327,9.7100,0.2729,1,68.97,29
4328,9.9200,0.2728,1,50.00,8
4329,9.7300,0.2728,1,62.96,27
4330,9.7900,0.2727,1,61.90,21
4331,9.3700,0.2726,1,61.54,13
4332,9.7200,0.2725,1,50.00,28
4333,9.7900,0.2724,1,80.95,21
4334,9.8800,0.2723,1,66.67,12
4335,9.1200,0.2723,1,55.26,38
4336,9.8500,0.2722,1,86.67,15
4337,7.9800,0.2721,1,32.69,52
4338,9.6700,0.2720,1,63.64,33
4339,9.7500,0.2719,1,68.00,25
4340,9.7600,0.2719,1,66.67,24
4341,9.7500,0.2718,1,60.00,25
4342,9.8500,0.2717,1,100.00,15
4343,9.7800,0.2716,1,54.55,22
4344,9.3100,0.2715,1,73.68,19
4345,8.7700,0.2714,1,82.61,23
4346,9.9900,0.2714,1,100.00,1
4347,9.2200,0.2713,1,67.86,28
4348,8.6000,0.2712,1,55.00,40
4349,9.9800,0.2711,1,100.00,2
4350,9.2800,0.2710,1,68.18,22
4351,9.8000,0.2710,1,80.00,20
4352,9.8600,0.2709,1,42.86,14
4353,9.7000,0.2708,1,46.67,30
4354,9.8300,0.2707,1,76.47,17
4355,9.2000,0.2706,1,50.00,30
4356,9.8600,0.2706,1,57.14,14
4357,9.9300,0.2705,1,71.43,7
4358,9.6700,0.2704,1,57.58,33
4359,9.7500,0.2703,1,92.00,25
4360,9.8500,0.2702,1,60.00,15
4361,9.9100,0.2701,1,77.78,9
4362,8.5800,0.2701,1,38.10,42
4363,9.9000,0.2700,1,80.00,10
4364,9.8100,0.2699,1,68.42,19
4365,8.8400,0.2698,1,62.50,16
4366,9.9500,0.2697,1,100.00,5
4367,9.8500,0.2697,1,73.33,15
4368,9.6200,0.2696,1,63.16,38
4369,9.9300,0.2695,1,100.00,7
4370,9.8000,0.2694,1,70.00,20
4371,9.8800,0.2693,1,66.67,12
4372,9.7400,0.2693,1,84.62,26
4373,9.7300,0.2692,1,48.15,27
4374,9.7500,0.2691,1,76.00,25
4375,9.8100,0.2690,1,68.42,19
4376,9.7300,0.2689,1,77.78,27
4377,9.1300,0.2689,1,54.05,37
4378,9.2200,0.2688,1,60.71,28
4379,9.8100,0.2687,1,73.68,19
4380,9.7400,0.2686,1,65.38,26
4381,9.8600,0.2685,1,100.00,14
4382,9.8300,0.2684,1,64.71,17
4383,9.9600,0.2684,1,100.00,4
4384,8.8200,0.2683,1,88.89,18
4385,9.7800,0.2682,1,72.73,22
4386,9.8600,0.2681,1,85.71,14
4387,9.6900,0.2680,1,54.84,31
4388,9.7100,0.2680,1,65.52,29
4389,9.7200,0.2679,1,64.29,28
4390,9.9600,0.2678,1,50.00,4
4391,9.7800,0.2677,1,72.73,22
4392,9.8900,0.2676,1,63.64,11
4393,9.8100,0.2676,1,89.47,19
4394,8.6900,0.2675,1,67.74,31
4395,9.7600,0.2674,1,75.00,24
4396,9.8400,0.2673,1,75.00,16
4397,8.2500,0.2672,1,56.00,25
4398,9.3100,0.2672,1,73.68,19
4399,9.7300,0.2671,1,85.19,27
4400,9.9100,0.2670,1,55.56,9
4401,9.2800,0.2669,1,95.45,22
4402,9.7800,0.2668,1,63.64,22
4403,9.9200,0.2668,1,75.00,8
4404,9.9200,0.2667,1,100.00,8
4405,9.7400,0.2666,1,84.62,26
4406,8.6900,0.2665,1,54.84,31
4407,9.9100,0.2664,1,55.56,9
4408,9.9100,0.2664,1,33.33,9
4409,9.8600,0.2663,1,85.71,14
4410,9.7800,0.2662,1,72.73,22
4411,9.1900,0.2661,1,58.06,31
4412,9.9800,0.2660,1,100.00,2
4413,9.9300,0.2660,1,100.00,7
4414,9.8500,0.2659,1,86.67,15
4415,9.2900,0.2658,1,76.19,21
4416,9.2300,0.2657,1,59.26,27
4417,9.8000,0.2656,1,70.00,20
4418,9.8400,0.2656,1,87.50,16
4419,9.8900,0.2655,1,63.64,11
4420,9.3400,0.2654,1,43.75,16
4421,9.6200,0.2653,1,57.89,38
4422,9.8500,0.2652,1,80.00,15
4423,9.9400,0.2652,1,100.00,6
4424,9.9100,0.2651,1,77.78,9
4425,9.7700,0.2650,1,73.91,23
4426,9.9500,0.2649,1,100.00,5
4427,8.9700,0.2648,1,33.96,53
4428,8.7300,0.2648,1,70.37,27
4429,9.9100,0.2647,1,55.56,9
4430,9.5800,0.2646,1,61.90,42
4431,9.8200,0.2645,1,66.67,18
4432,9.8000,0.2645,1,80.00,20
4433,9.9700,0.2644,1,100.00,3
4434,9.8000,0.2643,1,60.00,20
4435,9.1300,0.2642,1,54.05,37
4436,9.2400,0.2641,1,65.38,26
4437,9.7900,0.2641,1,80.95,21
4438,9.8800,0.2640,1,100.00,12
4439,9.7600,0.2639,1,75.00,24
4440,9.6900,0.2638,1,64.52,31
4441,9.9500,0.2637,1,100.00,5
4442,9.9300,0.2637,1,100.00,7
4443,9.8500,0.2636,1,60.00,15
4444,9.6500,0.2635,1,60.00,35
4445,9.9800,0.2634,1,100.00,2
4446,9.8800,0.2633,1,66.67,12
4447,9.3600,0.2633,1,78.57,14
4448,8.7100,0.2632,1,65.52,29
4449,9.2300,0.2631,1,59.26,27
4450,9.9800,0.2630,1,100.00,2
4451,9.9500,0.2629,1,60.00,5
4452,9.7400,0.2629,1,53.85,26
4453,9.4100,0.2628,1,66.67,9
4454,9.7000,0.2627,1,66.67,30
4455,9.9600,0.2626,1,100.00,4
4456,9.8800,0.2626,1,66.67,12
4457,8.7100,0.2625,1,51.72,29
4458,9.7000,0.2624,1,73.33,30
4459,9.8700,0.2623,1,69.23,13
4460,9.8400,0.2622,1,87.50,16
4461,9.8900,0.2622,1,81.82,11
4462,9.7800,0.2621,1,90.91,22
4463,9.8400,0.2620,1,50.00,16
4464,9.9100,0.2619,1,55.56,9
4465,9.2900,0.2618,1,57.14,21
4466,9.9300,0.2618,1,100.00,7
4467,9.1100,0.2617,1,58.97,39
4468,9.3100,0.2616,1,52.63,19
4469,9.8400,0.2615,1,75.00,16
4470,9.0300,0.2615,1,46.81,47
4471,9.6700,0.2614,1,63.64,33
4472,9.8500,0.2613,1,73.33,15
4473,9.9600,0.2612,1,100.00,4
4474,9.8700,0.2611,1,69.23,13
4475,9.7000,0.2611,1,66.67,30
4476,7.6500,0.2610,1,54.29,35
4477,9.8900,0.2609,1,45.45,11
4478,9.8700,0.2608,1,100.00,13
4479,8.6800,0.2607,1,68.75,32
4480,9.7100,0.2607,1,65.52,29
4481,9.9300,0.2606,1,71.43,7
4482,9.3400,0.2605,1,56.25,16
4483,9.1700,0.2604,1,57.58,33
4484,9.8200,0.2604,1,55.56,18
4485,9.9800,0.2603,1,100.00,2
4486,9.3200,0.2602,1,83.33,18
4487,9.6900,0.2601,1,67.74,31
4488,9.9300,0.2600,1,100.00,7
4489,8.7000,0.2600,1,66.67,30
4490,9.7100,0.2599,1,72.41,29
4491,9.4600,0.2598,1,75.00,4
4492,9.8600,0.2597,1,57.14,14
4493,9.8600,0.2597,1,85.71,14
4494,9.8100,0.2596,1,78.95,19
4495,9.9600,0.2595,1,50.00,4
4496,9.6900,0.2594,1,67.74,31
4497,9.6700,0.2593,1,69.70,33
4498,9.2600,0.2593,1,70.83,24
4499,9.7700,0.2592,1,65.22,23
4500,3.4900,0.2591,1,39.22,51
4501,9.9000,0.2590,1,40.00,10
4502,9.7700,0.2590,1,91.30,23
4503,9.8300,0.2589,1,52.94,17
4504,9.8900,0.2588,1,81.82,11
4505,9.7600,0.2587,1,75.00,24
4506,9.2300,0.2586,1,74.07,27
4507,9.3000,0.2586,1,75.00,20
4508,9.9200,0.2585,1,50.00,8
4509,9.3600,0.2584,1,50.00,14
4510,9.3100,0.2583,1,73.68,19
4511,9.7200,0.2583,1,78.57,28
4512,9.9900,0.2582,1,100.00,1
4513,9.8100,0.2581,1,68.42,19
4514,9.7900,0.2580,1,57.14,21
4515,9.2800,0.2579,1,77.27,22
4516,9.9800,0.2579,1,100.00,2
4517,8.7000,0.2578,1,60.00,30
4518,9.8800,0.2577,1,66.67,12
4519,9.8000,0.2576,1,80.00,20
4520,9.8900,0.2576,1,45.45,11
4521,9.6700,0.2575,1,69.70,33
4522,9.9800,0.2574,1,100.00,2
4523,9.9600,0.2573,1,100.00,4
4524,9.8800,0.2573,1,83.33,12
4525,9.2500,0.2572,1,80.00,25
4526,9.7200,0.2571,1,71.43,28
4527,9.9200,0.2570,1,100.00,8
4528,8.7500,0.2569,1,64.00,25
4529,9.8900,0.2569,1,81.82,11
4530,9.2000,0.2568,1,56.67,30
4531,9.7600,0.2567,1,66.67,24
4532,9.9200,0.2566,1,100.00,8
4533,9.8600,0.2566,1,71.43,14
4534,9.9400,0.2565,1,100.00,6
4535,9.3600,0.2564,1,78.57,14
4536,2.7300,0.2563,1,48.15,27
4537,9.7400,0.2562,1,76.92,26
4538,7.0700,0.2562,1,19.35,93
4539,9.7600,0.2561,1,75.00,24
4540,9.8000,0.2560,1,80.00,20
4541,9.8900,0.2559,1,81.82,11
4542,9.2600,0.2559,1,70.83,24
4543,9.5900,0.2558,1,56.10,41
4544,9.8300,0.2557,1,100.00,17
4545,9.9400,0.2556,1,66.67,6
4546,9.9300,0.2556,1,100.00,7
4547,9.3600,0.2555,1,78.57,14
4548,9.7700,0.2554,1,73.91,23
4549,9.8100,0.2553,1,78.95,19
4550,9.2600,0.2553,1,87.50,24
4551,9.7700,0.2552,1,91.30,23
4552,9.9600,0.2551,1,100.00,4
4553,9.6100,0.2550,1,48.72,39
4554,9.9000,0.2549,1,80.00,10
4555,9.8800,0.2549,1,50.00,12
4556,9.8100,0.2548,1,89.47,19
4557,9.8000,0.2547,1,70.00,20
4558,9.2600,0.2546,1,54.17,24
4559,9.9300,0.2546,1,71.43,7
4560,9.8100,0.2545,1,89.47,19
4561,9.8700,0.2544,1,100.00,13
4562,9.9300,0.2543,1,100.00,7
4563,9.8400,0.2543,1,62.50,16
4564,9.9700,0.2542,1,100.00,3
4565,9.6600,0.2541,1,52.94,34
4566,8.9200,0.2540,1,75.00,8
4567,3.9800,0.2540,1,36.54,52
4568,9.9100,0.2539,1,33.33,9
4569,9.7300,0.2538,1,62.96,27
4570,9.7500,0.2537,1,68.00,25
4571,9.9400,0.2536,1,100.00,6
4572,9.1900,0.2536,1,58.06,31
4573,9.7400,0.2535,1,76.92,26
4574,8.6900,0.2534,1,61.29,31
4575,9.9200,0.2533,1,100.00,8
4576,9.8500,0.2533,1,73.33,15
4577,9.8800,0.2532,1,66.67,12
4578,9.9000,0.2531,1,100.00,10
4579,9.7600,0.2530,1,66.67,24
4580,9.7500,0.2530,1,76.00,25
4581,9.9100,0.2529,1,77.78,9
4582,9.6700,0.2528,1,75.76,33
4583,9.8900,0.2527,1,81.82,11
4584,9.1800,0.2527,1,53.12,32
4585,9.0800,0.2526,1,50.00,42
4586,9.7700,0.2525,1,100.00,23
4587,9.6700,0.2524,1,69.70,33
4588,8.7300,0.2524,1,70.37,27
4589,9.8000,0.2523,1,60.00,20
4590,9.2700,0.2522,1,78.26,23
4591,9.2600,0.2521,1,70.83,24
4592,9.6700,0.2521,1,51.52,33
4593,9.1700,0.2520,1,66.67,33
4594,9.9600,0.2519,1,100.00,4
4595,9.9800,0.2518,1,100.00,2
4596,9.7800,0.2518,1,63.64,22
4597,9.7600,0.2517,1,91.67,24
4598,9.9300,0.2516,1,71.43,7
4599,9.7600,0.2515,1,75.00,24
4600,9.7600,0.2515,1,83.33,24
4601,9.6300,0.2514,1,54.05,37
4602,9.7200,0.2513,1,57.14,28
4603,9.9300,0.2512,1,100.00,7
4604,9.2500,0.2511,1,72.00,25
4605,9.7000,0.2511,1,73.33,30
4606,9.9400,0.2510,1,100.00,6
4607,9.8100,0.2509,1,89.47,19
4608,9.2700,0.2508,1,78.26,23
4609,8.7300,0.2508,1,55.56,27
4610,9.6500,0.2507,1,65.71,35
4611,9.8500,0.2506,1,60.00,15
4612,9.7700,0.2505,1,65.22,23
4613,9.6300,0.2505,1,56.76,37
4614,9.9900,0.2504,1,100.00,1
4615,9.2200,0.2503,1,46.43,28
4616,9.7900,0.2502,1,100.00,21
4617,9.6700,0.2502,1,63.64,33
4618,9.8600,0.2501,1,85.71,14
4619,9.6100,0.2500,1,43.59,39
4620,9.3300,0.2499,1,70.59,17
4621,9.7900,0.2499,1,71.43,21
4622,9.8700,0.2498,1,69.23,13
4623,9.9700,0.2497,1,100.00,3
4624,9.8900,0.2496,1,81.82,11
4625,8.7300,0.2496,1,70.37,27
4626,9.3000,0.2495,1,95.00,20
4627,9.9300,0.2494,1,71.43,7
4628,9.7200,0.2493,1,64.29,28
4629,8.6800,0.2493,1,68.75,32
4630,9.8000,0.2492,1,80.00,20
4631,9.1600,0.2491,1,61.76,34
4632,9.9800,0.2490,1,100.00,2
4633,9.3700,0.2490,1,76.92,13
4634,9.9800,0.2489,1,100.00,2
4635,9.2700,0.2488,1,78.26,23
4636,9.9800,0.2487,1,100.00,2
4637,9.9400,0.2487,1,100.00,6
4638,9.7500,0.2486,1,60.00,25
4639,9.8800,0.2485,1,66.67,12
4640,9.2500,0.2485,1,72.00,25
4641,9.9400,0.2484,1,100.00,6
4642,9.9000,0.2483,1,80.00,10
4643,9.8100,0.2482,1,68.42,19
4644,9.1200,0.2482,1,60.53,38
4645,9.8000,0.2481,1,90.00,20
4646,9.8900,0.2480,1,63.64,11
4647,8.7400,0.2479,1,69.23,26
4648,9.6300,0.2479,1,56.76,37
4649,9.8400,0.2478,1,62.50,16
4650,7.6500,0.2477,1,54.29,35
4651,8.1300,0.2476,1,51.35,37
4652,9.9200,0.2476,1,100.00,8
4653,9.8000,0.2475,1,80.00,20
4654,9.9200,0.2474,1,100.00,8
4655,9.7800,0.2473,1,72.73,22
4656,9.8800,0.2473,1,83.33,12
4657,9.3500,0.2472,1,66.67,15
4658,9.9400,0.2471,1,100.00,6
4659,9.8900,0.2470,1,100.00,11
4660,8.6200,0.2470,1,22.73,88
4661,9.7600,0.2469,1,100.00,24
4662,9.2900,0.2468,1,66.67,21
4663,9.8200,0.2467,1,77.78,18
4664,9.1500,0.2467,1,68.57,35
4665,9.7000,0.2466,1,53.33,30
4666,6.0600,0.2465,1,52.27,44
4667,9.7200,0.2464,1,71.43,28
4668,9.9300,0.2464,1,71.43,7
4669,9.4700,0.2463,1,66.67,3
4670,9.6900,0.2462,1,54.84,31
4671,9.3500,0.2462,1,53.33,15
4672,9.7300,0.2461,1,70.37,27
4673,9.9800,0.2460,1,100.00,2
4674,9.7500,0.2459,1,76.00,25
4675,9.9500,0.2459,1,60.00,5
4676,9.9300,0.2458,1,71.43,7
4677,9.9400,0.2457,1,66.67,6
4678,9.1600,0.2456,1,47.06,34
4679,9.6700,0.2456,1,57.58,33
4680,9.1100,0.2455,1,56.41,39
4681,9.3400,0.2454,1,68.75,16
4682,9.9100,0.2453,1,55.56,9
4683,9.9200,0.2453,1,100.00,8
4684,9.9100,0.2452,1,55.56,9
4685,9.8000,0.2451,1,80.00,20
4686,9.7800,0.2450,1,81.82,22
4687,9.8100,0.2450,1,78.95,19
4688,9.9600,0.2449,1,100.00,4
4689,9.2400,0.2448,1,65.38,26
4690,9.8500,0.2448,1,86.67,15
4691,9.2600,0.2447,1,62.50,24
4692,9.9300,0.2446,1,71.43,7
4693,9.8600,0.2445,1,71.43,14
4694,9.9700,0.2445,1,100.00,3
4695,9.9300,0.2444,1,100.00,7
4696,9.9500,0.2443,1,100.00,5
4697,9.9300,0.2442,1,71.43,7
4698,9.6100,0.2442,1,64.10,39
4699,9.6300,0.2441,1,56.76,37
4700,9.8700,0.2440,1,69.23,13
4701,9.9000,0.2439,1,60.00,10
4702,9.8800,0.2439,1,66.67,12
4703,9.9000,0.2438,1,80.00,10
4704,9.9500,0.2437,1,100.00,5
4705,9.9800,0.2437,1,100.00,2
4706,9.8700,0.2436,1,69.23,13
4707,9.7000,0.2435,1,66.67,30
4708,9.8900,0.2434,1,81.82,11
4709,9.8000,0.2434,1,80.00,20
4710,9.9100,0.2433,1,100.00,9
4711,9.1500,0.2432,1,57.14,35
4712,9.6500,0.2431,1,65.71,35
4713,9.1800,0.2431,1,59.38,32
4714,9.3300,0.2430,1,70.59,17
4715,9.9700,0.2429,1,100.00,3
4716,9.8200,0.2428,1,77.78,18
4717,9.1800,0.2428,1,65.62,32
4718,9.6900,0.2427,1,74.19,31
4719,9.8700,0.2426,1,69.23,13
4720,9.7300,0.2426,1,77.78,27
4721,9.3900,0.2425,1,54.55,11
4722,9.9500,0.2424,1,60.00,5
4723,9.6800,0.2423,1,68.75,32
4724,9.7000,0.2423,1,80.00,30
4725,9.1900,0.2422,1,77.42,31
4726,9.9600,0.2421,1,100.00,4
4727,9.7700,0.2420,1,65.22,23
4728,9.1100,0.2420,1,51.28,39
4729,9.7500,0.2419,1,68.00,25
4730,9.6700,0.2418,1,63.64,33
4731,9.8200,0.2418,1,88.89,18
4732,9.9000,0.2417,1,100.00,10
4733,9.5500,0.2416,1,55.56,45
4734,8.8100,0.2415,1,68.42,19
4735,9.8200,0.2415,1,77.78,18
4736,9.8100,0.2414,1,78.95,19
4737,9.8100,0.2413,1,36.84,19
4738,7.5100,0.2413,1,42.86,49
4739,9.8600,0.2412,1,85.71,14
4740,9.9300,0.2411,1,71.43,7
4741,9.8200,0.2410,1,88.89,18
4742,9.8900,0.2410,1,100.00,11
4743,9.8000,0.2409,1,80.00,20
4744,9.9600,0.2408,1,100.00,4
4745,9.9300,0.2407,1,100.00,7
4746,9.8800,0.2407,1,100.00,12
4747,9.9400,0.2406,1,100.00,6
4748,9.8900,0.2405,1,100.00,11
4749,9.2800,0.2405,1,77.27,22
4750,9.8900,0.2404,1,63.64,11
4751,9.2000,0.2403,1,70.00,30
4752,9.9900,0.2402,1,100.00,1
4753,9.9000,0.2402,1,100.00,10
4754,9.1300,0.2401,1,62.16,37
4755,9.7600,0.2400,1,83.33,24
4756,8.6900,0.2400,1,54.84,31
4757,9.9200,0.2399,1,100.00,8
4758,9.6000,0.2398,1,55.00,40
4759,9.9000,0.2397,1,60.00,10
4760,9.7100,0.2397,1,72.41,29
4761,9.3200,0.2396,1,72.22,18
4762,9.2300,0.2395,1,81.48,27
4763,9.8900,0.2394,1,81.82,11
4764,9.8500,0.2394,1,86.67,15
4765,9.8700,0.2393,1,84.62,13
4766,9.7000,0.2392,1,60.00,30
4767,9.7300,0.2392,1,62.96,27
4768,9.7700,0.2391,1,47.83,23
4769,9.7100,0.2390,1,65.52,29
4770,9.7100,0.2389,1,79.31,29
4771,9.8100,0.2389,1,89.47,19
4772,9.8200,0.2388,1,77.78,18
4773,9.2000,0.2387,1,70.00,30
4774,9.8000,0.2387,1,90.00,20
4775,9.1500,0.2386,1,68.57,35
4776,9.8800,0.2385,1,83.33,12
4777,9.9400,0.2384,1,100.00,6
4778,9.9100,0.2384,1,33.33,9
4779,9.8300,0.2383,1,76.47,17
4780,9.7400,0.2382,1,76.92,26
4781,9.0300,0.2382,1,38.30,47
4782,9.8500,0.2381,1,73.33,15
4783,8.1400,0.2380,1,58.33,36
4784,9.8600,0.2379,1,85.71,14
4785,9.8700,0.2379,1,69.23,13
4786,9.3000,0.2378,1,60.00,20
4787,9.7300,0.2377,1,77.78,27
4788,9.9200,0.2377,1,75.00,8
4789,9.8100,0.2376,1,89.47,19
4790,9.9100,0.2375,1,100.00,9
4791,9.8500,0.2374,1,86.67,15
4792,9.8200,0.2374,1,77.78,18
4793,9.9200,0.2373,1,50.00,8
4794,9.9200,0.2372,1,100.00,8
4795,9.7200,0.2372,1,67.86,28
4796,9.9300,0.2371,1,100.00,7
4797,9.1500,0.2370,1,62.86,35
4798,9.9200,0.2369,1,75.00,8
4799,9.7400,0.2369,1,76.92,26
4800,9.7400,0.2368,1,69.23,26
4801,9.2100,0.2367,1,75.86,29
4802,9.9700,0.2367,1,100.00,3
4803,9.7800,0.2366,1,63.64,22
4804,9.9500,0.2365,1,100.00,5
4805,9.9000,0.2365,1,100.00,10
4806,9.9700,0.2364,1,100.00,3
4807,9.8200,0.2363,1,66.67,18
4808,9.9400,0.2362,1,100.00,6
4809,9.2700,0.2362,1,69.57,23
4810,9.9100,0.2361,1,55.56,9
4811,9.6500,0.2360,1,48.57,35
4812,9.6700,0.2360,1,69.70,33
4813,9.9300,0.2359,1,100.00,7
4814,9.8300,0.2358,1,52.94,17
4815,9.9800,0.2357,1,100.00,2
4816,9.7700,0.2357,1,82.61,23
4817,9.9600,0.2356,1,100.00,4
4818,9.2200,0.2355,1,53.57,28
4819,9.9400,0.2355,1,66.67,6
4820,9.3500,0.2354,1,66.67,15
4821,9.6600,0.2353,1,52.94,34
4822,9.8300,0.2352,1,88.24,17
4823,9.9500,0.2352,1,100.00,5
4824,8.2500,0.2351,1,72.00,25
4825,9.8400,0.2350,1,100.00,16
4826,9.1700,0.2350,1,54.55,33
4827,9.3300,0.2349,1,58.82,17
4828,9.9400,0.2348,1,66.67,6
4829,9.9600,0.2348,1,100.00,4
4830,9.8600,0.2347,1,85.71,14
4831,9.8900,0.2346,1,81.82,11
4832,9.9500,0.2345,1,100.00,5
4833,9.5800,0.2345,1,52.38,42
4834,9.8300,0.2344,1,64.71,17
4835,8.7300,0.2343,1,70.37,27
4836,9.9200,0.2343,1,100.00,8
4837,9.9000,0.2342,1,100.00,10
4838,9.7500,0.2341,1,60.00,25
4839,9.8900,0.2341,1,100.00,11
4840,9.7300,0.2340,1,77.78,27
4841,9.9200,0.2339,1,100.00,8
4842,9.6900,0.2338,1,67.74,31
4843,9.8100,0.2338,1,78.95,19
4844,9.7600,0.2337,1,83.33,24
4845,9.7900,0.2336,1,71.43,21
4846,9.9300,0.2336,1,71.43,7
4847,9.8100,0.2335,1,47.37,19
4848,9.9500,0.2334,1,100.00,5
4849,9.1400,0.2333,1,52.78,36
4850,9.1900,0.2333,1,51.61,31
4851,9.7500,0.2332,1,40.00,25
4852,9.7900,0.2331,1,90.48,21
4853,9.3100,0.2331,1,63.16,19
4854,9.1300,0.2330,1,59.46,37
4855,9.2700,0.2329,1,86.96,23
4856,9.7100,0.2329,1,65.52,29
4857,9.8100,0.2328,1,57.89,19
4858,9.2800,0.2327,1,77.27,22
4859,9.7800,0.2327,1,90.91,22
4860,9.2300,0.2326,1,44.44,27
4861,8.8000,0.2325,1,80.00,20
4862,9.9100,0.2324,1,55.56,9
4863,9.2800,0.2324,1,77.27,22
4864,9.9400,0.2323,1,100.00,6
4865,9.8600,0.2322,1,85.71,14
4866,8.2500,0.2322,1,64.00,25
4867,8.8200,0.2321,1,66.67,18
4868,9.9100,0.2320,1,77.78,9
4869,9.9800,0.2320,1,100.00,2
4870,9.8400,0.2319,1,50.00,16
4871,9.2900,0.2318,1,61.90,21
4872,9.7200,0.2317,1,64.29,28
4873,9.7200,0.2317,1,78.57,28
4874,9.8200,0.2316,1,88.89,18
4875,9.1500,0.2315,1,57.14,35
4876,9.7000,0.2315,1,53.33,30
4877,9.8700,0.2314,1,69.23,13
4878,9.8700,0.2313,1,69.23,13
4879,9.9900,0.2313,1,100.00,1
4880,9.9000,0.2312,1,80.00,10
4881,9.9000,0.2311,1,60.00,10
4882,9.9000,0.2311,1,100.00,10
4883,9.9800,0.2310,1,100.00,2
4884,9.7900,0.2309,1,90.48,21
4885,9.8900,0.2308,1,45.45,11
4886,9.9200,0.2308,1,75.00,8
4887,9.2100,0.2307,1,55.17,29
4888,9.7700,0.2306,1,65.22,23
4889,9.7600,0.2306,1,75.00,24
4890,9.8400,0.2305,1,100.00,16
4891,9.9400,0.2304,1,100.00,6
4892,9.9300,0.2304,1,100.00,7
4893,9.2200,0.2303,1,53.57,28
4894,9.8300,0.2302,1,76.47,17
4895,9.9700,0.2302,1,100.00,3
4896,9.5700,0.2301,1,48.84,43
4897,9.7300,0.2300,1,81.48,27
4898,9.8900,0.2299,1,81.82,11
4899,9.7200,0.2299,1,71.43,28
4900,9.2800,0.2298,1,86.36,22
4901,9.7800,0.2297,1,72.73,22
4902,9.2600,0.2297,1,70.83,24
4903,9.9500,0.2296,1,60.00,5
4904,9.9200,0.2295,1,75.00,8
4905,9.6900,0.2295,1,58.06,31
4906,9.7800,0.2294,1,72.73,22
4907,9.8400,0.2293,1,75.00,16
4908,9.9600,0.2293,1,100.00,4
4909,9.8500,0.2292,1,60.00,15
4910,9.2400,0.2291,1,80.77,26
4911,9.8100,0.2290,1,84.21,19
4912,9.8300,0.2290,1,88.24,17
4913,9.7400,0.2289,1,69.23,26
4914,9.9700,0.2288,1,100.00,3
4915,9.9000,0.2288,1,100.00,10
4916,9.9500,0.2287,1,60.00,5
4917,9.9300,0.2286,1,100.00,7
4918,9.7700,0.2286,1,73.91,23
4919,9.7300,0.2285,1,81.48,27
4920,9.7600,0.2284,1,91.67,24
4921,9.1900,0.2284,1,70.97,31
4922,9.9700,0.2283,1,33.33,3
4923,9.8800,0.2282,1,83.33,12
4924,8.2800,0.2282,1,33.33,72
4925,9.9700,0.2281,1,100.00,3
4926,9.8800,0.2280,1,83.33,12
4927,9.7100,0.2280,1,58.62,29
4928,9.9100,0.2279,1,55.56,9
4929,9.3900,0.2278,1,54.55,11
4930,9.8500,0.2277,1,60.00,15
4931,9.7000,0.2277,1,66.67,30
4932,9.2000,0.2276,1,70.00,30
4933,9.7500,0.2275,1,60.00,25
4934,9.8200,0.2275,1,100.00,18
4935,9.9500,0.2274,1,100.00,5
4936,9.2200,0.2273,1,75.00,28
4937,9.2200,0.2273,1,60.71,28
4938,9.8300,0.2272,1,100.00,17
4939,9.9100,0.2271,1,100.00,9
4940,7.6600,0.2271,1,47.06,34
4941,9.6000,0.2270,1,65.00,40
4942,8.7100,0.2269,1,79.31,29
4943,9.2200,0.2269,1,82.14,28
4944,9.7300,0.2268,1,77.78,27
4945,9.9600,0.2267,1,50.00,4
4946,8.6200,0.2267,1,44.74,38
4947,9.8800,0.2266,1,66.67,12
4948,9.9100,0.2265,1,77.78,9
4949,9.7900,0.2265,1,71.43,21
4950,9.9700,0.2264,1,100.00,3
4951,9.9700,0.2263,1,100.00,3
4952,9.7700,0.2262,1,91.30,23
4953,9.8100,0.2262,1,78.95,19
4954,9.9100,0.2261,1,55.56,9
4955,9.9100,0.2260,1,77.78,9
4956,9.8500,0.2260,1,86.67,15
4957,9.9100,0.2259,1,33.33,9
4958,9.9200,0.2258,1,75.00,8
4959,9.8100,0.2258,1,89.47,19
4960,9.8100,0.2257,1,89.47,19
4961,9.6000,0.2256,1,50.00,40
4962,9.3700,0.2256,1,61.54,13
4963,9.9200,0.2255,1,75.00,8
4964,9.2900,0.2254,1,57.14,21
4965,9.7900,0.2254,1,71.43,21
4966,9.7400,0.2253,1,76.92,26
4967,9.3400,0.2252,1,93.75,16
4968,9.8500,0.2252,1,60.00,15
4969,9.6500,0.2251,1,65.71,35
4970,9.6600,0.2250,1,58.82,34
4971,9.7000,0.2250,1,80.00,30
4972,9.1800,0.2249,1,59.38,32
4973,8.8100,0.2248,1,89.47,19
4974,9.6700,0.2248,1,66.67,33
4975,9.7400,0.2247,1,53.85,26
4976,9.9500,0.2246,1,100.00,5
4977,9.7500,0.2246,1,76.00,25
4978,9.8800,0.2245,1,33.33,12
4979,9.9400,0.2244,1,100.00,6
4980,9.7800,0.2244,1,100.00,22
4981,9.2300,0.2243,1,81.48,27
4982,9.9300,0.2242,1,71.43,7
4983,9.8200,0.2242,1,72.22,18
4984,9.7800,0.2241,1,90.91,22
4985,9.8600,0.2240,1,71.43,14
4986,9.9100,0.2240,1,33.33,9
4987,9.9200,0.2239,1,100.00,8
4988,9.8500,0.2238,1,66.67,15
4989,9.2000,0.2238,1,70.00,30
4990,9.8800,0.2237,1,66.67,12
4991,9.9200,0.2236,1,75.00,8
4992,9.3200,0.2235,1,94.44,18
4993,9.9000,0.2235,1,80.00,10
4994,9.6800,0.2234,1,71.88,32
4995,9.9800,0.2233,1,100.00,2
4996,9.9200,0.2233,1,100.00,8
4997,9.9400,0.2232,1,100.00,6
4998,9.4000,0.2231,1,90.00,10
4999,9.8700,0.2231,1,100.00,13
5000,9.7900,0.2230,1,71.43,21
5001,9.1800,0.2229,1,62.50,32
5002,9.9700,0.2229,1,100.00,3
5003,9.9900,0.2228,1,100.00,1
5004,9.8400,0.2227,1,50.00,16
5005,9.9100,0.2227,1,55.56,9
5006,9.7400,0.2226,1,46.15,26
5007,9.7800,0.2225,1,72.73,22
5008,9.7200,0.2225,1,64.29,28
5009,9.1400,0.2224,1,63.89,36
5010,9.8500,0.2223,1,73.33,15
5011,8.6400,0.2223,1,55.56,36
5012,9.9800,0.2222,1,100.00,2
5013,8.6800,0.2221,1,62.50,32
5014,9.1700,0.2221,1,60.61,33
5015,9.8500,0.2220,1,60.00,15
5016,8.7000,0.2219,1,33.33,30
5017,9.8800,0.2219,1,83.33,12
5018,8.8800,0.2218,1,83.33,12
5019,8.7700,0.2217,1,65.22,23
5020,9.9700,0.2217,1,100.00,3
5021,9.7500,0.2216,1,68.00,25
5022,9.2000,0.2215,1,56.67,30
5023,8.7800,0.2215,1,72.73,22
5024,9.8200,0.2214,1,100.00,18
5025,9.6700,0.2213,1,57.58,33
5026,9.8500,0.2213,1,46.67,15
5027,9.7600,0.2212,1,75.00,24
5028,8.8400,0.2211,1,75.00,16
5029,9.9400,0.2211,1,66.67,6
5030,9.9600,0.2210,1,100.00,4
5031,9.2100,0.2209,1,68.97,29
5032,9.9200,0.2209,1,100.00,8
5033,9.7600,0.2208,1,75.00,24
5034,9.6700,0.2207,1,63.64,33
5035,9.2300,0.2207,1,66.67,27
5036,9.7400,0.2206,1,65.38,26
5037,9.1700,0.2206,1,66.67,33
5038,9.8400,0.2205,1,100.00,16
5039,9.3400,0.2204,1,81.25,16
5040,9.8300,0.2204,1,88.24,17
5041,9.9200,0.2203,1,100.00,8
5042,9.9100,0.2202,1,77.78,9
5043,9.9000,0.2202,1,100.00,10
5044,9.6200,0.2201,1,52.63,38
5045,9.2900,0.2200,1,80.95,21
5046,7.3000,0.2200,1,55.00,20
5047,9.9500,0.2199,1,60.00,5
5048,8.7900,0.2198,1,71.43,21
5049,9.9600,0.2198,1,100.00,4
5050,9.7700,0.2197,1,78.26,23
5051,9.7300,0.2196,1,77.78,27
5052,9.8400,0.2196,1,100.00,16
5053,9.9300,0.2195,1,71.43,7
5054,9.7800,0.2194,1,54.55,22
5055,9.8700,0.2194,1,84.62,13
5056,9.7800,0.2193,1,81.82,22
5057,9.9600,0.2192,1,100.00,4
5058,9.7500,0.2192,1,76.00,25
5059,9.7900,0.2191,1,90.48,21
5060,9.8700,0.2190,1,84.62,13
5061,9.8100,0.2190,1,89.47,19
5062,9.7700,0.2189,1,82.61,23
5063,9.8300,0.2188,1,88.24,17
5064,9.7100,0.2188,1,72.41,29
5065,9.6900,0.2187,1,48.39,31
5066,9.8300,0.2186,1,64.71,17
5067,9.8500,0.2186,1,86.67,15
5068,9.7400,0.2185,1,69.23,26
5069,9.8300,0.2184,1,76.47,17
5070,9.3200,0.2184,1,83.33,18
5071,9.9100,0.2183,1,100.00,9
5072,9.6500,0.2182,1,57.14,35
5073,9.9400,0.2182,1,100.00,6
5074,9.7300,0.2181,1,85.19,27
5075,9.9500,0.2181,1,60.00,5
5076,8.8100,0.2180,1,89.47,19
5077,9.8700,0.2179,1,69.23,13
5078,9.8800,0.2179,1,83.33,12
5079,9.9100,0.2178,1,100.00,9
5080,9.2000,0.2177,1,50.00,30
5081,9.7400,0.2177,1,76.92,26
5082,9.3700,0.2176,1,61.54,13
5083,9.2600,0.2175,1,79.17,24
5084,8.6300,0.2175,1,67.57,37
5085,9.8800,0.2174,1,83.33,12
5086,9.8500,0.2173,1,100.00,15
5087,9.8600,0.2173,1,71.43,14
5088,9.9000,0.2172,1,80.00,10
5089,9.2000,0.2171,1,70.00,30
5090,9.8400,0.2171,1,87.50,16
5091,9.4900,0.2170,1,39.22,51
5092,9.7300,0.2169,1,92.59,27
5093,9.2400,0.2169,1,57.69,26
5094,9.9700,0.2168,1,100.00,3
5095,9.7600,0.2167,1,75.00,24
5096,9.8300,0.2167,1,88.24,17
5097,9.3400,0.2166,1,56.25,16
5098,9.9400,0.2166,1,100.00,6
5099,9.6800,0.2165,1,59.38,32
5100,8.4700,0.2164,1,32.08,53
5101,9.7900,0.2164,1,80.95,21
5102,9.6500,0.2163,1,51.43,35
5103,9.9000,0.2162,1,60.00,10
5104,9.0900,0.2162,1,48.78,41
5105,9.8100,0.2161,1,100.00,19
5106,9.6900,0.2160,1,61.29,31
5107,9.9600,0.2160,1,100.00,4
5108,8.7400,0.2159,1,69.23,26
5109,9.6800,0.2158,1,68.75,32
5110,9.8500,0.2158,1,86.67,15
5111,9.8900,0.2157,1,100.00,11
5112,9.9300,0.2156,1,100.00,7
5113,9.9000,0.2156,1,80.00,10
5114,8.7500,0.2155,1,68.00,25
5115,9.7700,0.2154,1,73.91,23
5116,9.8600,0.2154,1,71.43,14
5117,9.8600,0.2153,1,85.71,14
5118,9.9200,0.2153,1,75.00,8
5119,9.5900,0.2152,1,46.34,41
5120,9.7100,0.2151,1,75.86,29
5121,9.2000,0.2151,1,63.33,30
5122,7.8200,0.2150,1,72.22,18
5123,9.9300,0.2149,1,100.00,7
5124,9.1900,0.2149,1,51.61,31
5125,9.9000,0.2148,1,60.00,10
5126,9.7300,0.2147,1,55.56,27
5127,9.4200,0.2147,1,62.50,8
5128,9.9000,0.2146,1,80.00,10
5129,9.8200,0.2145,1,77.78,18
5130,9.7600,0.2145,1,83.33,24
5131,9.7400,0.2144,1,76.92,26
5132,9.8700,0.2144,1,100.00,13
5133,9.8400,0.2143,1,87.50,16
5134,8.7000,0.2142,1,60.00,30
5135,9.7600,0.2142,1,66.67,24
5136,9.7800,0.2141,1,81.82,22
5137,9.7200,0.2140,1,71.43,28
5138,9.8100,0.2140,1,78.95,19
5139,9.2500,0.2139,1,96.00,25
5140,9.8000,0.2138,1,80.00,20
5141,9.9600,0.2138,1,100.00,4
5142,9.2500,0.2137,1,72.00,25
5143,9.7500,0.2136,1,60.00,25
5144,9.8600,0.2136,1,85.71,14
5145,9.7600,0.2135,1,91.67,24
5146,9.5800,0.2135,1,47.62,42
5147,9.2100,0.2134,1,68.97,29
5148,9.6800,0.2133,1,68.75,32
5149,9.9400,0.2133,1,33.33,6
5150,9.3300,0.2132,1,70.59,17
5151,9.6400,0.2131,1,61.11,36
5152,9.2300,0.2131,1,59.26,27
5153,9.9900,0.2130,1,100.00,1
5154,9.8600,0.2129,1,71.43,14
5155,9.6200,0.2129,1,68.42,38
5156,9.9500,0.2128,1,60.00,5
5157,9.3000,0.2128,1,65.00,20
5158,8.2400,0.2127,1,73.08,26
5159,9.9500,0.2126,1,100.00,5
5160,9.7700,0.2126,1,100.00,23
5161,9.9700,0.2125,1,100.00,3
5162,9.9700,0.2124,1,100.00,3
5163,9.9700,0.2124,1,100.00,3
5164,9.9800,0.2123,1,100.00,2
5165,9.9500,0.2122,1,100.00,5
5166,9.9200,0.2122,1,100.00,8
5167,9.8700,0.2121,1,100.00,13
5168,9.7600,0.2121,1,83.33,24
5169,9.8700,0.2120,1,69.23,13
5170,9.2300,0.2119,1,66.67,27
5171,9.7800,0.2119,1,72.73,22
5172,9.6700,0.2118,1,63.64,33
5173,9.8200,0.2117,1,66.67,18
5174,9.7900,0.2117,1,71.43,21
5175,7.8500,0.2116,1,18.26,115
5176,9.9700,0.2115,1,100.00,3
5177,9.7700,0.2115,1,82.61,23
5178,9.2900,0.2114,1,95.24,21
5179,9.9300,0.2114,1,71.43,7
5180,9.8700,0.2113,1,84.62,13
5181,9.9000,0.2112,1,100.00,10
5182,9.8000,0.2112,1,50.00,20
5183,9.7000,0.2111,1,60.00,30
5184,9.1900,0.2110,1,70.97,31
5185,9.2400,0.2110,1,57.69,26
5186,9.7500,0.2109,1,52.00,25
5187,9.9300,0.2108,1,100.00,7
5188,9.4400,0.2108,1,83.33,6
5189,9.8600,0.2107,1,100.00,14
5190,9.3900,0.2107,1,90.91,11
5191,9.8600,0.2106,1,71.43,14
5192,9.8300,0.2105,1,88.24,17
5193,9.9600,0.2105,1,100.00,4
5194,9.9000,0.2104,1,40.00,10
5195,9.8900,0.2103,1,63.64,11
5196,9.2500,0.2103,1,56.00,25
5197,9.7700,0.2102,1,65.22,23
5198,8.7300,0.2101,1,70.37,27
5199,9.7700,0.2101,1,65.22,23
5200,9.6300,0.2100,1,67.57,37
5201,9.9000,0.2100,1,60.00,10
5202,9.9100,0.2099,1,100.00,9
5203,9.8600,0.2098,1,85.71,14
5204,9.8800,0.2098,1,83.33,12
5205,9.8600,0.2097,1,71.43,14
5206,9.6600,0.2096,1,76.47,34
5207,9.7400,0.2096,1,76.92,26
5208,9.7000,0.2095,1,53.33,30
5209,9.8200,0.2095,1,88.89,18
5210,9.8200,0.2094,1,66.67,18
5211,9.7800,0.2093,1,45.45,22
5212,9.4000,0.2093,1,50.00,10
5213,9.9500,0.2092,1,60.00,5
5214,9.2800,0.2091,1,68.18,22
5215,9.7700,0.2091,1,69.57,23
5216,9.7800,0.2090,1,100.00,22
5217,9.7300,0.2090,1,77.78,27
5218,9.8700,0.2089,1,100.00,13
5219,9.7500,0.2088,1,84.00,25
5220,9.7400,0.2088,1,69.23,26
5221,9.8200,0.2087,1,77.78,18
5222,9.9300,0.2086,1,42.86,7
5223,9.9300,0.2086,1,100.00,7
5224,9.8600,0.2085,1,85.71,14
5225,9.8200,0.2085,1,88.89,18
5226,9.2200,0.2084,1,85.71,28
5227,9.7800,0.2083,1,63.64,22
5228,9.8200,0.2083,1,77.78,18
5229,9.8700,0.2082,1,100.00,13
5230,9.1900,0.2081,1,64.52,31
5231,9.9700,0.2081,1,100.00,3
5232,9.7400,0.2080,1,53.85,26
5233,9.8200,0.2080,1,88.89,18
5234,9.9300,0.2079,1,100.00,7
5235,9.8200,0.2078,1,88.89,18
5236,9.9700,0.2078,1,100.00,3
5237,9.9600,0.2077,1,50.00,4
5238,9.7900,0.2076,1,100.00,21
5239,9.9200,0.2076,1,100.00,8
5240,9.9700,0.2075,1,100.00,3
5241,8.3200,0.2075,1,83.33,18
5242,9.7700,0.2074,1,82.61,23
5243,9.7300,0.2073,1,81.48,27
5244,9.3900,0.2073,1,18.18,11
5245,9.9100,0.2072,1,77.78,9
5246,9.8300,0.2071,1,76.47,17
5247,9.9200,0.2071,1,75.00,8
5248,9.2200,0.2070,1,89.29,28
5249,9.7800,0.2070,1,54.55,22
5250,7.6700,0.2069,1,57.58,33
5251,9.9300,0.2068,1,100.00,7
5252,9.7900,0.2068,1,90.48,21
5253,9.8600,0.2067,1,71.43,14
5254,9.7800,0.2066,1,100.00,22
5255,9.7800,0.2066,1,72.73,22
5256,9.7800,0.2065,1,72.73,22
5257,9.8800,0.2065,1,66.67,12
5258,9.9500,0.2064,1,100.00,5
5259,9.9200,0.2063,1,50.00,8
5260,9.8600,0.2063,1,42.86,14
5261,9.8200,0.2062,1,72.22,18
5262,9.7700,0.2062,1,65.22,23
5263,9.7700,0.2061,1,82.61,23
5264,9.4100,0.2060,1,66.67,9
5265,9.7700,0.2060,1,82.61,23
5266,9.9200,0.2059,1,100.00,8
5267,9.7300,0.2058,1,62.96,27
5268,9.7400,0.2058,1,84.62,26
5269,8.7900,0.2057,1,71.43,21
5270,9.6400,0.2057,1,61.11,36
5271,9.2900,0.2056,1,76.19,21
5272,9.8900,0.2055,1,100.00,11
5273,9.7900,0.2055,1,80.95,21
5274,9.8600,0.2054,1,85.71,14
5275,9.8500,0.2054,1,86.67,15
5276,9.9100,0.2053,1,77.78,9
5277,9.8800,0.2052,1,50.00,12
5278,9.8600,0.2052,1,57.14,14
5279,9.1900,0.2051,1,77.42,31
5280,9.8000,0.2050,1,70.00,20
5281,9.2000,0.2050,1,63.33,30
5282,9.7900,0.2049,1,71.43,21
5283,9.9800,0.2049,1,100.00,2
5284,9.7800,0.2048,1,77.27,22
5285,9.9800,0.2047,1,100.00,2
5286,9.9100,0.2047,1,77.78,9
5287,9.6800,0.2046,1,56.25,32
5288,9.7700,0.2046,1,82.61,23
5289,9.8300,0.2045,1,82.35,17
5290,9.9100,0.2044,1,77.78,9
5291,9.1900,0.2044,1,70.97,31
5292,9.6900,0.2043,1,80.65,31
5293,9.9800,0.2042,1,100.00,2
5294,9.8100,0.2042,1,89.47,19
5295,9.9500,0.2041,1,100.00,5
5296,9.7700,0.2041,1,91.30,23
5297,9.7900,0.2040,1,80.95,21
5298,9.9700,0.2039,1,100.00,3
5299,9.7600,0.2039,1,75.00,24
5300,9.8000,0.2038,1,85.00,20
5301,9.9600,0.2038,1,100.00,4
5302,9.9900,0.2037,1,100.00,1
5303,9.1700,0.2036,1,60.61,33
5304,9.8400,0.2036,1,87.50,16
5305,9.8400,0.2035,1,87.50,16
5306,9.8400,0.2034,1,87.50,16
5307,8.7100,0.2034,1,51.72,29
5308,9.8600,0.2033,1,71.43,14
5309,9.7900,0.2033,1,71.43,21
5310,8.8100,0.2032,1,68.42,19
5311,9.8700,0.2031,1,100.00,13
5312,9.8100,0.2031,1,78.95,19
5313,9.7700,0.2030,1,65.22,23
5314,9.3100,0.2030,1,73.68,19
5315,9.9900,0.2029,1,100.00,1
5316,9.8000,0.2028,1,80.00,20
5317,9.7800,0.2028,1,72.73,22
5318,9.9400,0.2027,1,100.00,6
5319,9.8700,0.2027,1,69.23,13
5320,9.8000,0.2026,1,90.00,20
5321,9.8200,0.2025,1,100.00,18
5322,9.7700,0.2025,1,82.61,23
5323,9.7800,0.2024,1,90.91,22
5324,9.7200,0.2024,1,71.43,28
5325,9.8200,0.2023,1,88.89,18
5326,9.9400,0.2022,1,66.67,6
5327,9.7600,0.2022,1,83.33,24
5328,9.9000,0.2021,1,80.00,10
5329,9.7600,0.2021,1,83.33,24
5330,9.7400,0.2020,1,76.92,26
5331,9.8100,0.2019,1,89.47,19
5332,9.8000,0.2019,1,100.00,20
5333,9.2000,0.2018,1,70.00,30
5334,9.2000,0.2017,1,70.00,30
5335,9.7700,0.2017,1,82.61,23
5336,9.3200,0.2016,1,72.22,18
5337,9.8500,0.2016,1,73.33,15
5338,9.8800,0.2015,1,83.33,12
5339,9.8300,0.2014,1,76.47,17
5340,9.7200,0.2014,1,71.43,28
5341,9.8100,0.2013,1,89.47,19
5342,9.2700,0.2013,1,60.87,23
5343,9.7700,0.2012,1,91.30,23
5344,9.8500,0.2011,1,86.67,15
5345,9.8300,0.2011,1,88.24,17
5346,9.8600,0.2010,1,71.43,14
5347,9.9400,0.2010,1,66.67,6
5348,9.8200,0.2009,1,88.89,18
5349,9.8200,0.2008,1,77.78,18
5350,9.2600,0.2008,1,54.17,24
5351,9.9600,0.2007,1,100.00,4
5352,9.7800,0.2007,1,90.91,22
5353,9.7000,0.2006,1,80.00,30
5354,9.2400,0.2005,1,65.38,26
5355,9.8800,0.2005,1,66.67,12
5356,8.7600,0.2004,1,75.00,24
5357,9.7400,0.2004,1,69.23,26
5358,9.9000,0.2003,1,100.00,10
5359,9.8900,0.2002,1,81.82,11
5360,9.9400,0.2002,1,66.67,6
5361,9.6900,0.2001,1,67.74,31
5362,9.3300,0.2001,1,70.59,17
5363,9.8700,0.2000,1,69.23,13
5364,9.7900,0.1999,1,61.90,21
5365,9.6400,0.1999,1,55.56,36
5366,9.8900,0.1998,1,100.00,11
5367,9.2500,0.1998,1,68.00,25
5368,9.7700,0.1997,1,73.91,23
5369,9.7700,0.1996,1,82.61,23
5370,9.7900,0.1996,1,71.43,21
5371,9.9500,0.1995,1,60.00,5
5372,8.7100,0.1995,1,72.41,29
5373,9.4400,0.1994,1,83.33,6
5374,9.9400,0.1993,1,66.67,6
5375,9.2600,0.1993,1,87.50,24
5376,9.8400,0.1992,1,87.50,16
5377,9.3300,0.1992,1,58.82,17
5378,9.9600,0.1991,1,100.00,4
5379,9.7700,0.1990,1,100.00,23
5380,9.6900,0.1990,1,61.29,31
5381,9.7400,0.1989,1,69.23,26
5382,9.8800,0.1989,1,100.00,12
5383,9.9500,0.1988,1,100.00,5
5384,9.9300,0.1987,1,100.00,7
5385,7.2700,0.1987,1,78.26,23
5386,7.2100,0.1986,1,68.97,29
5387,9.8800,0.1986,1,83.33,12
5388,9.9800,0.1985,1,100.00,2
5389,9.9300,0.1984,1,71.43,7
5390,9.9300,0.1984,1,71.43,7
5391,9.7000,0.1983,1,66.67,30
5392,9.3300,0.1983,1,94.12,17
5393,1.7000,0.1982,1,33.33,30
5394,9.7200,0.1981,1,78.57,28
5395,9.3000,0.1981,1,80.00,20
5396,9.8000,0.1980,1,80.00,20
5397,9.8800,0.1980,1,83.33,12
5398,9.9100,0.1979,1,100.00,9
5399,9.8800,0.1979,1,50.00,12
5400,9.9700,0.1978,1,100.00,3
5401,9.7700,0.1977,1,82.61,23
5402,9.8000,0.1977,1,80.00,20
5403,9.6500,0.1976,1,60.00,35
5404,9.8800,0.1976,1,66.67,12
5405,9.7900,0.1975,1,42.86,21
5406,9.9700,0.1974,1,100.00,3
5407,9.9800,0.1974,1,100.00,2
5408,9.9300,0.1973,1,100.00,7
5409,9.8600,0.1973,1,57.14,14
5410,9.7600,0.1972,1,75.00,24
5411,9.8200,0.1971,1,100.00,18
5412,9.5100,0.1971,1,40.82,49
5413,9.8100,0.1970,1,78.95,19
5414,9.9100,0.1970,1,100.00,9
5415,9.7900,0.1969,1,80.95,21
5416,9.7400,0.1968,1,69.23,26
5417,9.9200,0.1968,1,75.00,8
5418,9.6500,0.1967,1,65.71,35
5419,9.7600,0.1967,1,91.67,24
5420,9.9000,0.1966,1,100.00,10
5421,9.8300,0.1965,1,64.71,17
5422,9.8600,0.1965,1,85.71,14
5423,9.1400,0.1964,1,63.89,36
5424,9.6300,0.1964,1,51.35,37
5425,9.7600,0.1963,1,70.83,24
5426,9.2000,0.1963,1,70.00,30
5427,9.9800,0.1962,1,100.00,2
5428,9.7600,0.1961,1,83.33,24
5429,9.8500,0.1961,1,73.33,15
5430,9.8200,0.1960,1,77.78,18
5431,9.7800,0.1960,1,81.82,22
5432,9.7500,0.1959,1,76.00,25
5433,8.7300,0.1958,1,70.37,27
5434,9.9200,0.1958,1,100.00,8
5435,9.9300,0.1957,1,100.00,7
5436,9.9800,0.1957,1,100.00,2
5437,9.8300,0.1956,1,76.47,17
5438,9.8200,0.1955,1,100.00,18
5439,9.4000,0.1955,1,70.00,10
5440,9.7600,0.1954,1,91.67,24
5441,9.7400,0.1954,1,69.23,26
5442,9.8500,0.1953,1,100.00,15
5443,9.6900,0.1953,1,74.19,31
5444,9.6900,0.1952,1,67.74,31
5445,9.7300,0.1951,1,77.78,27
5446,9.6700,0.1951,1,69.70,33
5447,9.7200,0.1950,1,89.29,28
5448,9.8000,0.1950,1,70.00,20
5449,9.7500,0.1949,1,84.00,25
5450,9.9600,0.1948,1,100.00,4
5451,9.3100,0.1948,1,84.21,19
5452,9.8500,0.1947,1,73.33,15
5453,9.8500,0.1947,1,86.67,15
5454,9.9700,0.1946,1,100.00,3
5455,9.9800,0.1946,1,100.00,2
5456,9.2400,0.1945,1,80.77,26
5457,9.9700,0.1944,1,100.00,3
5458,9.9000,0.1944,1,80.00,10
5459,9.9200,0.1943,1,100.00,8
5460,9.7200,0.1943,1,75.00,28
5461,8.5200,0.1942,1,54.17,48
5462,9.2200,0.1941,1,46.43,28
5463,9.9600,0.1941,1,100.00,4
5464,9.7400,0.1940,1,76.92,26
5465,9.8800,0.1940,1,50.00,12
5466,9.8700,0.1939,1,100.00,13
5467,9.7400,0.1939,1,76.92,26
5468,9.9900,0.1938,1,100.00,1
5469,9.9400,0.1937,1,66.67,6
5470,9.7100,0.1937,1,72.41,29
5471,9.8300,0.1936,1,47.06,17
5472,9.4100,0.1936,1,88.89,9
5473,9.3100,0.1935,1,94.74,19
5474,8.7400,0.1934,1,69.23,26
5475,9.7700,0.1934,1,73.91,23
5476,9.8600,0.1933,1,100.00,14
5477,9.9500,0.1933,1,60.00,5
5478,9.7900,0.1932,1,80.95,21
5479,9.7800,0.1932,1,72.73,22
5480,9.9700,0.1931,1,100.00,3
5481,9.9600,0.1930,1,100.00,4
5482,9.3200,0.1930,1,94.44,18
5483,9.2900,0.1929,1,66.67,21
5484,9.8200,0.1929,1,88.89,18
5485,9.9600,0.1928,1,100.00,4
5486,9.9500,0.1928,1,100.00,5
5487,9.9100,0.1927,1,77.78,9
5488,9.1700,0.1926,1,66.67,33
5489,9.1900,0.1926,1,64.52,31
5490,9.8600,0.1925,1,71.43,14
5491,9.6300,0.1925,1,51.35,37
5492,9.9600,0.1924,1,100.00,4
5493,9.5700,0.1923,1,48.84,43
5494,9.9600,0.1923,1,100.00,4
5495,9.3200,0.1922,1,50.00,18
5496,9.9300,0.1922,1,100.00,7
5497,9.3900,0.1921,1,90.91,11
5498,9.7600,0.1921,1,83.33,24
5499,9.7500,0.1920,1,76.00,25
5500,8.7900,0.1919,1,80.95,21
5501,8.6200,0.1919,1,63.16,38
5502,9.8100,0.1918,1,78.95,19
5503,9.8700,0.1918,1,84.62,13
5504,9.6600,0.1917,1,58.82,34
5505,8.9100,0.1917,1,55.56,9
5506,9.8600,0.1916,1,100.00,14
5507,8.7500,0.1915,1,92.00,25
5508,9.7500,0.1915,1,76.00,25
5509,9.8900,0.1914,1,81.82,11
5510,9.9800,0.1914,1,100.00,2
5511,9.9500,0.1913,1,100.00,5
5512,9.9200,0.1913,1,75.00,8
5513,9.8800,0.1912,1,83.33,12
5514,9.2300,0.1911,1,81.48,27
5515,9.6900,0.1911,1,67.74,31
5516,9.9300,0.1910,1,71.43,7
5517,9.9300,0.1910,1,100.00,7
5518,9.7100,0.1909,1,89.66,29
5519,9.7400,0.1909,1,53.85,26
5520,9.9100,0.1908,1,100.00,9
5521,9.8600,0.1907,1,71.43,14
5522,9.9100,0.1907,1,100.00,9
5523,9.9200,0.1906,1,50.00,8
5524,8.2500,0.1906,1,64.00,25
5525,9.6000,0.1905,1,57.50,40
5526,9.6900,0.1905,1,61.29,31
5527,9.9200,0.1904,1,75.00,8
5528,9.9100,0.1903,1,77.78,9
5529,9.9000,0.1903,1,80.00,10
5530,9.3600,0.1902,1,92.86,14
5531,9.8400,0.1902,1,87.50,16
5532,9.9200,0.1901,1,100.00,8
5533,9.8600,0.1901,1,71.43,14
5534,9.2500,0.1900,1,72.00,25
5535,9.9000,0.1899,1,80.00,10
5536,9.8200,0.1899,1,66.67,18
5537,9.8700,0.1898,1,100.00,13
5538,9.6900,0.1898,1,80.65,31
5539,9.9000,0.1897,1,80.00,10
5540,9.1600,0.1897,1,61.76,34
5541,9.7300,0.1896,1,77.78,27
5542,9.9100,0.1895,1,100.00,9
5543,9.9300,0.1895,1,100.00,7
5544,9.9600,0.1894,1,100.00,4
5545,9.9300,0.1894,1,100.00,7
5546,9.9500,0.1893,1,100.00,5
5547,9.7900,0.1893,1,71.43,21
5548,9.3600,0.1892,1,92.86,14
5549,9.7600,0.1891,1,66.67,24
5550,9.5800,0.1891,1,54.76,42
5551,9.7400,0.1890,1,69.23,26
5552,9.8200,0.1890,1,77.78,18
5553,9.9400,0.1889,1,100.00,6
5554,9.9500,0.1889,1,60.00,5
5555,9.8300,0.1888,1,100.00,17
5556,9.7100,0.1887,1,79.31,29
5557,9.7000,0.1887,1,66.67,30
5558,9.9700,0.1886,1,33.33,3
5559,9.4700,0.1886,1,39.62,53
5560,9.9500,0.1885,1,100.00,5
5561,9.8500,0.1885,1,73.33,15
5562,9.9100,0.1884,1,100.00,9
5563,9.9300,0.1884,1,100.00,7
5564,9.2600,0.1883,1,70.83,24
5565,9.7700,0.1882,1,91.30,23
5566,9.8900,0.1882,1,81.82,11
5567,9.8800,0.1881,1,83.33,12
5568,9.8700,0.1881,1,100.00,13
5569,9.9500,0.1880,1,100.00,5
5570,9.1500,0.1880,1,48.57,35
5571,9.3600,0.1879,1,92.86,14
5572,9.8800,0.1878,1,33.33,12
5573,9.9000,0.1878,1,100.00,10
5574,9.7300,0.1877,1,77.78,27
5575,9.8500,0.1877,1,100.00,15
5576,9.8900,0.1876,1,81.82,11
5577,9.7800,0.1876,1,81.82,22
5578,8.2500,0.1875,1,56.00,25
5579,9.8300,0.1874,1,88.24,17
5580,9.9600,0.1874,1,100.00,4
5581,9.7700,0.1873,1,82.61,23
5582,9.7300,0.1873,1,77.78,27
5583,9.8700,0.1872,1,38.46,13
5584,9.3400,0.1872,1,68.75,16
5585,9.9500,0.1871,1,100.00,5
5586,9.8700,0.1871,1,53.85,13
5587,9.5600,0.1870,1,43.18,44
5588,9.7400,0.1869,1,92.31,26
5589,9.2300,0.1869,1,74.07,27
5590,9.7900,0.1868,1,80.95,21
5591,9.8000,0.1868,1,70.00,20
5592,9.8800,0.1867,1,66.67,12
5593,9.8800,0.1867,1,66.67,12
5594,9.7900,0.1866,1,90.48,21
5595,9.8500,0.1866,1,60.00,15
5596,9.7800,0.1865,1,72.73,22
5597,9.8700,0.1864,1,100.00,13
5598,9.7300,0.1864,1,77.78,27
5599,9.8700,0.1863,1,100.00,13
5600,9.7600,0.1863,1,100.00,24
5601,9.1900,0.1862,1,58.06,31
5602,9.9700,0.1862,1,100.00,3
5603,8.2600,0.1861,1,70.83,24
5604,9.7400,0.1860,1,69.23,26
5605,9.9400,0.1860,1,33.33,6
5606,9.8100,0.1859,1,78.95,19
5607,9.9500,0.1859,1,100.00,5
5608,9.7600,0.1858,1,75.00,24
5609,9.8000,0.1858,1,80.00,20
5610,9.8000,0.1857,1,70.00,20
5611,9.7600,0.1857,1,75.00,24
5612,9.7400,0.1856,1,84.62,26
5613,8.1800,0.1855,1,59.38,32
5614,9.7300,0.1855,1,70.37,27
5615,9.8600,0.1854,1,71.43,14
5616,9.9300,0.1854,1,71.43,7
5617,9.8600,0.1853,1,71.43,14
5618,9.9300,0.1853,1,100.00,7
5619,9.9500,0.1852,1,100.00,5
5620,9.9600,0.1852,1,100.00,4
5621,9.9300,0.1851,1,71.43,7
5622,9.8700,0.1850,1,100.00,13
5623,9.9200,0.1850,1,100.00,8
5624,9.7800,0.1849,1,72.73,22
5625,9.2300,0.1849,1,74.07,27
5626,9.8100,0.1848,1,57.89,19
5627,9.9200,0.1848,1,100.00,8
5628,9.2700,0.1847,1,69.57,23
5629,9.9100,0.1847,1,55.56,9
5630,9.8600,0.1846,1,71.43,14
5631,9.7300,0.1845,1,92.59,27
5632,9.8700,0.1845,1,84.62,13
5633,8.7700,0.1844,1,82.61,23
5634,9.8000,0.1844,1,90.00,20
5635,9.7400,0.1843,1,76.92,26
5636,9.6200,0.1843,1,52.63,38
5637,9.7800,0.1842,1,81.82,22
5638,8.2500,0.1842,1,64.00,25
5639,9.3400,0.1841,1,68.75,16
5640,9.8600,0.1840,1,57.14,14
5641,9.9900,0.1840,1,100.00,1
5642,9.9200,0.1839,1,50.00,8
5643,8.6700,0.1839,1,57.58,33
5644,9.8000,0.1838,1,80.00,20
5645,9.7800,0.1838,1,54.55,22
5646,9.9900,0.1837,1,100.00,1
5647,9.8100,0.1837,1,89.47,19
5648,9.7900,0.1836,1,80.95,21
5649,9.3300,0.1836,1,52.94,17
5650,9.7500,0.1835,1,84.00,25
5651,9.6800,0.1834,1,75.00,32
5652,9.4100,0.1834,1,88.89,9
5653,8.7100,0.1833,1,72.41,29
5654,9.8300,0.1833,1,52.94,17
5655,9.7500,0.1832,1,92.00,25
5656,9.9100,0.1832,1,100.00,9
5657,9.7600,0.1831,1,83.33,24
5658,8.7500,0.1831,1,72.00,25
5659,9.8600,0.1830,1,85.71,14
5660,9.9600,0.1829,1,100.00,4
5661,9.3800,0.1829,1,75.00,12
5662,9.8500,0.1828,1,86.67,15
5663,9.6700,0.1828,1,66.67,33
5664,8.8100,0.1827,1,57.89,19
5665,9.7000,0.1827,1,80.00,30
5666,9.9900,0.1826,1,100.00,1
5667,9.8900,0.1826,1,63.64,11
5668,9.7700,0.1825,1,82.61,23
5669,9.8400,0.1825,1,100.00,16
5670,9.8100,0.1824,1,78.95,19
5671,9.9800,0.1823,1,100.00,2
5672,9.8500,0.1823,1,46.67,15
5673,9.8200,0.1822,1,100.00,18
5674,9.7800,0.1822,1,100.00,22
5675,9.8900,0.1821,1,100.00,11
5676,9.8100,0.1821,1,89.47,19
5677,9.3100,0.1820,1,94.74,19
5678,9.7900,0.1820,1,71.43,21
5679,9.9400,0.1819,1,100.00,6
5680,9.9400,0.1819,1,100.00,6
5681,9.8200,0.1818,1,100.00,18
5682,9.2600,0.1817,1,62.50,24
5683,9.8900,0.1817,1,100.00,11
5684,9.2200,0.1816,1,75.00,28
5685,9.7000,0.1816,1,73.33,30
5686,9.9500,0.1815,1,100.00,5
5687,9.7900,0.1815,1,80.95,21
5688,9.6800,0.1814,1,46.88,32
5689,9.8500,0.1814,1,86.67,15
5690,9.2600,0.1813,1,62.50,24
5691,9.8100,0.1813,1,89.47,19
5692,8.7000,0.1812,1,66.67,30
5693,9.7400,0.1811,1,69.23,26
5694,9.7800,0.1811,1,72.73,22
5695,9.8200,0.1810,1,77.78,18
5696,9.2900,0.1810,1,76.19,21
5697,9.9400,0.1809,1,100.00,6
5698,8.7200,0.1809,1,71.43,28
5699,9.7400,0.1808,1,69.23,26
5700,9.8500,0.1808,1,86.67,15
5701,9.8900,0.1807,1,100.00,11
5702,9.7800,0.1807,1,100.00,22
5703,9.8400,0.1806,1,100.00,16
5704,9.7500,0.1805,1,84.00,25
5705,9.7900,0.1805,1,90.48,21
5706,9.7500,0.1804,1,76.00,25
5707,9.8900,0.1804,1,45.45,11
5708,9.6600,0.1803,1,70.59,34
5709,9.7300,0.1803,1,77.78,27
5710,9.3300,0.1802,1,58.82,17
5711,8.6700,0.1802,1,69.70,33
5712,9.7800,0.1801,1,90.91,22
5713,9.2300,0.1801,1,81.48,27
5714,9.8000,0.1800,1,70.00,20
5715,9.8800,0.1800,1,66.67,12
5716,9.7800,0.1799,1,72.73,22
5717,9.9600,0.1798,1,100.00,4
5718,9.9000,0.1798,1,100.00,10
5719,9.7700,0.1797,1,56.52,23
5720,9.9800,0.1797,1,100.00,2
5721,9.9400,0.1796,1,66.67,6
5722,9.9500,0.1796,1,100.00,5
5723,9.3500,0.1795,1,93.33,15
5724,9.9000,0.1795,1,100.00,10
5725,9.9600,0.1794,1,100.00,4
5726,9.9600,0.1794,1,100.00,4
5727,9.7300,0.1793,1,62.96,27
5728,9.9600,0.1793,1,100.00,4
5729,9.8900,0.1792,1,81.82,11
5730,9.7900,0.1791,1,80.95,21
5731,9.2000,0.1791,1,76.67,30
5732,9.8000,0.1790,1,100.00,20
5733,9.8200,0.1790,1,100.00,18
5734,9.9100,0.1789,1,100.00,9
5735,9.7200,0.1789,1,92.86,28
5736,9.2600,0.1788,1,83.33,24
5737,9.8200,0.1788,1,55.56,18
5738,9.9500,0.1787,1,100.00,5
5739,9.9100,0.1787,1,100.00,9
5740,9.8000,0.1786,1,80.00,20
5741,9.3700,0.1786,1,76.92,13
5742,9.9100,0.1785,1,55.56,9
5743,9.7300,0.1784,1,66.67,27
5744,9.8000,0.1784,1,80.00,20
5745,9.9600,0.1783,1,100.00,4
5746,9.9200,0.1783,1,100.00,8
5747,9.8700,0.1782,1,84.62,13
5748,9.8900,0.1782,1,100.00,11
5749,9.9300,0.1781,1,100.00,7
5750,9.4100,0.1781,1,88.89,9
5751,9.9000,0.1780,1,100.00,10
5752,9.6900,0.1780,1,70.97,31
5753,9.3200,0.1779,1,72.22,18
5754,9.8000,0.1779,1,80.00,20
5755,9.9500,0.1778,1,100.00,5
5756,9.9100,0.1778,1,33.33,9
5757,9.4000,0.1777,1,35.00,60
5758,9.8600,0.1776,1,100.00,14
5759,9.2000,0.1776,1,63.33,30
5760,9.7300,0.1775,1,85.19,27
5761,9.9500,0.1775,1,60.00,5
5762,9.8000,0.1774,1,80.00,20
5763,9.9400,0.1774,1,66.67,6
5764,9.7600,0.1773,1,75.00,24
5765,9.8500,0.1773,1,100.00,15
5766,9.2300,0.1772,1,66.67,27
5767,9.8800,0.1772,1,100.00,12
5768,9.9700,0.1771,1,100.00,3
5769,9.9800,0.1771,1,100.00,2
5770,8.2500,0.1770,1,80.00,25
5771,9.8900,0.1770,1,81.82,11
5772,9.9500,0.1769,1,100.00,5
5773,9.4000,0.1768,1,90.00,10
5774,9.9800,0.1768,1,100.00,2
5775,9.2100,0.1767,1,68.97,29
5776,9.8500,0.1767,1,80.00,15
5777,9.7600,0.1766,1,66.67,24
5778,8.6800,0.1766,1,68.75,32
5779,9.7800,0.1765,1,81.82,22
5780,9.8200,0.1765,1,88.89,18
5781,9.8500,0.1764,1,86.67,15
5782,9.9400,0.1764,1,100.00,6
5783,9.8700,0.1763,1,84.62,13
5784,9.8400,0.1763,1,100.00,16
5785,9.9400,0.1762,1,66.67,6
5786,9.8500,0.1762,1,100.00,15
5787,9.8600,0.1761,1,85.71,14
5788,9.7200,0.1761,1,78.57,28
5789,9.9100,0.1760,1,33.33,9
5790,9.1300,0.1759,1,56.76,37
5791,9.9100,0.1759,1,100.00,9
5792,9.9800,0.1758,1,100.00,2
5793,9.7900,0.1758,1,100.00,21
5794,9.9000,0.1757,1,80.00,10
5795,9.9800,0.1757,1,100.00,2
5796,9.8700,0.1756,1,100.00,13
5797,9.9300,0.1756,1,100.00,7
5798,9.7000,0.1755,1,80.00,30
5799,9.3500,0.1755,1,93.33,15
5800,9.9500,0.1754,1,100.00,5
5801,9.9700,0.1754,1,100.00,3
5802,9.3100,0.1753,1,84.21,19
5803,9.7800,0.1753,1,72.73,22
5804,9.8000,0.1752,1,80.00,20
5805,8.0700,0.1752,1,44.19,43
5806,9.9400,0.1751,1,100.00,6
5807,9.1900,0.1751,1,70.97,31
5808,9.3000,0.1750,1,75.00,20
5809,9.9400,0.1749,1,33.33,6
5810,9.8500,0.1749,1,73.33,15
5811,9.9100,0.1748,1,100.00,9
5812,9.9500,0.1748,1,100.00,5
5813,9.8800,0.1747,1,83.33,12
5814,9.8900,0.1747,1,81.82,11
5815,8.1300,0.1746,1,54.05,37
5816,9.7600,0.1746,1,100.00,24
5817,9.8900,0.1745,1,45.45,11
5818,9.6900,0.1745,1,74.19,31
5819,9.2100,0.1744,1,68.97,29
5820,9.8100,0.1744,1,78.95,19
5821,9.7800,0.1743,1,100.00,22
5822,9.8700,0.1743,1,84.62,13
5823,9.9100,0.1742,1,100.00,9
5824,9.9300,0.1742,1,71.43,7
5825,9.8900,0.1741,1,81.82,11
5826,9.7700,0.1741,1,82.61,23
5827,9.9600,0.1740,1,100.00,4
5828,9.7300,0.1740,1,77.78,27
5829,9.7600,0.1739,1,75.00,24
5830,9.9700,0.1738,1,100.00,3
5831,9.6700,0.1738,1,69.70,33
5832,9.7600,0.1737,1,83.33,24
5833,9.1900,0.1737,1,64.52,31
5834,9.8300,0.1736,1,88.24,17
5835,9.6600,0.1736,1,58.82,34
5836,8.6700,0.1735,1,60.61,33
5837,9.8400,0.1735,1,87.50,16
5838,9.2000,0.1734,1,70.00,30
5839,9.8900,0.1734,1,81.82,11
5840,9.3200,0.1733,1,94.44,18
5841,9.3300,0.1733,1,82.35,17
5842,9.7300,0.1732,1,85.19,27
5843,9.9500,0.1732,1,100.00,5
5844,9.7900,0.1731,1,90.48,21
5845,9.8000,0.1731,1,80.00,20
5846,9.7700,0.1730,1,82.61,23
5847,9.8500,0.1730,1,86.67,15
5848,9.7100,0.1729,1,58.62,29
5849,9.2400,0.1729,1,73.08,26
5850,9.7300,0.1728,1,62.96,27
5851,9.7700,0.1728,1,91.30,23
5852,9.8700,0.1727,1,53.85,13
5853,9.7500,0.1727,1,92.00,25
5854,9.2300,0.1726,1,74.07,27
5855,9.9200,0.1726,1,100.00,8
5856,9.8100,0.1725,1,78.95,19
5857,9.9400,0.1724,1,100.00,6
5858,9.9600,0.1724,1,100.00,4
5859,9.7100,0.1723,1,51.72,29
5860,9.7300,0.1723,1,77.78,27
5861,9.8900,0.1722,1,81.82,11
5862,9.8800,0.1722,1,50.00,12
5863,9.8200,0.1721,1,88.89,18
5864,9.9100,0.1721,1,100.00,9
5865,9.9400,0.1720,1,66.67,6
5866,9.9200,0.1720,1,100.00,8
5867,9.2600,0.1719,1,79.17,24
5868,9.8700,0.1719,1,100.00,13
5869,9.8600,0.1718,1,85.71,14
5870,9.7500,0.1718,1,60.00,25
5871,9.1800,0.1717,1,65.62,32
5872,9.7800,0.1717,1,72.73,22
5873,9.8700,0.1716,1,84.62,13
5874,9.9400,0.1716,1,66.67,6
5875,9.7700,0.1715,1,91.30,23
5876,9.9100,0.1715,1,77.78,9
5877,9.7000,0.1714,1,66.67,30
5878,9.2500,0.1714,1,52.00,25
5879,9.9300,0.1713,1,71.43,7
5880,9.8100,0.1713,1,89.47,19
5881,9.7600,0.1712,1,75.00,24
5882,9.9300,0.1712,1,71.43,7
5883,9.7300,0.1711,1,77.78,27
5884,9.7600,0.1711,1,91.67,24
5885,9.9300,0.1710,1,71.43,7
5886,9.9600,0.1710,1,100.00,4
5887,9.6600,0.1709,1,58.82,34
5888,9.9000,0.1709,1,40.00,10
5889,9.7200,0.1708,1,71.43,28
5890,9.3700,0.1707,1,76.92,13
5891,9.7200,0.1707,1,71.43,28
5892,9.9200,0.1706,1,75.00,8
5893,9.7900,0.1706,1,71.43,21
5894,9.8500,0.1705,1,100.00,15
5895,9.9500,0.1705,1,60.00,5
5896,9.9800,0.1704,1,100.00,2
5897,9.7600,0.1704,1,50.00,24
5898,9.6600,0.1703,1,47.06,34
5899,9.8000,0.1703,1,90.00,20
5900,9.8700,0.1702,1,84.62,13
5901,8.7300,0.1702,1,70.37,27
5902,9.8000,0.1701,1,70.00,20
5903,9.9700,0.1701,1,33.33,3
5904,9.9300,0.1700,1,71.43,7
5905,9.9300,0.1700,1,100.00,7
5906,9.9700,0.1699,1,100.00,3
5907,9.8300,0.1699,1,100.00,17
5908,9.2200,0.1698,1,60.71,28
5909,9.9800,0.1698,1,100.00,2
5910,9.8600,0.1697,1,71.43,14
5911,8.7700,0.1697,1,73.91,23
5912,9.8100,0.1696,1,100.00,19
5913,9.9200,0.1696,1,50.00,8
5914,9.1800,0.1695,1,71.88,32
5915,8.6800,0.1695,1,62.50,32
5916,8.6000,0.1694,1,55.00,40
5917,9.8200,0.1694,1,88.89,18
5918,9.7900,0.1693,1,71.43,21
5919,9.9200,0.1693,1,100.00,8
5920,9.7300,0.1692,1,88.89,27
5921,9.9400,0.1692,1,100.00,6
5922,9.9100,0.1691,1,100.00,9
5923,9.7500,0.1691,1,76.00,25
5924,9.2500,0.1690,1,64.00,25
5925,9.7300,0.1690,1,62.96,27
5926,9.9500,0.1689,1,100.00,5
5927,8.7400,0.1689,1,76.92,26
5928,9.8100,0.1688,1,68.42,19
5929,9.5600,0.1688,1,52.27,44
5930,9.6800,0.1687,1,68.75,32
5931,9.7400,0.1687,1,69.23,26
5932,9.7800,0.1686,1,90.91,22
5933,9.9200,0.1686,1,100.00,8
5934,9.8100,0.1685,1,78.95,19
5935,9.9100,0.1685,1,100.00,9
5936,9.8300,0.1684,1,76.47,17
5937,9.8600,0.1684,1,85.71,14
5938,9.7300,0.1683,1,62.96,27
5939,9.8900,0.1683,1,63.64,11
5940,9.9100,0.1682,1,100.00,9
5941,9.9500,0.1682,1,100.00,5
5942,9.7600,0.1681,1,75.00,24
5943,9.9100,0.1681,1,55.56,9
5944,9.1900,0.1680,1,64.52,31
5945,9.6600,0.1680,1,58.82,34
5946,9.8700,0.1679,1,84.62,13
5947,9.8300,0.1679,1,88.24,17
5948,9.7700,0.1678,1,100.00,23
5949,9.3100,0.1678,1,94.74,19
5950,9.9500,0.1677,1,100.00,5
5951,9.9500,0.1677,1,100.00,5
5952,9.9600,0.1676,1,100.00,4
5953,8.6800,0.1676,1,65.62,32
5954,9.8600,0.1675,1,100.00,14
5955,9.8800,0.1675,1,83.33,12
5956,9.9200,0.1674,1,25.00,8
5957,9.8100,0.1673,1,78.95,19
5958,9.3900,0.1673,1,90.91,11
5959,9.1200,0.1672,1,60.53,38
5960,8.6900,0.1672,1,61.29,31
5961,9.7700,0.1671,1,56.52,23
5962,9.7200,0.1671,1,92.86,28
5963,9.8500,0.1670,1,100.00,15
5964,9.7000,0.1670,1,80.00,30
5965,9.9000,0.1669,1,100.00,10
5966,9.9600,0.1669,1,100.00,4
5967,9.8100,0.1668,1,78.95,19
5968,9.9200,0.1668,1,100.00,8
5969,9.7400,0.1667,1,92.31,26
5970,9.9800,0.1667,1,100.00,2
5971,9.7200,0.1666,1,71.43,28
5972,9.7700,0.1666,1,65.22,23
5973,9.8300,0.1665,1,76.47,17
5974,9.7600,0.1665,1,83.33,24
5975,9.7500,0.1664,1,84.00,25
5976,9.7400,0.1664,1,53.85,26
5977,9.2500,0.1663,1,72.00,25
5978,9.9400,0.1663,1,66.67,6
5979,9.8300,0.1662,1,100.00,17
5980,9.9500,0.1662,1,60.00,5
5981,9.7300,0.1661,1,77.78,27
5982,9.8000,0.1661,1,90.00,20
5983,9.8400,0.1660,1,62.50,16
5984,9.8300,0.1660,1,88.24,17
5985,9.9800,0.1659,1,100.00,2
5986,9.6900,0.1659,1,74.19,31
5987,9.1300,0.1659,1,59.46,37
5988,9.9100,0.1658,1,77.78,9
5989,9.7700,0.1658,1,65.22,23
5990,9.3300,0.1657,1,70.59,17
5991,8.7000,0.1657,1,63.33,30
5992,9.8000,0.1656,1,80.00,20
5993,9.9800,0.1656,1,100.00,2
5994,9.9100,0.1655,1,100.00,9
5995,9.8100,0.1655,1,68.42,19
5996,9.6600,0.1654,1,70.59,34
5997,9.9300,0.1654,1,71.43,7
5998,9.3000,0.1653,1,85.00,20
5999,9.7300,0.1653,1,62.96,27
6000,9.7700,0.1652,1,73.91,23
6001,9.4100,0.1652,1,88.89,9
6002,9.8100,0.1651,1,57.89,19
6003,9.9300,0.1651,1,71.43,7
6004,9.7700,0.1650,1,91.30,23
6005,9.9300,0.1650,1,42.86,7
6006,9.9800,0.1649,1,100.00,2
6007,9.7800,0.1649,1,72.73,22
6008,9.9600,0.1648,1,100.00,4
6009,9.9700,0.1648,1,100.00,3
6010,9.8100,0.1647,1,57.89,19
6011,9.7700,0.1647,1,91.30,23
6012,9.2600,0.1646,1,79.17,24
6013,9.7100,0.1646,1,79.31,29
6014,9.8600,0.1645,1,100.00,14
6015,9.8600,0.1645,1,85.71,14
6016,9.8700,0.1644,1,69.23,13
6017,9.9300,0.1644,1,100.00,7
6018,9.7700,0.1643,1,73.91,23
6019,8.6300,0.1643,1,51.35,37
6020,9.7500,0.1642,1,76.00,25
6021,9.7200,0.1642,1,71.43,28
6022,9.7200,0.1641,1,64.29,28
6023,9.8900,0.1641,1,100.00,11
6024,9.8600,0.1640,1,100.00,14
6025,9.8500,0.1640,1,86.67,15
6026,9.9900,0.1639,1,100.00,1
6027,9.9600,0.1639,1,50.00,4
6028,9.7600,0.1638,1,100.00,24
6029,9.2700,0.1638,1,73.91,23
6030,9.8900,0.1637,1,81.82,11
6031,9.2800,0.1637,1,68.18,22
6032,9.9500,0.1636,1,100.00,5
6033,9.7100,0.1636,1,58.62,29
6034,9.8900,0.1635,1,100.00,11
6035,9.9500,0.1635,1,20.00,5
6036,9.7500,0.1634,1,100.00,25
6037,9.8000,0.1634,1,70.00,20
6038,9.8700,0.1633,1,100.00,13
6039,9.7300,0.1633,1,77.78,27
6040,9.7200,0.1632,1,82.14,28
6041,9.3600,0.1632,1,92.86,14
6042,9.2500,0.1631,1,64.00,25
6043,9.8100,0.1631,1,100.00,19
6044,9.2900,0.1630,1,57.14,21
6045,9.9200,0.1630,1,50.00,8
6046,9.9000,0.1629,1,80.00,10
6047,9.8800,0.1629,1,100.00,12
6048,9.9300,0.1628,1,42.86,7
6049,9.8300,0.1628,1,88.24,17
6050,9.8400,0.1627,1,100.00,16
6051,9.6900,0.1627,1,80.65,31
6052,9.8800,0.1626,1,100.00,12
6053,9.7800,0.1626,1,72.73,22
6054,9.8100,0.1625,1,100.00,19
6055,9.8700,0.1625,1,69.23,13
6056,9.1500,0.1625,1,57.14,35
6057,9.7700,0.1624,1,91.30,23
6058,9.8800,0.1624,1,83.33,12
6059,9.7400,0.1623,1,84.62,26
6060,9.9600,0.1623,1,100.00,4
6061,9.9900,0.1622,1,100.00,1
6062,9.7900,0.1622,1,71.43,21
6063,9.8100,0.1621,1,89.47,19
6064,9.6800,0.1621,1,50.00,32
6065,9.7800,0.1620,1,72.73,22
6066,9.7300,0.1620,1,77.78,27
6067,9.9600,0.1619,1,100.00,4
6068,9.8800,0.1619,1,83.33,12
6069,9.9200,0.1618,1,25.00,8
6070,9.8900,0.1618,1,81.82,11
6071,9.9200,0.1617,1,75.00,8
6072,9.8400,0.1617,1,50.00,16
6073,9.7800,0.1616,1,81.82,22
6074,9.7600,0.1616,1,83.33,24
6075,9.9500,0.1615,1,60.00,5
6076,9.9600,0.1615,1,100.00,4
6077,9.9300,0.1614,1,71.43,7
6078,9.3000,0.1614,1,85.00,20
6079,9.4100,0.1613,1,44.44,9
6080,9.1900,0.1613,1,77.42,31
6081,9.2200,0.1612,1,67.86,28
6082,9.7600,0.1612,1,66.67,24
6083,9.9700,0.1611,1,100.00,3
6084,9.8400,0.1611,1,100.00,16
6085,9.7700,0.1610,1,82.61,23
6086,9.9200,0.1610,1,100.00,8
6087,9.8700,0.1609,1,100.00,13
6088,9.7500,0.1609,1,84.00,25
6089,9.9900,0.1609,1,100.00,1
6090,9.8800,0.1608,1,100.00,12
6091,9.3400,0.1608,1,81.25,16
6092,9.8100,0.1607,1,78.95,19
6093,9.7000,0.1607,1,66.67,30
6094,9.8600,0.1606,1,85.71,14
6095,6.8100,0.1606,1,57.89,19
6096,9.9400,0.1605,1,100.00,6
6097,9.7400,0.1605,1,84.62,26
6098,9.9500,0.1604,1,100.00,5
6099,9.9600,0.1604,1,100.00,4
6100,9.7400,0.1603,1,84.62,26
6101,9.9900,0.1603,1,100.00,1
6102,9.9900,0.1602,1,100.00,1
6103,9.7500,0.1602,1,92.00,25
6104,9.3200,0.1601,1,94.44,18
6105,9.9000,0.1601,1,80.00,10
6106,9.9700,0.1600,1,100.00,3
6107,9.3100,0.1600,1,84.21,19
6108,9.3500,0.1599,1,80.00,15
6109,9.8600,0.1599,1,71.43,14
6110,9.7900,0.1598,1,71.43,21
6111,9.8200,0.1598,1,100.00,18
6112,9.7400,0.1597,1,46.15,26
6113,9.7900,0.1597,1,90.48,21
6114,8.0000,0.1596,1,24.00,100
6115,9.9100,0.1596,1,100.00,9
6116,9.2700,0.1596,1,78.26,23
6117,9.9000,0.1595,1,80.00,10
6118,8.6900,0.1595,1,54.84,31
6119,9.8400,0.1594,1,87.50,16
6120,9.1700,0.1594,1,63.64,33
6121,9.8300,0.1593,1,100.00,17
6122,9.3200,0.1593,1,50.00,18
6123,9.7300,0.1592,1,77.78,27
6124,9.9400,0.1592,1,100.00,6
6125,9.8800,0.1591,1,100.00,12
6126,9.9100,0.1591,1,100.00,9
6127,9.8900,0.1590,1,81.82,11
6128,9.2600,0.1590,1,79.17,24
6129,9.7100,0.1589,1,72.41,29
6130,9.1900,0.1589,1,51.61,31
6131,9.8400,0.1588,1,87.50,16
6132,9.7800,0.1588,1,72.73,22
6133,9.8600,0.1587,1,71.43,14
6134,9.6500,0.1587,1,48.57,35
6135,9.9400,0.1586,1,100.00,6
6136,9.8500,0.1586,1,73.33,15
6137,9.9500,0.1586,1,100.00,5
6138,9.3700,0.1585,1,61.54,13
6139,9.8400,0.1585,1,87.50,16
6140,9.7700,0.1584,1,73.91,23
6141,9.7300,0.1584,1,55.56,27
6142,9.8300,0.1583,1,76.47,17
6143,9.7900,0.1583,1,80.95,21
6144,9.9100,0.1582,1,100.00,9
6145,9.7200,0.1582,1,78.57,28
6146,9.2800,0.1581,1,68.18,22
6147,9.9300,0.1581,1,100.00,7
6148,9.7400,0.1580,1,76.92,26
6149,9.7400,0.1580,1,53.85,26
6150,9.7100,0.1579,1,86.21,29
6151,9.8100,0.1579,1,89.47,19
6152,9.7600,0.1578,1,75.00,24
6153,9.7000,0.1578,1,86.67,30
6154,9.6000,0.1577,1,52.50,40
6155,9.9400,0.1577,1,66.67,6
6156,9.7000,0.1577,1,86.67,30
6157,9.8700,0.1576,1,84.62,13
6158,9.6600,0.1576,1,58.82,34
6159,9.9900,0.1575,1,100.00,1
6160,9.7600,0.1575,1,91.67,24
6161,9.8100,0.1574,1,89.47,19
6162,9.7400,0.1574,1,100.00,26
6163,9.2600,0.1573,1,87.50,24
6164,9.8700,0.1573,1,84.62,13
6165,9.8500,0.1572,1,73.33,15
6166,9.8000,0.1572,1,95.00,20
6167,9.9700,0.1571,1,100.00,3
6168,8.9600,0.1571,1,46.30,54
6169,9.8500,0.1570,1,86.67,15
6170,9.2300,0.1570,1,81.48,27
6171,9.9500,0.1569,1,100.00,5
6172,9.8600,0.1569,1,57.14,14
6173,9.7100,0.1568,1,86.21,29
6174,9.9100,0.1568,1,100.00,9
6175,9.7500,0.1568,1,84.00,25
6176,9.9700,0.1567,1,100.00,3
6177,9.1900,0.1567,1,70.97,31
6178,9.1600,0.1566,1,70.59,34
6179,9.7300,0.1566,1,77.78,27
6180,9.3200,0.1565,1,88.89,18
6181,9.7100,0.1565,1,72.41,29
6182,9.8100,0.1564,1,78.95,19
6183,9.8500,0.1564,1,73.33,15
6184,9.8900,0.1563,1,81.82,11
6185,9.8100,0.1563,1,78.95,19
6186,9.7000,0.1562,1,66.67,30
6187,9.7400,0.1562,1,76.92,26
6188,9.9100,0.1561,1,77.78,9
6189,9.3900,0.1561,1,90.91,11
6190,9.8700,0.1561,1,53.85,13
6191,9.8800,0.1560,1,100.00,12
6192,9.3200,0.1560,1,83.33,18
6193,9.6800,0.1559,1,56.25,32
6194,9.8000,0.1559,1,100.00,20
6195,9.2500,0.1558,1,64.00,25
6196,9.9000,0.1558,1,100.00,10
6197,9.8500,0.1557,1,100.00,15
6198,9.3900,0.1557,1,72.73,11
6199,9.8000,0.1556,1,50.00,20
6200,9.7900,0.1556,1,90.48,21
6201,9.7100,0.1555,1,58.62,29
6202,9.7700,0.1555,1,73.91,23
6203,9.6600,0.1554,1,70.59,34
6204,9.8800,0.1554,1,100.00,12
6205,9.9300,0.1553,1,42.86,7
6206,9.9000,0.1553,1,60.00,10
6207,9.8800,0.1553,1,100.00,12
6208,9.9800,0.1552,1,100.00,2
6209,9.7500,0.1552,1,76.00,25
6210,9.8600,0.1551,1,85.71,14
6211,9.7800,0.1551,1,90.91,22
6212,9.9500,0.1550,1,100.00,5
6213,9.6800,0.1550,1,81.25,32
6214,9.9300,0.1549,1,100.00,7
6215,9.8800,0.1549,1,66.67,12
6216,9.3700,0.1548,1,92.31,13
6217,9.2000,0.1548,1,76.67,30
6218,9.9300,0.1547,1,100.00,7
6219,9.7200,0.1547,1,64.29,28
6220,9.8200,0.1547,1,88.89,18
6221,9.7800,0.1546,1,90.91,22
6222,9.9000,0.1546,1,100.00,10
6223,9.8200,0.1545,1,77.78,18
6224,9.9600,0.1545,1,50.00,4
6225,9.7700,0.1544,1,100.00,23
6226,9.9800,0.1544,1,100.00,2
6227,9.9700,0.1543,1,100.00,3
6228,9.8700,0.1543,1,53.85,13
6229,9.9700,0.1542,1,100.00,3
6230,9.2500,0.1542,1,88.00,25
6231,9.7500,0.1541,1,84.00,25
6232,9.1800,0.1541,1,65.62,32
6233,9.7300,0.1540,1,85.19,27
6234,9.8700,0.1540,1,100.00,13
6235,9.8600,0.1540,1,100.00,14
6236,9.2900,0.1539,1,85.71,21
6237,9.8800,0.1539,1,66.67,12
6238,9.8900,0.1538,1,81.82,11
6239,9.7700,0.1538,1,82.61,23
6240,9.9000,0.1537,1,80.00,10
6241,9.9100,0.1537,1,77.78,9
6242,9.7400,0.1536,1,84.62,26
6243,9.8600,0.1536,1,71.43,14
6244,9.9200,0.1535,1,75.00,8
6245,9.7600,0.1535,1,91.67,24
6246,9.8800,0.1534,1,83.33,12
6247,9.9100,0.1534,1,77.78,9
6248,9.9500,0.1534,1,100.00,5
6249,9.9500,0.1533,1,100.00,5
6250,9.7900,0.1533,1,80.95,21
6251,7.2500,0.1532,1,56.00,25
6252,9.8900,0.1532,1,100.00,11
6253,9.8100,0.1531,1,100.00,19
6254,9.7700,0.1531,1,73.91,23
6255,9.9200,0.1530,1,100.00,8
6256,9.3900,0.1530,1,72.73,11
6257,9.7600,0.1529,1,83.33,24
6258,9.9800,0.1529,1,100.00,2
6259,9.2900,0.1529,1,80.95,21
6260,9.2300,0.1528,1,51.85,27
6261,9.9400,0.1528,1,66.67,6
6262,9.2900,0.1527,1,85.71,21
6263,9.7200,0.1527,1,78.57,28
6264,9.9100,0.1526,1,100.00,9
6265,9.7500,0.1526,1,92.00,25
6266,9.9400,0.1525,1,100.00,6
6267,9.9500,0.1525,1,100.00,5
6268,9.8400,0.1524,1,87.50,16
6269,9.3100,0.1524,1,94.74,19
6270,9.9400,0.1523,1,100.00,6
6271,9.9400,0.1523,1,100.00,6
6272,9.6400,0.1523,1,61.11,36
6273,9.8300,0.1522,1,88.24,17
6274,9.2400,0.1522,1,96.15,26
6275,9.2100,0.1521,1,75.86,29
6276,9.4500,0.1521,1,80.00,5
6277,9.3900,0.1520,1,90.91,11
6278,9.3200,0.1520,1,72.22,18
6279,9.9000,0.1519,1,100.00,10
6280,9.9700,0.1519,1,100.00,3
6281,9.9000,0.1518,1,40.00,10
6282,9.7000,0.1518,1,80.00,30
6283,9.7600,0.1518,1,83.33,24
6284,9.7600,0.1517,1,83.33,24
6285,9.8900,0.1517,1,100.00,11
6286,9.9700,0.1516,1,100.00,3
6287,9.9200,0.1516,1,100.00,8
6288,9.8500,0.1515,1,86.67,15
6289,9.9000,0.1515,1,80.00,10
6290,9.2700,0.1514,1,78.26,23
6291,9.8400,0.1514,1,75.00,16
6292,9.7700,0.1513,1,73.91,23
6293,9.2600,0.1513,1,54.17,24
6294,9.8900,0.1513,1,100.00,11
6295,9.2400,0.1512,1,96.15,26
6296,9.8600,0.1512,1,85.71,14
6297,9.7000,0.1511,1,66.67,30
6298,9.9500,0.1511,1,100.00,5
6299,9.8600,0.1510,1,85.71,14
6300,9.9400,0.1510,1,100.00,6
6301,9.7400,0.1509,1,92.31,26
6302,9.9100,0.1509,1,77.78,9
6303,9.7900,0.1508,1,61.90,21
6304,9.8700,0.1508,1,84.62,13
6305,9.8200,0.1508,1,88.89,18
6306,9.9500,0.1507,1,100.00,5
6307,9.9500,0.1507,1,100.00,5
6308,8.7700,0.1506,1,82.61,23
6309,8.8600,0.1506,1,71.43,14
6310,9.1700,0.1505,1,39.39,33
6311,9.7100,0.1505,1,79.31,29
6312,9.8700,0.1504,1,38.46,13
6313,9.8700,0.1504,1,84.62,13
6314,9.8700,0.1504,1,100.00,13
6315,9.8900,0.1503,1,81.82,11
6316,9.7700,0.1503,1,65.22,23
6317,9.9500,0.1502,1,100.00,5
6318,9.9100,0.1502,1,100.00,9
6319,9.8100,0.1501,1,78.95,19
6320,9.7300,0.1501,1,85.19,27
6321,9.6700,0.1500,1,57.58,33
6322,9.0900,0.1500,1,53.66,41
6323,9.9400,0.1499,1,100.00,6
6324,9.9400,0.1499,1,66.67,6
6325,9.8900,0.1499,1,63.64,11
6326,9.8000,0.1498,1,80.00,20
6327,9.9000,0.1498,1,100.00,10
6328,9.9500,0.1497,1,100.00,5
6329,9.6900,0.1497,1,67.74,31
6330,9.9100,0.1496,1,77.78,9
6331,9.9500,0.1496,1,100.00,5
6332,9.2500,0.1495,1,56.00,25
6333,9.7700,0.1495,1,82.61,23
6334,9.9000,0.1495,1,100.00,10
6335,9.7600,0.1494,1,83.33,24
6336,9.8600,0.1494,1,85.71,14
6337,9.8300,0.1493,1,88.24,17
6338,9.8400,0.1493,1,75.00,16
6339,9.7600,0.1492,1,70.83,24
6340,9.7300,0.1492,1,85.19,27
6341,9.9700,0.1491,1,100.00,3
6342,9.2800,0.1491,1,68.18,22
6343,9.3100,0.1490,1,84.21,19
6344,9.9100,0.1490,1,100.00,9
6345,9.8700,0.1490,1,84.62,13
6346,9.3600,0.1489,1,92.86,14
6347,9.8200,0.1489,1,55.56,18
6348,9.8100,0.1488,1,89.47,19
6349,9.3700,0.1488,1,76.92,13
6350,9.8300,0.1487,1,88.24,17
6351,9.8000,0.1487,1,90.00,20
6352,9.8300,0.1486,1,88.24,17
6353,9.7500,0.1486,1,100.00,25
6354,9.6900,0.1486,1,80.65,31
6355,9.7600,0.1485,1,91.67,24
6356,9.7900,0.1485,1,80.95,21
6357,9.7200,0.1484,1,75.00,28
6358,9.9200,0.1484,1,100.00,8
6359,9.8600,0.1483,1,85.71,14
6360,9.7800,0.1483,1,63.64,22
6361,9.8100,0.1482,1,78.95,19
6362,9.7800,0.1482,1,90.91,22
6363,9.8800,0.1482,1,83.33,12
6364,9.7600,0.1481,1,91.67,24
6365,9.7100,0.1481,1,86.21,29
6366,9.7800,0.1480,1,81.82,22
6367,9.9500,0.1480,1,100.00,5
6368,9.8000,0.1479,1,90.00,20
6369,9.7400,0.1479,1,76.92,26
6370,9.7300,0.1478,1,77.78,27
6371,9.7600,0.1478,1,75.00,24
6372,9.3400,0.1478,1,81.25,16
6373,9.9400,0.1477,1,100.00,6
6374,9.6900,0.1477,1,74.19,31
6375,9.7200,0.1476,1,78.57,28
6376,9.9100,0.1476,1,100.00,9
6377,9.8600,0.1475,1,71.43,14
6378,9.3200,0.1475,1,83.33,18
6379,8.6500,0.1474,1,65.71,35
6380,9.4300,0.1474,1,85.71,7
6381,9.1500,0.1474,1,54.29,35
6382,9.7600,0.1473,1,75.00,24
6383,9.9200,0.1473,1,50.00,8
6384,9.7700,0.1472,1,82.61,23
6385,9.2300,0.1472,1,81.48,27
6386,9.9200,0.1471,1,75.00,8
6387,9.8800,0.1471,1,100.00,12
6388,9.6900,0.1470,1,80.65,31
6389,9.3200,0.1470,1,94.44,18
6390,9.8100,0.1470,1,89.47,19
6391,9.7800,0.1469,1,81.82,22
6392,9.1600,0.1469,1,64.71,34
6393,9.7600,0.1468,1,83.33,24
6394,8.7900,0.1468,1,90.48,21
6395,9.9100,0.1467,1,77.78,9
6396,9.7500,0.1467,1,76.00,25
6397,9.9800,0.1467,1,100.00,2
6398,9.2200,0.1466,1,71.43,28
6399,9.9800,0.1466,1,100.00,2
6400,9.9200,0.1465,1,75.00,8
6401,9.8800,0.1465,1,100.00,12
6402,8.7600,0.1464,1,83.33,24
6403,9.9100,0.1464,1,77.78,9
6404,9.4100,0.1463,1,66.67,9
6405,9.9400,0.1463,1,100.00,6
6406,9.2900,0.1463,1,85.71,21
6407,9.9300,0.1462,1,100.00,7
6408,9.7800,0.1462,1,77.27,22
6409,9.9900,0.1461,1,100.00,1
6410,9.7400,0.1461,1,69.23,26
6411,9.7200,0.1460,1,57.14,28
6412,9.7200,0.1460,1,78.57,28
6413,9.9500,0.1460,1,100.00,5
6414,9.9000,0.1459,1,100.00,10
6415,9.9100,0.1459,1,100.00,9
6416,9.7300,0.1458,1,70.37,27
6417,9.7800,0.1458,1,90.91,22
6418,9.7800,0.1457,1,81.82,22
6419,9.8700,0.1457,1,100.00,13
6420,7.9700,0.1456,1,45.28,53
6421,9.9100,0.1456,1,100.00,9
6422,9.7900,0.1456,1,61.90,21
6423,9.9300,0.1455,1,42.86,7
6424,9.7100,0.1455,1,72.41,29
6425,8.7000,0.1454,1,60.00,30
6426,9.7800,0.1454,1,72.73,22
6427,9.8600,0.1453,1,71.43,14
6428,9.8400,0.1453,1,87.50,16
6429,9.9100,0.1453,1,100.00,9
6430,9.8900,0.1452,1,100.00,11
6431,9.8500,0.1452,1,86.67,15
6432,9.8400,0.1451,1,100.00,16
6433,9.8100,0.1451,1,78.95,19
6434,9.7400,0.1450,1,76.92,26
6435,9.9200,0.1450,1,100.00,8
6436,9.3200,0.1449,1,77.78,18
6437,9.7400,0.1449,1,84.62,26
6438,9.7900,0.1449,1,71.43,21
6439,9.8900,0.1448,1,81.82,11
6440,9.8700,0.1448,1,100.00,13
6441,9.7800,0.1447,1,81.82,22
6442,9.7800,0.1447,1,54.55,22
6443,9.1700,0.1446,1,48.48,33
6444,9.8700,0.1446,1,84.62,13
6445,9.9400,0.1446,1,33.33,6
6446,9.8900,0.1445,1,100.00,11
6447,9.9100,0.1445,1,55.56,9
6448,9.8800,0.1444,1,83.33,12
6449,9.9100,0.1444,1,77.78,9
6450,9.8800,0.1443,1,100.00,12
6451,9.7400,0.1443,1,69.23,26
6452,9.8700,0.1443,1,100.00,13
6453,9.7100,0.1442,1,72.41,29
6454,9.8600,0.1442,1,71.43,14
6455,9.9200,0.1441,1,100.00,8
6456,9.9800,0.1441,1,100.00,2
6457,9.8300,0.1440,1,76.47,17
6458,9.7900,0.1440,1,80.95,21
6459,9.8000,0.1439,1,90.00,20
6460,9.9200,0.1439,1,100.00,8
6461,9.8000,0.1439,1,90.00,20
6462,9.4100,0.1438,1,66.67,9
6463,9.9600,0.1438,1,100.00,4
6464,9.7700,0.1437,1,65.22,23
6465,9.9300,0.1437,1,100.00,7
6466,9.9800,0.1436,1,100.00,2
6467,9.9500,0.1436,1,100.00,5
6468,9.1100,0.1436,1,46.15,39
6469,9.7700,0.1435,1,91.30,23
6470,9.8500,0.1435,1,100.00,15
6471,9.9000,0.1434,1,60.00,10
6472,9.2900,0.1434,1,76.19,21
6473,9.9400,0.1433,1,100.00,6
6474,9.8300,0.1433,1,88.24,17
6475,9.7500,0.1433,1,84.00,25
6476,8.3400,0.1432,1,81.25,16
6477,9.8000,0.1432,1,100.00,20
6478,9.6800,0.1431,1,81.25,32
6479,9.9600,0.1431,1,100.00,4
6480,9.8300,0.1430,1,76.47,17
6481,9.2400,0.1430,1,88.46,26
6482,9.8000,0.1430,1,100.00,20
6483,9.8400,0.1429,1,75.00,16
6484,9.9700,0.1429,1,100.00,3
6485,9.6700,0.1428,1,69.70,33
6486,9.8500,0.1428,1,93.33,15
6487,9.9800,0.1427,1,100.00,2
6488,9.8800,0.1427,1,100.00,12
6489,9.9800,0.1427,1,100.00,2
6490,9.2700,0.1426,1,95.65,23
6491,9.8700,0.1426,1,84.62,13
6492,9.9100,0.1425,1,77.78,9
6493,9.9700,0.1425,1,100.00,3
6494,9.7500,0.1424,1,92.00,25
6495,9.9800,0.1424,1,100.00,2
6496,9.4100,0.1424,1,88.89,9
6497,9.8100,0.1423,1,89.47,19
6498,9.6500,0.1423,1,71.43,35
6499,9.2400,0.1422,1,80.77,26
6500,9.7500,0.1422,1,68.00,25
6501,9.7800,0.1421,1,72.73,22
6502,9.9800,0.1421,1,100.00,2
6503,9.9300,0.1421,1,100.00,7
6504,9.6900,0.1420,1,80.65,31
6505,9.8700,0.1420,1,84.62,13
6506,9.7900,0.1419,1,90.48,21
6507,8.7600,0.1419,1,58.33,24
6508,9.9100,0.1418,1,100.00,9
6509,9.9000,0.1418,1,100.00,10
6510,9.7400,0.1418,1,76.92,26
6511,9.9600,0.1417,1,100.00,4
6512,9.7300,0.1417,1,70.37,27
6513,9.9100,0.1416,1,55.56,9
6514,9.9700,0.1416,1,33.33,3
6515,9.7500,0.1416,1,68.00,25
6516,9.9900,0.1415,1,100.00,1
6517,9.9100,0.1415,1,100.00,9
6518,9.9900,0.1414,1,100.00,1
6519,9.9100,0.1414,1,100.00,9
6520,9.9100,0.1413,1,77.78,9
6521,9.8100,0.1413,1,89.47,19
6522,9.9400,0.1413,1,66.67,6
6523,9.8700,0.1412,1,69.23,13
6524,9.9400,0.1412,1,100.00,6
6525,9.7600,0.1411,1,83.33,24
6526,9.8800,0.1411,1,66.67,12
6527,7.2100,0.1410,1,62.07,29
6528,9.6700,0.1410,1,57.58,33
6529,9.9600,0.1410,1,100.00,4
6530,9.9200,0.1409,1,25.00,8
6531,9.3900,0.1409,1,90.91,11
6532,9.8400,0.1408,1,87.50,16
6533,9.9200,0.1408,1,75.00,8
6534,9.2300,0.1407,1,77.78,27
6535,9.7500,0.1407,1,84.00,25
6536,9.7600,0.1407,1,83.33,24
6537,9.9000,0.1406,1,80.00,10
6538,9.1700,0.1406,1,72.73,33
6539,9.7100,0.1405,1,72.41,29
6540,9.8200,0.1405,1,77.78,18
6541,9.7900,0.1405,1,80.95,21
6542,9.9700,0.1404,1,100.00,3
6543,9.3500,0.1404,1,80.00,15
6544,9.2600,0.1403,1,79.17,24
6545,9.8900,0.1403,1,100.00,11
6546,9.6300,0.1402,1,62.16,37
6547,9.8600,0.1402,1,100.00,14
6548,9.9400,0.1402,1,100.00,6
6549,9.9500,0.1401,1,100.00,5
6550,9.8200,0.1401,1,100.00,18
6551,9.7400,0.1400,1,76.92,26
6552,9.7300,0.1400,1,70.37,27
6553,9.7500,0.1399,1,84.00,25
6554,9.9300,0.1399,1,100.00,7
6555,9.8300,0.1399,1,76.47,17
6556,9.2600,0.1398,1,79.17,24
6557,9.9700,0.1398,1,100.00,3
6558,9.4100,0.1397,1,88.89,9
6559,9.7300,0.1397,1,70.37,27
6560,9.8300,0.1397,1,88.24,17
6561,9.7500,0.1396,1,76.00,25
6562,9.9800,0.1396,1,100.00,2
6563,9.2700,0.1395,1,60.87,23
6564,9.9200,0.1395,1,75.00,8
6565,9.8200,0.1394,1,88.89,18
6566,9.9600,0.1394,1,100.00,4
6567,9.1800,0.1394,1,65.62,32
6568,9.9500,0.1393,1,100.00,5
6569,9.7900,0.1393,1,80.95,21
6570,9.9400,0.1392,1,100.00,6
6571,9.7200,0.1392,1,78.57,28
6572,9.9100,0.1392,1,100.00,9
6573,9.3100,0.1391,1,84.21,19
6574,9.4300,0.1391,1,57.14,7
6575,9.2400,0.1390,1,65.38,26
6576,9.9300,0.1390,1,100.00,7
6577,9.8500,0.1389,1,73.33,15
6578,9.9500,0.1389,1,100.00,5
6579,9.8600,0.1389,1,100.00,14
6580,9.9100,0.1388,1,100.00,9
6581,9.7700,0.1388,1,73.91,23
6582,9.8900,0.1387,1,81.82,11
6583,9.9400,0.1387,1,66.67,6
6584,9.9600,0.1387,1,100.00,4
6585,9.9600,0.1386,1,100.00,4
6586,9.7900,0.1386,1,100.00,21
6587,9.8900,0.1385,1,81.82,11
6588,9.7700,0.1385,1,82.61,23
6589,9.9900,0.1384,1,100.00,1
6590,9.9000,0.1384,1,100.00,10
6591,9.9000,0.1384,1,40.00,10
6592,9.8400,0.1383,1,87.50,16
6593,9.9800,0.1383,1,100.00,2
6594,9.7400,0.1382,1,84.62,26
6595,9.9400,0.1382,1,100.00,6
6596,9.7800,0.1382,1,72.73,22
6597,9.8600,0.1381,1,71.43,14
6598,9.8400,0.1381,1,100.00,16
6599,9.9800,0.1380,1,100.00,2
6600,9.7400,0.1380,1,80.77,26
6601,9.8700,0.1379,1,100.00,13
6602,9.7600,0.1379,1,91.67,24
6603,9.7900,0.1379,1,71.43,21
6604,9.9900,0.1378,1,100.00,1
6605,9.6400,0.1378,1,58.33,36
6606,9.7600,0.1377,1,75.00,24
6607,9.8200,0.1377,1,88.89,18
6608,9.1500,0.1377,1,54.29,35
6609,9.9300,0.1376,1,71.43,7
6610,9.8000,0.1376,1,80.00,20
6611,9.7600,0.1375,1,66.67,24
6612,9.8800,0.1375,1,66.67,12
6613,9.8200,0.1374,1,100.00,18
6614,9.7400,0.1374,1,76.92,26
6615,9.8300,0.1374,1,64.71,17
6616,9.9300,0.1373,1,100.00,7
6617,9.9200,0.1373,1,100.00,8
6618,9.8800,0.1372,1,100.00,12
6619,9.8300,0.1372,1,76.47,17
6620,9.9300,0.1372,1,100.00,7
6621,9.6400,0.1371,1,52.78,36
6622,9.7200,0.1371,1,71.43,28
6623,9.7500,0.1370,1,84.00,25
6624,9.8500,0.1370,1,60.00,15
6625,9.9200,0.1370,1,75.00,8
6626,9.7900,0.1369,1,80.95,21
6627,9.6800,0.1369,1,68.75,32
6628,9.8900,0.1368,1,81.82,11
6629,9.7400,0.1368,1,84.62,26
6630,9.2600,0.1368,1,62.50,24
6631,9.8700,0.1367,1,69.23,13
6632,9.8000,0.1367,1,70.00,20
6633,9.9200,0.1366,1,100.00,8
6634,9.1600,0.1366,1,67.65,34
6635,9.3600,0.1365,1,78.57,14
6636,9.2400,0.1365,1,73.08,26
6637,9.8300,0.1365,1,76.47,17
6638,9.9900,0.1364,1,100.00,1
6639,9.8600,0.1364,1,100.00,14
6640,9.8000,0.1363,1,70.00,20
6641,9.8900,0.1363,1,81.82,11
6642,9.2100,0.1363,1,68.97,29
6643,9.8100,0.1362,1,68.42,19
6644,9.9200,0.1362,1,75.00,8
6645,9.7700,0.1361,1,100.00,23
6646,9.7100,0.1361,1,86.21,29
6647,9.9400,0.1361,1,66.67,6
6648,9.2200,0.1360,1,64.29,28
6649,9.8600,0.1360,1,100.00,14
6650,9.3300,0.1359,1,70.59,17
6651,9.8800,0.1359,1,100.00,12
6652,9.6500,0.1359,1,48.57,35
6653,9.8400,0.1358,1,87.50,16
6654,9.8400,0.1358,1,87.50,16
6655,9.9000,0.1357,1,100.00,10
6656,9.9400,0.1357,1,66.67,6
6657,9.8000,0.1356,1,60.00,20
6658,9.7300,0.1356,1,88.89,27
6659,9.9200,0.1356,1,100.00,8
6660,9.8300,0.1355,1,88.24,17
6661,9.2700,0.1355,1,60.87,23
6662,9.6900,0.1354,1,74.19,31
6663,9.7800,0.1354,1,72.73,22
6664,9.9000,0.1354,1,100.00,10
6665,9.7700,0.1353,1,82.61,23
6666,9.9400,0.1353,1,100.00,6
6667,9.4000,0.1352,1,90.00,10
6668,9.7600,0.1352,1,83.33,24
6669,9.7400,0.1352,1,76.92,26
6670,9.7800,0.1351,1,68.18,22
6671,9.7600,0.1351,1,66.67,24
6672,9.8300,0.1350,1,100.00,17
6673,9.7900,0.1350,1,100.00,21
6674,9.9500,0.1350,1,100.00,5
6675,9.3300,0.1349,1,82.35,17
6676,9.7800,0.1349,1,81.82,22
6677,9.9600,0.1348,1,50.00,4
6678,9.7900,0.1348,1,80.95,21
6679,9.8300,0.1348,1,88.24,17
6680,9.9700,0.1347,1,100.00,3
6681,9.7800,0.1347,1,81.82,22
6682,9.9600,0.1346,1,100.00,4
6683,9.8400,0.1346,1,62.50,16
6684,9.9200,0.1346,1,100.00,8
6685,9.8200,0.1345,1,88.89,18
6686,9.8100,0.1345,1,89.47,19
6687,9.9300,0.1344,1,100.00,7
6688,9.9500,0.1344,1,100.00,5
6689,9.3800,0.1344,1,91.67,12
6690,9.8700,0.1343,1,69.23,13
6691,9.7900,0.1343,1,71.43,21
6692,9.8900,0.1342,1,100.00,11
6693,9.9300,0.1342,1,71.43,7
6694,9.7700,0.1341,1,100.00,23
6695,9.6800,0.1341,1,62.50,32
6696,9.9400,0.1341,1,100.00,6
6697,9.3000,0.1340,1,85.00,20
6698,9.9300,0.1340,1,71.43,7
6699,9.8900,0.1339,1,100.00,11
6700,9.7700,0.1339,1,82.61,23
6701,9.6900,0.1339,1,77.42,31
6702,9.7500,0.1338,1,76.00,25
6703,9.7900,0.1338,1,90.48,21
6704,9.9800,0.1337,1,100.00,2
6705,9.8800,0.1337,1,83.33,12
6706,9.8300,0.1337,1,88.24,17
6707,9.7400,0.1336,1,76.92,26
6708,9.3100,0.1336,1,84.21,19
6709,9.8900,0.1335,1,81.82,11
6710,9.8900,0.1335,1,81.82,11
6711,9.8600,0.1335,1,85.71,14
6712,9.9700,0.1334,1,100.00,3
6713,9.8700,0.1334,1,100.00,13
6714,9.6900,0.1333,1,67.74,31
6715,9.3600,0.1333,1,92.86,14
6716,9.7700,0.1333,1,73.91,23
6717,9.8200,0.1332,1,100.00,18
6718,9.8400,0.1332,1,100.00,16
6719,9.7100,0.1331,1,58.62,29
6720,9.3200,0.1331,1,83.33,18
6721,9.2400,0.1331,1,76.92,26
6722,9.8500,0.1330,1,86.67,15
6723,9.8500,0.1330,1,86.67,15
6724,9.3100,0.1329,1,52.63,19
6725,9.9400,0.1329,1,100.00,6
6726,9.7900,0.1329,1,90.48,21
6727,9.8700,0.1328,1,69.23,13
6728,9.9400,0.1328,1,66.67,6
6729,9.7300,0.1327,1,62.96,27
6730,9.9700,0.1327,1,100.00,3
6731,9.7600,0.1327,1,75.00,24
6732,9.9200,0.1326,1,100.00,8
6733,9.9300,0.1326,1,100.00,7
6734,9.8900,0.1325,1,81.82,11
6735,6.2500,0.1325,1,48.00,25
6736,9.7800,0.1325,1,90.91,22
6737,9.8800,0.1324,1,83.33,12
6738,9.9000,0.1324,1,60.00,10
6739,9.3800,0.1324,1,91.67,12
6740,9.7700,0.1323,1,91.30,23
6741,9.7600,0.1323,1,83.33,24
6742,9.7700,0.1322,1,91.30,23
6743,9.8600,0.1322,1,100.00,14
6744,9.8300,0.1322,1,52.94,17
6745,8.1900,0.1321,1,64.52,31
6746,9.9200,0.1321,1,75.00,8
6747,9.8800,0.1320,1,100.00,12
6748,9.8200,0.1320,1,77.78,18
6749,9.7900,0.1320,1,80.95,21
6750,9.8100,0.1319,1,89.47,19
6751,9.9500,0.1319,1,100.00,5
6752,9.8400,0.1318,1,87.50,16
6753,9.2700,0.1318,1,95.65,23
6754,9.8100,0.1318,1,78.95,19
6755,9.2500,0.1317,1,72.00,25
6756,9.8800,0.1317,1,83.33,12
6757,9.9100,0.1316,1,100.00,9
6758,9.9600,0.1316,1,100.00,4
6759,9.2500,0.1316,1,64.00,25
6760,9.7400,0.1315,1,69.23,26
6761,9.9400,0.1315,1,100.00,6
6762,9.9400,0.1314,1,66.67,6
6763,9.9500,0.1314,1,100.00,5
6764,9.7600,0.1314,1,58.33,24
6765,9.8300,0.1313,1,100.00,17
6766,9.8300,0.1313,1,76.47,17
6767,9.9600,0.1312,1,100.00,4
6768,9.8300,0.1312,1,100.00,17
6769,9.3300,0.1312,1,94.12,17
6770,9.7400,0.1311,1,76.92,26
6771,9.6800,0.1311,1,56.25,32
6772,9.8700,0.1310,1,100.00,13
6773,9.7700,0.1310,1,100.00,23
6774,9.7900,0.1310,1,90.48,21
6775,8.6900,0.1309,1,74.19,31
6776,9.9400,0.1309,1,66.67,6
6777,9.7300,0.1308,1,92.59,27
6778,9.8400,0.1308,1,87.50,16
6779,9.4100,0.1308,1,88.89,9
6780,9.7500,0.1307,1,72.00,25
6781,9.9100,0.1307,1,100.00,9
6782,9.9800,0.1307,1,100.00,2
6783,9.2600,0.1306,1,79.17,24
6784,9.7800,0.1306,1,100.00,22
6785,9.9100,0.1305,1,77.78,9
6786,9.8900,0.1305,1,81.82,11
6787,9.2000,0.1305,1,63.33,30
6788,9.7600,0.1304,1,75.00,24
6789,9.8800,0.1304,1,83.33,12
6790,9.9100,0.1303,1,100.00,9
6791,9.8500,0.1303,1,93.33,15
6792,9.7900,0.1303,1,95.24,21
6793,9.6800,0.1302,1,75.00,32
6794,9.8300,0.1302,1,76.47,17
6795,9.3200,0.1301,1,83.33,18
6796,9.9900,0.1301,1,100.00,1
6797,9.7300,0.1301,1,77.78,27
6798,9.9100,0.1300,1,100.00,9
6799,9.2400,0.1300,1,73.08,26
6800,9.8700,0.1299,1,23.08,13
6801,9.8200,0.1299,1,77.78,18
6802,9.9700,0.1299,1,100.00,3
6803,9.3500,0.1298,1,40.00,65
6804,9.9000,0.1298,1,100.00,10
6805,9.2600,0.1298,1,95.83,24
6806,9.8200,0.1297,1,77.78,18
6807,9.9200,0.1297,1,100.00,8
6808,9.8200,0.1296,1,72.22,18
6809,9.9900,0.1296,1,100.00,1
6810,9.7900,0.1296,1,100.00,21
6811,9.7800,0.1295,1,72.73,22
6812,9.7800,0.1295,1,72.73,22
6813,9.8000,0.1294,1,70.00,20
6814,9.8300,0.1294,1,88.24,17
6815,9.7600,0.1294,1,75.00,24
6816,9.4000,0.1293,1,90.00,10
6817,9.8400,0.1293,1,87.50,16
6818,9.8200,0.1292,1,88.89,18
6819,9.9400,0.1292,1,100.00,6
6820,9.9100,0.1292,1,100.00,9
6821,9.7700,0.1291,1,21.74,23
6822,9.9600,0.1291,1,100.00,4
6823,9.6100,0.1291,1,64.10,39
6824,9.7500,0.1290,1,76.00,25
6825,9.9900,0.1290,1,100.00,1
6826,9.9300,0.1289,1,71.43,7
6827,9.7500,0.1289,1,68.00,25
6828,9.8300,0.1289,1,88.24,17
6829,9.9800,0.1288,1,100.00,2
6830,9.8100,0.1288,1,89.47,19
6831,9.8800,0.1287,1,100.00,12
6832,9.9000,0.1287,1,100.00,10
6833,9.1900,0.1287,1,64.52,31
6834,9.9400,0.1286,1,66.67,6
6835,9.8200,0.1286,1,88.89,18
6836,9.7800,0.1286,1,81.82,22
6837,9.8700,0.1285,1,38.46,13
6838,9.8000,0.1285,1,90.00,20
6839,9.8900,0.1284,1,81.82,11
6840,9.8300,0.1284,1,76.47,17
6841,9.6700,0.1284,1,75.76,33
6842,9.9800,0.1283,1,100.00,2
6843,9.7900,0.1283,1,61.90,21
6844,9.9700,0.1282,1,100.00,3
6845,6.7400,0.1282,1,69.23,26
6846,9.7900,0.1282,1,71.43,21
6847,9.7400,0.1281,1,84.62,26
6848,9.9200,0.1281,1,100.00,8
6849,9.9700,0.1281,1,100.00,3
6850,9.7000,0.1280,1,60.00,30
6851,9.2600,0.1280,1,87.50,24
6852,9.2100,0.1279,1,82.76,29
6853,9.9200,0.1279,1,100.00,8
6854,9.8000,0.1279,1,80.00,20
6855,9.9100,0.1278,1,100.00,9
6856,9.9600,0.1278,1,50.00,4
6857,9.9800,0.1277,1,100.00,2
6858,9.3800,0.1277,1,58.33,12
6859,8.7900,0.1277,1,90.48,21
6860,9.1100,0.1276,1,51.28,39
6861,9.2900,0.1276,1,76.19,21
6862,9.8400,0.1276,1,87.50,16
6863,9.8000,0.1275,1,100.00,20
6864,9.7500,0.1275,1,68.00,25
6865,9.9000,0.1274,1,100.00,10
6866,9.9200,0.1274,1,100.00,8
6867,9.9100,0.1274,1,77.78,9
6868,9.8800,0.1273,1,100.00,12
6869,9.8100,0.1273,1,89.47,19
6870,9.9600,0.1272,1,100.00,4
6871,9.7700,0.1272,1,91.30,23
6872,9.9200,0.1272,1,100.00,8
6873,9.8300,0.1271,1,64.71,17
6874,9.9400,0.1271,1,100.00,6
6875,9.9300,0.1271,1,100.00,7
6876,9.9700,0.1270,1,100.00,3
6877,9.9200,0.1270,1,100.00,8
6878,9.3600,0.1269,1,92.86,14
6879,9.9700,0.1269,1,100.00,3
6880,9.9800,0.1269,1,100.00,2
6881,9.8600,0.1268,1,85.71,14
6882,9.8300,0.1268,1,100.00,17
6883,9.6800,0.1268,1,68.75,32
6884,9.7500,0.1267,1,76.00,25
6885,9.8300,0.1267,1,88.24,17
6886,9.2200,0.1266,1,67.86,28
6887,8.7600,0.1266,1,58.33,24
6888,9.9100,0.1266,1,100.00,9
6889,9.9200,0.1265,1,50.00,8
6890,9.7900,0.1265,1,80.95,21
6891,9.0000,0.1264,1,42.00,50
6892,9.9700,0.1264,1,100.00,3
6893,9.9600,0.1264,1,100.00,4
6894,9.9000,0.1263,1,40.00,10
6895,9.8400,0.1263,1,100.00,16
6896,9.2800,0.1263,1,95.45,22
6897,9.8100,0.1262,1,89.47,19
6898,9.9600,0.1262,1,50.00,4
6899,9.7300,0.1261,1,74.07,27
6900,9.7900,0.1261,1,80.95,21
6901,9.8800,0.1261,1,83.33,12
6902,9.7200,0.1260,1,85.71,28
6903,9.8300,0.1260,1,88.24,17
6904,9.9400,0.1260,1,100.00,6
6905,9.9200,0.1259,1,100.00,8
6906,9.8800,0.1259,1,83.33,12
6907,9.8800,0.1258,1,100.00,12
6908,9.9400,0.1258,1,100.00,6
6909,9.8200,0.1258,1,100.00,18
6910,9.8900,0.1257,1,81.82,11
6911,9.8700,0.1257,1,84.62,13
6912,9.9400,0.1257,1,100.00,6
6913,9.8600,0.1256,1,85.71,14
6914,9.7700,0.1256,1,91.30,23
6915,9.9000,0.1255,1,80.00,10
6916,9.8200,0.1255,1,100.00,18
6917,9.1300,0.1255,1,54.05,37
6918,9.9700,0.1254,1,100.00,3
6919,9.9500,0.1254,1,100.00,5
6920,9.7700,0.1254,1,73.91,23
6921,9.8900,0.1253,1,81.82,11
6922,9.8600,0.1253,1,71.43,14
6923,9.7500,0.1252,1,76.00,25
6924,9.8400,0.1252,1,100.00,16
6925,9.7600,0.1252,1,100.00,24
6926,9.9800,0.1251,1,100.00,2
6927,9.7000,0.1251,1,80.00,30
6928,9.9400,0.1251,1,100.00,6
6929,9.7700,0.1250,1,82.61,23
6930,9.6200,0.1250,1,52.63,38
6931,9.2600,0.1249,1,62.50,24
6932,9.8600,0.1249,1,57.14,14
6933,9.7600,0.1249,1,75.00,24
6934,9.9100,0.1248,1,100.00,9
6935,9.1100,0.1248,1,51.28,39
6936,9.7700,0.1248,1,82.61,23
6937,9.2700,0.1247,1,86.96,23
6938,9.7100,0.1247,1,44.83,29
6939,9.8900,0.1246,1,81.82,11
6940,9.8500,0.1246,1,86.67,15
6941,9.8600,0.1246,1,71.43,14
6942,8.7700,0.1245,1,82.61,23
6943,9.9400,0.1245,1,100.00,6
6944,9.8800,0.1245,1,66.67,12
6945,9.2200,0.1244,1,67.86,28
6946,9.8000,0.1244,1,80.00,20
6947,9.7700,0.1243,1,56.52,23
6948,9.7900,0.1243,1,90.48,21
6949,9.3400,0.1243,1,68.75,16
6950,9.8200,0.1242,1,100.00,18
6951,9.9500,0.1242,1,100.00,5
6952,9.7400,0.1242,1,76.92,26
6953,9.9200,0.1241,1,100.00,8
6954,9.2500,0.1241,1,88.00,25
6955,9.9700,0.1240,1,100.00,3
6956,9.7900,0.1240,1,100.00,21
6957,8.7500,0.1240,1,76.00,25
6958,9.6300,0.1239,1,35.14,37
6959,8.6800,0.1239,1,62.50,32
6960,9.7400,0.1239,1,100.00,26
6961,9.7600,0.1238,1,91.67,24
6962,9.2100,0.1238,1,68.97,29
6963,9.8500,0.1237,1,100.00,15
6964,9.8700,0.1237,1,69.23,13
6965,9.9300,0.1237,1,100.00,7
6966,9.8200,0.1236,1,77.78,18
6967,9.7700,0.1236,1,82.61,23
6968,9.8400,0.1236,1,87.50,16
6969,9.9200,0.1235,1,75.00,8
6970,9.7300,0.1235,1,77.78,27
6971,9.2800,0.1235,1,68.18,22
6972,9.7500,0.1234,1,84.00,25
6973,9.2800,0.1234,1,86.36,22
6974,9.3000,0.1233,1,85.00,20
6975,9.3900,0.1233,1,72.73,11
6976,9.8700,0.1233,1,100.00,13
6977,9.8600,0.1232,1,85.71,14
6978,9.9500,0.1232,1,100.00,5
6979,9.9100,0.1232,1,100.00,9
6980,9.7900,0.1231,1,71.43,21
6981,9.8100,0.1231,1,100.00,19
6982,9.8100,0.1230,1,78.95,19
6983,9.8100,0.1230,1,78.95,19
6984,9.7000,0.1230,1,86.67,30
6985,9.2200,0.1229,1,75.00,28
6986,9.9800,0.1229,1,100.00,2
6987,9.8700,0.1229,1,84.62,13
6988,9.6600,0.1228,1,64.71,34
6989,9.7600,0.1228,1,83.33,24
6990,9.7900,0.1227,1,95.24,21
6991,8.6700,0.1227,1,51.52,33
6992,9.8700,0.1227,1,53.85,13
6993,9.7700,0.1226,1,91.30,23
6994,9.7800,0.1226,1,81.82,22
6995,9.7100,0.1226,1,79.31,29
6996,9.8000,0.1225,1,100.00,20
6997,9.7700,0.1225,1,73.91,23
6998,9.7600,0.1225,1,91.67,24
6999,9.9300,0.1224,1,71.43,7
7000,9.9500,0.1224,1,60.00,5
7001,9.8400,0.1223,1,100.00,16
7002,9.8100,0.1223,1,89.47,19
7003,9.7400,0.1223,1,76.92,26
7004,9.8500,0.1222,1,100.00,15
7005,9.7100,0.1222,1,72.41,29
7006,9.8200,0.1222,1,100.00,18
7007,9.9500,0.1221,1,100.00,5
7008,9.7700,0.1221,1,82.61,23
7009,9.9500,0.1221,1,100.00,5
7010,9.8200,0.1220,1,66.67,18
7011,9.8700,0.1220,1,84.62,13
7012,9.9100,0.1219,1,100.00,9
7013,9.9000,0.1219,1,60.00,10
7014,9.2000,0.1219,1,70.00,30
7015,9.7700,0.1218,1,65.22,23
7016,9.9700,0.1218,1,100.00,3
7017,9.9700,0.1218,1,100.00,3
7018,9.9000,0.1217,1,100.00,10
7019,9.7100,0.1217,1,65.52,29
7020,9.5900,0.1216,1,51.22,41
7021,9.9600,0.1216,1,100.00,4
7022,9.7800,0.1216,1,100.00,22
7023,7.2600,0.1215,1,70.83,24
7024,9.8000,0.1215,1,90.00,20
7025,9.7900,0.1215,1,71.43,21
7026,9.8700,0.1214,1,53.85,13
7027,9.7600,0.1214,1,100.00,24
7028,9.8500,0.1214,1,73.33,15
7029,9.9200,0.1213,1,100.00,8
7030,9.9200,0.1213,1,75.00,8
7031,9.7600,0.1212,1,83.33,24
7032,9.8100,0.1212,1,78.95,19
7033,9.9000,0.1212,1,80.00,10
7034,9.2300,0.1211,1,88.89,27
7035,9.2100,0.1211,1,62.07,29
7036,9.9300,0.1211,1,100.00,7
7037,9.9100,0.1210,1,100.00,9
7038,9.9700,0.1210,1,100.00,3
7039,9.5000,0.1210,1,26.00,50
7040,9.8100,0.1209,1,78.95,19
7041,9.9300,0.1209,1,71.43,7
7042,9.7900,0.1208,1,80.95,21
7043,9.6800,0.1208,1,62.50,32
7044,9.9300,0.1208,1,100.00,7
7045,9.8600,0.1207,1,100.00,14
7046,9.7800,0.1207,1,81.82,22
7047,9.8300,0.1207,1,76.47,17
7048,9.8400,0.1206,1,75.00,16
7049,9.7300,0.1206,1,77.78,27
7050,9.9200,0.1206,1,100.00,8
7051,9.9200,0.1205,1,75.00,8
7052,9.9300,0.1205,1,100.00,7
7053,9.7200,0.1205,1,85.71,28
7054,9.9600,0.1204,1,100.00,4
7055,9.8100,0.1204,1,100.00,19
7056,9.8000,0.1203,1,80.00,20
7057,9.8800,0.1203,1,50.00,12
7058,9.9300,0.1203,1,100.00,7
7059,9.7700,0.1202,1,91.30,23
7060,9.2600,0.1202,1,79.17,24
7061,9.8900,0.1202,1,81.82,11
7062,8.1700,0.1201,1,66.67,33
7063,9.8800,0.1201,1,83.33,12
7064,9.8600,0.1201,1,100.00,14
7065,9.8100,0.1200,1,100.00,19
7066,9.6500,0.1200,1,54.29,35
7067,9.7300,0.1199,1,85.19,27
7068,9.7800,0.1199,1,86.36,22
7069,9.8300,0.1199,1,100.00,17
7070,9.9700,0.1198,1,100.00,3
7071,9.7400,0.1198,1,84.62,26
7072,9.7500,0.1198,1,84.00,25
7073,9.9400,0.1197,1,100.00,6
7074,9.8400,0.1197,1,100.00,16
7075,9.9800,0.1197,1,100.00,2
7076,9.1900,0.1196,1,58.06,31
7077,9.7900,0.1196,1,80.95,21
7078,9.8800,0.1196,1,66.67,12
7079,9.9200,0.1195,1,100.00,8
7080,9.8100,0.1195,1,89.47,19
7081,9.9000,0.1194,1,80.00,10
7082,3.0700,0.1194,1,46.51,43
7083,9.8100,0.1194,1,89.47,19
7084,9.7500,0.1193,1,76.00,25
7085,6.8000,0.1193,1,60.00,20
7086,9.9400,0.1193,1,66.67,6
7087,9.8200,0.1192,1,77.78,18
7088,9.8800,0.1192,1,100.00,12
7089,9.7500,0.1192,1,68.00,25
7090,9.8900,0.1191,1,100.00,11
7091,9.7500,0.1191,1,100.00,25
7092,9.9700,0.1190,1,100.00,3
7093,9.8300,0.1190,1,76.47,17
7094,9.8700,0.1190,1,69.23,13
7095,9.7500,0.1189,1,92.00,25
7096,9.7200,0.1189,1,92.86,28
7097,9.8900,0.1189,1,81.82,11
7098,9.9100,0.1188,1,55.56,9
7099,9.9100,0.1188,1,100.00,9
7100,9.8000,0.1188,1,90.00,20
7101,9.8000,0.1187,1,90.00,20
7102,9.9500,0.1187,1,100.00,5
7103,9.9300,0.1187,1,71.43,7
7104,9.8900,0.1186,1,100.00,11
7105,9.8500,0.1186,1,86.67,15
7106,9.8200,0.1186,1,88.89,18
7107,9.3300,0.1185,1,88.24,17
7108,9.9600,0.1185,1,50.00,4
7109,9.8500,0.1184,1,73.33,15
7110,9.8600,0.1184,1,85.71,14
7111,9.8900,0.1184,1,100.00,11
7112,9.7500,0.1183,1,84.00,25
7113,9.7200,0.1183,1,75.00,28
7114,9.9100,0.1183,1,100.00,9
7115,9.9400,0.1182,1,100.00,6
7116,9.7700,0.1182,1,73.91,23
7117,9.8800,0.1182,1,83.33,12
7118,9.7400,0.1181,1,84.62,26
7119,9.8900,0.1181,1,63.64,11
7120,9.9500,0.1181,1,100.00,5
7121,9.6900,0.1180,1,61.29,31
7122,9.9000,0.1180,1,60.00,10
7123,9.7300,0.1179,1,77.78,27
7124,9.8800,0.1179,1,66.67,12
7125,9.9100,0.1179,1,100.00,9
7126,9.9600,0.1178,1,100.00,4
7127,8.2000,0.1178,1,76.67,30
7128,9.8000,0.1178,1,80.00,20
7129,9.8100,0.1177,1,78.95,19
7130,9.7200,0.1177,1,82.14,28
7131,9.8200,0.1177,1,77.78,18
7132,9.8800,0.1176,1,100.00,12
7133,9.8200,0.1176,1,88.89,18
7134,9.9100,0.1176,1,77.78,9
7135,9.9600,0.1175,1,100.00,4
7136,9.2800,0.1175,1,68.18,22
7137,9.8100,0.1175,1,78.95,19
7138,9.9400,0.1174,1,100.00,6
7139,9.8900,0.1174,1,100.00,11
7140,9.9500,0.1173,1,100.00,5
7141,9.8500,0.1173,1,100.00,15
7142,9.8600,0.1173,1,42.86,14
7143,9.8300,0.1172,1,88.24,17
7144,9.7700,0.1172,1,65.22,23
7145,9.9300,0.1172,1,71.43,7
7146,9.9100,0.1171,1,100.00,9
7147,9.9200,0.1171,1,75.00,8
7148,9.3200,0.1171,1,72.22,18
7149,9.2300,0.1170,1,88.89,27
7150,9.7000,0.1170,1,60.00,30
7151,9.7000,0.1170,1,66.67,30
7152,9.8200,0.1169,1,88.89,18
7153,9.2200,0.1169,1,67.86,28
7154,9.8700,0.1169,1,69.23,13
7155,9.8400,0.1168,1,100.00,16
7156,9.8900,0.1168,1,100.00,11
7157,9.8300,0.1167,1,100.00,17
7158,9.7700,0.1167,1,91.30,23
7159,9.7600,0.1167,1,91.67,24
7160,9.9100,0.1166,1,100.00,9
7161,9.7400,0.1166,1,84.62,26
7162,5.2700,0.1166,1,43.48,23
7163,9.9500,0.1165,1,100.00,5
7164,9.3600,0.1165,1,78.57,14
7165,9.8600,0.1165,1,85.71,14
7166,9.8400,0.1164,1,81.25,16
7167,9.9700,0.1164,1,33.33,3
7168,9.9500,0.1164,1,100.00,5
7169,9.6900,0.1163,1,74.19,31
7170,9.7600,0.1163,1,83.33,24
7171,9.7200,0.1163,1,71.43,28
7172,9.2700,0.1162,1,69.57,23
7173,9.8000,0.1162,1,90.00,20
7174,9.9000,0.1162,1,100.00,10
7175,9.7700,0.1161,1,73.91,23
7176,9.7600,0.1161,1,66.67,24
7177,9.8500,0.1161,1,86.67,15
7178,9.8000,0.1160,1,80.00,20
7179,9.9100,0.1160,1,100.00,9
7180,9.9000,0.1159,1,100.00,10
7181,9.8700,0.1159,1,69.23,13
7182,9.7700,0.1159,1,91.30,23
7183,9.9600,0.1158,1,100.00,4
7184,9.7400,0.1158,1,92.31,26
7185,9.9300,0.1158,1,100.00,7
7186,9.9000,0.1157,1,60.00,10
7187,9.9300,0.1157,1,100.00,7
7188,9.9600,0.1157,1,100.00,4
7189,9.9600,0.1156,1,100.00,4
7190,9.7300,0.1156,1,77.78,27
7191,9.7800,0.1156,1,81.82,22
7192,9.7400,0.1155,1,69.23,26
7193,9.9300,0.1155,1,71.43,7
7194,9.8800,0.1155,1,100.00,12
7195,9.8800,0.1154,1,100.00,12
7196,9.8400,0.1154,1,50.00,16
7197,8.2900,0.1154,1,85.71,21
7198,9.8200,0.1153,1,88.89,18
7199,9.3000,0.1153,1,85.00,20
7200,9.7300,0.1153,1,70.37,27
7201,9.7500,0.1152,1,92.00,25
7202,9.3200,0.1152,1,83.33,18
7203,9.8800,0.1151,1,83.33,12
7204,9.2800,0.1151,1,68.18,22
7205,9.9200,0.1151,1,75.00,8
7206,9.9800,0.1150,1,100.00,2
7207,9.8400,0.1150,1,87.50,16
7208,9.8000,0.1150,1,80.00,20
7209,9.8500,0.1149,1,100.00,15
7210,9.8700,0.1149,1,100.00,13
7211,9.8100,0.1149,1,89.47,19
7212,9.9500,0.1148,1,100.00,5
7213,9.8200,0.1148,1,100.00,18
7214,9.8400,0.1148,1,75.00,16
7215,9.7700,0.1147,1,73.91,23
7216,9.9000,0.1147,1,100.00,10
7217,9.2500,0.1147,1,96.00,25
7218,9.7700,0.1146,1,100.00,23
7219,9.9200,0.1146,1,100.00,8
7220,9.9200,0.1146,1,100.00,8
7221,9.9300,0.1145,1,71.43,7
7222,9.4000,0.1145,1,90.00,10
7223,9.8500,0.1145,1,100.00,15
7224,9.9300,0.1144,1,100.00,7
7225,9.8900,0.1144,1,100.00,11
7226,9.9000,0.1144,1,100.00,10
7227,9.7900,0.1143,1,100.00,21
7228,9.9300,0.1143,1,100.00,7
7229,9.9800,0.1143,1,100.00,2
7230,8.7500,0.1142,1,68.00,25
7231,9.8500,0.1142,1,86.67,15
7232,9.8100,0.1142,1,100.00,19
7233,9.9900,0.1141,1,100.00,1
7234,9.9500,0.1141,1,60.00,5
7235,9.8300,0.1140,1,100.00,17
7236,9.8800,0.1140,1,100.00,12
7237,8.7400,0.1140,1,84.62,26
7238,9.7600,0.1139,1,66.67,24
7239,9.9600,0.1139,1,100.00,4
7240,9.9300,0.1139,1,100.00,7
7241,9.7200,0.1138,1,85.71,28
7242,9.9500,0.1138,1,100.00,5
7243,9.9400,0.1138,1,100.00,6
7244,9.2400,0.1137,1,73.08,26
7245,9.9400,0.1137,1,100.00,6
7246,9.7400,0.1137,1,76.92,26
7247,9.8200,0.1136,1,77.78,18
7248,9.7600,0.1136,1,75.00,24
7249,9.9400,0.1136,1,100.00,6
7250,9.9100,0.1135,1,77.78,9
7251,8.8500,0.1135,1,86.67,15
7252,9.2400,0.1135,1,80.77,26
7253,9.7400,0.1134,1,92.31,26
7254,9.2900,0.1134,1,85.71,21
7255,9.9200,0.1134,1,75.00,8
7256,9.8200,0.1133,1,100.00,18
7257,9.6900,0.1133,1,77.42,31
7258,9.8300,0.1133,1,100.00,17
7259,9.9600,0.1132,1,100.00,4
7260,9.8200,0.1132,1,100.00,18
7261,9.7600,0.1132,1,83.33,24
7262,9.7800,0.1131,1,81.82,22
7263,9.7600,0.1131,1,75.00,24
7264,9.7500,0.1131,1,92.00,25
7265,9.9200,0.1130,1,100.00,8
7266,9.7900,0.1130,1,80.95,21
7267,9.7300,0.1130,1,92.59,27
7268,9.8300,0.1129,1,88.24,17
7269,9.8100,0.1129,1,78.95,19
7270,9.8400,0.1129,1,100.00,16
7271,9.9400,0.1128,1,66.67,6
7272,9.9900,0.1128,1,100.00,1
7273,9.7200,0.1128,1,92.86,28
7274,9.8300,0.1127,1,88.24,17
7275,9.8700,0.1127,1,84.62,13
7276,9.8800,0.1127,1,83.33,12
7277,9.9200,0.1126,1,100.00,8
7278,9.7500,0.1126,1,84.00,25
7279,9.7100,0.1126,1,72.41,29
7280,9.9400,0.1125,1,100.00,6
7281,9.2600,0.1125,1,95.83,24
7282,9.9600,0.1125,1,100.00,4
7283,9.7000,0.1124,1,46.67,30
7284,9.8200,0.1124,1,88.89,18
7285,9.9200,0.1124,1,75.00,8
7286,9.2500,0.1123,1,88.00,25
7287,9.9100,0.1123,1,100.00,9
7288,9.8200,0.1122,1,88.89,18
7289,9.7900,0.1122,1,90.48,21
7290,9.2600,0.1122,1,95.83,24
7291,9.9000,0.1121,1,100.00,10
7292,9.8200,0.1121,1,100.00,18
7293,9.8000,0.1121,1,90.00,20
7294,9.9700,0.1120,1,100.00,3
7295,9.7700,0.1120,1,82.61,23
7296,9.8000,0.1120,1,90.00,20
7297,9.8400,0.1119,1,100.00,16
7298,9.8500,0.1119,1,86.67,15
7299,9.9400,0.1119,1,100.00,6
7300,9.7800,0.1118,1,90.91,22
7301,9.9500,0.1118,1,100.00,5
7302,9.7100,0.1118,1,72.41,29
7303,9.9500,0.1117,1,100.00,5
7304,9.8100,0.1117,1,100.00,19
7305,9.8700,0.1117,1,84.62,13
7306,9.9700,0.1116,1,100.00,3
7307,9.9500,0.1116,1,100.00,5
7308,9.7800,0.1116,1,86.36,22
7309,9.8400,0.1115,1,87.50,16
7310,9.7800,0.1115,1,100.00,22
7311,9.9200,0.1115,1,75.00,8
7312,9.3700,0.1114,1,92.31,13
7313,9.8200,0.1114,1,100.00,18
7314,9.8500,0.1114,1,100.00,15
7315,9.7800,0.1113,1,63.64,22
7316,8.7100,0.1113,1,58.62,29
7317,9.8400,0.1113,1,100.00,16
7318,9.8200,0.1112,1,100.00,18
7319,9.9700,0.1112,1,100.00,3
7320,9.8600,0.1112,1,85.71,14
7321,9.8300,0.1111,1,64.71,17
7322,9.8800,0.1111,1,100.00,12
7323,9.7900,0.1111,1,66.67,21
7324,9.9200,0.1110,1,75.00,8
7325,9.9300,0.1110,1,100.00,7
7326,9.9800,0.1110,1,100.00,2
7327,9.9000,0.1109,1,100.00,10
7328,9.9500,0.1109,1,100.00,5
7329,9.2200,0.1109,1,89.29,28
7330,9.9900,0.1108,1,100.00,1
7331,8.7900,0.1108,1,71.43,21
7332,9.9000,0.1108,1,100.00,10
7333,9.9300,0.1107,1,100.00,7
7334,9.9700,0.1107,1,100.00,3
7335,9.3200,0.1107,1,61.11,18
7336,9.9500,0.1106,1,100.00,5
7337,9.8300,0.1106,1,76.47,17
7338,9.8600,0.1106,1,100.00,14
7339,8.2000,0.1105,1,63.33,30
7340,9.6700,0.1105,1,57.58,33
7341,9.8900,0.1105,1,81.82,11
7342,9.9100,0.1104,1,77.78,9
7343,9.8500,0.1104,1,100.00,15
7344,9.7200,0.1104,1,71.43,28
7345,9.7400,0.1103,1,76.92,26
7346,9.8700,0.1103,1,84.62,13
7347,9.8100,0.1103,1,100.00,19
7348,9.9600,0.1102,1,50.00,4
7349,9.9100,0.1102,1,100.00,9
7350,9.8200,0.1102,1,100.00,18
7351,9.7100,0.1101,1,86.21,29
7352,9.8200,0.1101,1,88.89,18
7353,9.7300,0.1101,1,85.19,27
7354,9.8500,0.1100,1,86.67,15
7355,9.3100,0.1100,1,94.74,19
7356,9.9400,0.1100,1,100.00,6
7357,9.8400,0.1099,1,87.50,16
7358,9.6700,0.1099,1,69.70,33
7359,9.8800,0.1099,1,83.33,12
7360,9.7500,0.1099,1,84.00,25
7361,9.9100,0.1098,1,100.00,9
7362,9.9000,0.1098,1,80.00,10
7363,9.9000,0.1098,1,100.00,10
7364,9.7600,0.1097,1,91.67,24
7365,9.9600,0.1097,1,100.00,4
7366,9.9300,0.1097,1,100.00,7
7367,9.8700,0.1096,1,69.23,13
7368,9.9000,0.1096,1,80.00,10
7369,9.7900,0.1096,1,71.43,21
7370,9.7800,0.1095,1,81.82,22
7371,8.8000,0.1095,1,80.00,20
7372,9.7800,0.1095,1,90.91,22
7373,9.9000,0.1094,1,100.00,10
7374,9.9600,0.1094,1,100.00,4
7375,9.8100,0.1094,1,78.95,19
7376,9.7200,0.1093,1,85.71,28
7377,9.8400,0.1093,1,81.25,16
7378,9.8400,0.1093,1,100.00,16
7379,9.9100,0.1092,1,100.00,9
7380,9.8800,0.1092,1,83.33,12
7381,9.8600,0.1092,1,85.71,14
7382,9.9000,0.1091,1,100.00,10
7383,9.9100,0.1091,1,77.78,9
7384,9.9500,0.1091,1,100.00,5
7385,9.7600,0.1090,1,91.67,24
7386,9.2600,0.1090,1,79.17,24
7387,9.9600,0.1090,1,100.00,4
7388,9.8600,0.1089,1,85.71,14
7389,9.7300,0.1089,1,77.78,27
7390,9.2300,0.1089,1,88.89,27
7391,9.7300,0.1088,1,70.37,27
7392,9.8200,0.1088,1,88.89,18
7393,9.7900,0.1088,1,80.95,21
7394,9.9800,0.1087,1,100.00,2
7395,9.9400,0.1087,1,100.00,6
7396,9.9400,0.1087,1,66.67,6
7397,9.8600,0.1086,1,100.00,14
7398,9.8200,0.1086,1,88.89,18
7399,9.8800,0.1086,1,100.00,12
7400,9.9000,0.1085,1,80.00,10
7401,9.8500,0.1085,1,100.00,15
7402,9.9700,0.1085,1,100.00,3
7403,9.9000,0.1084,1,100.00,10
7404,9.9600,0.1084,1,100.00,4
7405,9.9200,0.1084,1,100.00,8
7406,9.9400,0.1083,1,100.00,6
7407,9.7100,0.1083,1,79.31,29
7408,9.7000,0.1083,1,66.67,30
7409,9.9000,0.1082,1,100.00,10
7410,9.9400,0.1082,1,100.00,6
7411,9.7500,0.1082,1,76.00,25
7412,9.8800,0.1082,1,66.67,12
7413,9.2700,0.1081,1,78.26,23
7414,9.8500,0.1081,1,86.67,15
7415,9.8300,0.1081,1,76.47,17
7416,9.9200,0.1080,1,100.00,8
7417,9.9100,0.1080,1,100.00,9
7418,9.7200,0.1080,1,85.71,28
7419,9.9300,0.1079,1,71.43,7
7420,9.6400,0.1079,1,66.67,36
7421,9.3400,0.1079,1,81.25,16
7422,9.7300,0.1078,1,85.19,27
7423,9.8300,0.1078,1,76.47,17
7424,9.8700,0.1078,1,84.62,13
7425,9.8000,0.1077,1,80.00,20
7426,9.8000,0.1077,1,70.00,20
7427,9.8300,0.1077,1,100.00,17
7428,9.9700,0.1076,1,100.00,3
7429,9.7500,0.1076,1,68.00,25
7430,9.6800,0.1076,1,81.25,32
7431,9.9200,0.1075,1,100.00,8
7432,9.7400,0.1075,1,76.92,26
7433,9.3200,0.1075,1,72.22,18
7434,9.9200,0.1074,1,100.00,8
7435,9.8800,0.1074,1,83.33,12
7436,9.8900,0.1074,1,100.00,11
7437,9.7500,0.1073,1,100.00,25
7438,9.9100,0.1073,1,100.00,9
7439,9.9800,0.1073,1,100.00,2
7440,9.8900,0.1072,1,100.00,11
7441,9.8800,0.1072,1,83.33,12
7442,9.9300,0.1072,1,100.00,7
7443,9.9000,0.1071,1,80.00,10
7444,9.8200,0.1071,1,100.00,18
7445,9.9000,0.1071,1,80.00,10
7446,9.9200,0.1071,1,100.00,8
7447,9.7600,0.1070,1,87.50,24
7448,9.7900,0.1070,1,90.48,21
7449,9.2200,0.1070,1,89.29,28
7450,9.9300,0.1069,1,71.43,7
7451,9.1900,0.1069,1,70.97,31
7452,9.9100,0.1069,1,77.78,9
7453,9.9600,0.1068,1,100.00,4
7454,9.8100,0.1068,1,89.47,19
7455,9.9500,0.1068,1,60.00,5
7456,9.9600,0.1067,1,100.00,4
7457,9.8900,0.1067,1,63.64,11
7458,9.7400,0.1067,1,84.62,26
7459,9.8400,0.1066,1,87.50,16
7460,9.7300,0.1066,1,85.19,27
7461,9.9600,0.1066,1,100.00,4
7462,9.9600,0.1065,1,100.00,4
7463,9.9900,0.1065,1,100.00,1
7464,9.7600,0.1065,1,91.67,24
7465,9.9700,0.1064,1,100.00,3
7466,9.8400,0.1064,1,87.50,16
7467,9.9200,0.1064,1,75.00,8
7468,9.7500,0.1063,1,84.00,25
7469,9.8900,0.1063,1,81.82,11
7470,9.4100,0.1063,1,25.42,59
7471,9.9300,0.1063,1,42.86,7
7472,9.8900,0.1062,1,81.82,11
7473,9.8600,0.1062,1,85.71,14
7474,9.8100,0.1062,1,100.00,19
7475,9.9200,0.1061,1,100.00,8
7476,9.2200,0.1061,1,82.14,28
7477,9.8100,0.1061,1,68.42,19
7478,9.8000,0.1060,1,90.00,20
7479,9.7000,0.1060,1,60.00,30
7480,9.7800,0.1060,1,77.27,22
7481,9.8000,0.1059,1,80.00,20
7482,9.7600,0.1059,1,100.00,24
7483,9.8100,0.1059,1,89.47,19
7484,9.9000,0.1058,1,100.00,10
7485,9.7900,0.1058,1,90.48,21
7486,9.9500,0.1058,1,100.00,5
7487,5.7200,0.1057,1,57.14,28
7488,9.9400,0.1057,1,66.67,6
7489,9.9200,0.1057,1,100.00,8
7490,9.9800,0.1056,1,100.00,2
7491,9.9300,0.1056,1,71.43,7
7492,9.7600,0.1056,1,83.33,24
7493,9.7600,0.1056,1,75.00,24
7494,9.7800,0.1055,1,100.00,22
7495,9.7700,0.1055,1,73.91,23
7496,9.7200,0.1055,1,78.57,28
7497,9.9100,0.1054,1,100.00,9
7498,9.3900,0.1054,1,90.91,11
7499,9.9000,0.1054,1,100.00,10
7500,9.2700,0.1053,1,78.26,23
7501,9.8200,0.1053,1,88.89,18
7502,9.8000,0.1053,1,90.00,20
7503,9.3900,0.1052,1,72.73,11
7504,9.9200,0.1052,1,100.00,8
7505,9.9400,0.1052,1,100.00,6
7506,9.9500,0.1051,1,100.00,5
7507,9.6900,0.1051,1,61.29,31
7508,9.3000,0.1051,1,85.00,20
7509,9.7800,0.1050,1,81.82,22
7510,9.9400,0.1050,1,66.67,6
7511,9.7700,0.1050,1,73.91,23
7512,9.3400,0.1050,1,93.75,16
7513,9.8300,0.1049,1,88.24,17
7514,9.7500,0.1049,1,92.00,25
7515,9.8600,0.1049,1,85.71,14
7516,9.2100,0.1048,1,55.17,29
7517,9.7700,0.1048,1,91.30,23
7518,9.7300,0.1048,1,81.48,27
7519,9.8900,0.1047,1,100.00,11
7520,9.8700,0.1047,1,84.62,13
7521,9.6100,0.1047,1,48.72,39
7522,9.7300,0.1046,1,77.78,27
7523,9.9400,0.1046,1,100.00,6
7524,9.9100,0.1046,1,55.56,9
7525,9.7900,0.1045,1,80.95,21
7526,8.8100,0.1045,1,57.89,19
7527,9.6600,0.1045,1,76.47,34
7528,9.9600,0.1045,1,100.00,4
7529,9.8600,0.1044,1,85.71,14
7530,9.7700,0.1044,1,100.00,23
7531,9.7100,0.1044,1,72.41,29
7532,9.9000,0.1043,1,100.00,10
7533,9.9800,0.1043,1,100.00,2
7534,9.8400,0.1043,1,100.00,16
7535,9.9300,0.1042,1,100.00,7
7536,9.7200,0.1042,1,82.14,28
7537,9.3700,0.1042,1,76.92,13
7538,9.9400,0.1041,1,100.00,6
7539,9.2200,0.1041,1,75.00,28
7540,9.8500,0.1041,1,86.67,15
7541,9.3500,0.1040,1,80.00,15
7542,9.7800,0.1040,1,72.73,22
7543,9.7800,0.1040,1,81.82,22
7544,9.8800,0.1040,1,100.00,12
7545,9.7200,0.1039,1,78.57,28
7546,9.8000,0.1039,1,80.00,20
7547,9.8000,0.1039,1,90.00,20
7548,9.8400,0.1038,1,100.00,16
7549,9.9400,0.1038,1,66.67,6
7550,9.8700,0.1038,1,100.00,13
7551,9.7700,0.1037,1,73.91,23
7552,9.8000,0.1037,1,80.00,20
7553,9.7100,0.1037,1,86.21,29
7554,9.9300,0.1036,1,71.43,7
7555,9.7700,0.1036,1,82.61,23
7556,9.7900,0.1036,1,90.48,21
7557,9.9600,0.1035,1,50.00,4
7558,9.8900,0.1035,1,100.00,11
7559,9.7100,0.1035,1,72.41,29
7560,9.6900,0.1035,1,67.74,31
7561,9.7200,0.1034,1,85.71,28
7562,9.9500,0.1034,1,100.00,5
7563,9.7800,0.1034,1,81.82,22
7564,9.7900,0.1033,1,90.48,21
7565,4.7300,0.1033,1,62.96,27
7566,8.7000,0.1033,1,80.00,30
7567,9.9600,0.1032,1,100.00,4
7568,9.8800,0.1032,1,100.00,12
7569,9.8500,0.1032,1,100.00,15
7570,9.6600,0.1031,1,64.71,34
7571,9.2800,0.1031,1,81.82,22
7572,9.8500,0.1031,1,86.67,15
7573,6.7600,0.1031,1,66.67,24
7574,9.8400,0.1030,1,87.50,16
7575,9.9400,0.1030,1,100.00,6
7576,9.2500,0.1030,1,72.00,25
7577,9.3200,0.1029,1,83.33,18
7578,9.7500,0.1029,1,92.00,25
7579,9.9500,0.1029,1,100.00,5
7580,9.8300,0.1028,1,88.24,17
7581,9.9600,0.1028,1,100.00,4
7582,9.9000,0.1028,1,100.00,10
7583,8.7100,0.1027,1,79.31,29
7584,9.9500,0.1027,1,100.00,5
7585,9.9100,0.1027,1,100.00,9
7586,9.7200,0.1026,1,78.57,28
7587,8.7000,0.1026,1,73.33,30
7588,9.9400,0.1026,1,100.00,6
7589,9.7700,0.1026,1,82.61,23
7590,9.9000,0.1025,1,100.00,10
7591,9.9600,0.1025,1,100.00,4
7592,9.3300,0.1025,1,82.35,17
7593,9.7900,0.1024,1,80.95,21
7594,9.9500,0.1024,1,100.00,5
7595,9.6800,0.1024,1,81.25,32
7596,9.7700,0.1023,1,73.91,23
7597,9.2900,0.1023,1,76.19,21
7598,9.8100,0.1023,1,89.47,19
7599,9.7900,0.1022,1,80.95,21
7600,9.9000,0.1022,1,80.00,10
7601,9.8200,0.1022,1,88.89,18
7602,9.8700,0.1022,1,84.62,13
7603,9.9500,0.1021,1,100.00,5
7604,9.8400,0.1021,1,100.00,16
7605,9.7400,0.1021,1,76.92,26
7606,9.8400,0.1020,1,87.50,16
7607,9.7300,0.1020,1,77.78,27
7608,9.7700,0.1020,1,65.22,23
7609,9.8500,0.1019,1,86.67,15
7610,9.9000,0.1019,1,100.00,10
7611,9.8900,0.1019,1,100.00,11
7612,9.9100,0.1019,1,100.00,9
7613,9.8800,0.1018,1,83.33,12
7614,9.8400,0.1018,1,75.00,16
7615,9.7600,0.1018,1,91.67,24
7616,9.9300,0.1017,1,71.43,7
7617,9.8800,0.1017,1,83.33,12
7618,9.7700,0.1017,1,100.00,23
7619,9.9500,0.1016,1,100.00,5
7620,9.6400,0.1016,1,55.56,36
7621,9.8200,0.1016,1,88.89,18
7622,9.8800,0.1015,1,66.67,12
7623,9.9400,0.1015,1,100.00,6
7624,9.7800,0.1015,1,90.91,22
7625,9.8900,0.1015,1,100.00,11
7626,9.7700,0.1014,1,100.00,23
7627,9.8100,0.1014,1,89.47,19
7628,9.7300,0.1014,1,70.37,27
7629,9.2600,0.1013,1,91.67,24
7630,9.9600,0.1013,1,100.00,4
7631,9.8800,0.1013,1,83.33,12
7632,9.7400,0.1012,1,61.54,26
7633,9.8600,0.1012,1,71.43,14
7634,9.7200,0.1012,1,85.71,28
7635,9.9100,0.1012,1,100.00,9
7636,8.6100,0.1011,1,53.85,39
7637,9.8200,0.1011,1,77.78,18
7638,9.8800,0.1011,1,100.00,12
7639,9.7300,0.1010,1,74.07,27
7640,9.9800,0.1010,1,100.00,2
7641,9.8000,0.1010,1,70.00,20
7642,9.9400,0.1009,1,100.00,6
7643,9.9400,0.1009,1,100.00,6
7644,9.7600,0.1009,1,100.00,24
7645,9.9500,0.1008,1,100.00,5
7646,9.7700,0.1008,1,82.61,23
7647,9.7800,0.1008,1,90.91,22
7648,9.7900,0.1008,1,61.90,21
7649,9.8600,0.1007,1,85.71,14
7650,9.9500,0.1007,1,100.00,5
7651,9.7900,0.1007,1,90.48,21
7652,9.9400,0.1006,1,100.00,6
7653,9.8000,0.1006,1,90.00,20
7654,9.9000,0.1006,1,100.00,10
7655,9.9100,0.1005,1,100.00,9
7656,9.2700,0.1005,1,78.26,23
7657,9.7700,0.1005,1,69.57,23
7658,9.8000,0.1005,1,80.00,20
7659,9.7900,0.1004,1,100.00,21
7660,9.9300,0.1004,1,100.00,7
7661,9.8700,0.1004,1,84.62,13
7662,9.9100,0.1003,1,77.78,9
7663,9.7200,0.1003,1,64.29,28
7664,9.9100,0.1003,1,77.78,9
7665,9.6100,0.1002,1,58.97,39
7666,9.9800,0.1002,1,100.00,2
7667,9.9400,0.1002,1,100.00,6
7668,9.9600,0.1002,1,100.00,4
7669,9.4900,0.1001,1,49.02,51
7670,9.2900,0.1001,1,85.71,21
7671,9.8900,0.1001,1,81.82,11
7672,9.9200,0.1000,1,100.00,8
7673,9.7000,0.1000,1,73.33,30
7674,9.2400,0.1000,1,80.77,26
7675,9.1700,0.0999,1,60.61,33
7676,9.7700,0.0999,1,100.00,23
7677,9.3200,0.0999,1,94.44,18
7678,9.9200,0.0999,1,100.00,8
7679,9.2900,0.0998,1,95.24,21
7680,9.7200,0.0998,1,78.57,28
7681,9.9000,0.0998,1,80.00,10
7682,9.9200,0.0997,1,100.00,8
7683,9.8700,0.0997,1,69.23,13
7684,9.9200,0.0997,1,100.00,8
7685,9.9100,0.0996,1,100.00,9
7686,9.2200,0.0996,1,75.00,28
7687,9.7700,0.0996,1,91.30,23
7688,9.6100,0.0996,1,66.67,39
7689,9.8700,0.0995,1,84.62,13
7690,9.9800,0.0995,1,100.00,2
7691,9.3500,0.0995,1,80.00,15
7692,9.7700,0.0994,1,91.30,23
7693,9.7900,0.0994,1,90.48,21
7694,9.3000,0.0994,1,85.00,20
7695,9.8900,0.0993,1,100.00,11
7696,9.7600,0.0993,1,100.00,24
7697,9.7600,0.0993,1,100.00,24
7698,9.8300,0.0993,1,88.24,17
7699,9.8000,0.0992,1,90.00,20
7700,9.8000,0.0992,1,90.00,20
7701,9.8900,0.0992,1,81.82,11
7702,9.8200,0.0991,1,66.67,18
7703,9.2000,0.0991,1,70.00,30
7704,9.8600,0.0991,1,85.71,14
7705,9.9100,0.0990,1,77.78,9
7706,9.8200,0.0990,1,88.89,18
7707,9.3700,0.0990,1,92.31,13
7708,9.8800,0.0990,1,100.00,12
7709,-5.0000,0.0989,0,0.00,400
7710,9.7100,0.0989,1,58.62,29
7711,9.9300,0.0989,1,100.00,7
7712,9.9400,0.0988,1,100.00,6
7713,9.2100,0.0988,1,62.07,29
7714,-4.5000,0.0988,0,0.00,400
7715,9.9600,0.0988,1,100.00,4
7716,9.8300,0.0987,1,100.00,17
7717,-4.0000,0.0987,0,0.00,400
7718,9.7300,0.0987,1,85.19,27
7719,9.9100,0.0986,1,77.78,9
7720,9.7800,0.0986,1,81.82,22
7721,7.7100,0.0986,1,65.52,29
7722,9.8900,0.0985,1,81.82,11
7723,9.9300,0.0985,1,100.00,7
7724,9.8100,0.0985,1,89.47,19
7725,9.7800,0.0985,1,100.00,22
7726,9.7300,0.0984,1,85.19,27
7727,-4.5000,0.0984,0,0.00,400
7728,-4.5000,0.0984,0,0.00,400
7729,9.3700,0.0983,1,92.31,13
7730,9.9700,0.0983,1,100.00,3
7731,9.8600,0.0983,1,85.71,14
7732,9.7500,0.0982,1,76.00,25
7733,-4.0000,0.0982,0,0.00,400
7734,9.8800,0.0982,1,100.00,12
7735,9.1700,0.0982,1,57.58,33
7736,9.8900,0.0981,1,100.00,11
7737,9.8200,0.0981,1,100.00,18
7738,9.8700,0.0981,1,100.00,13
7739,9.8200,0.0980,1,66.67,18
7740,9.6800,0.0980,1,68.75,32
7741,9.9600,0.0980,1,100.00,4
7742,9.7800,0.0980,1,72.73,22
7743,-14.0000,0.0979,0,0.00,400
7744,9.8500,0.0979,1,100.00,15
7745,9.6200,0.0979,1,63.16,38
7746,8.7900,0.0978,1,85.71,21
7747,9.7800,0.0978,1,90.91,22
7748,9.8400,0.0978,1,100.00,16
7749,9.8100,0.0977,1,100.00,19
7750,9.9500,0.0977,1,100.00,5
7751,8.6200,0.0977,1,52.63,38
7752,9.9000,0.0977,1,80.00,10
7753,9.2700,0.0976,1,86.96,23
7754,9.2100,0.0976,1,62.07,29
7755,9.9300,0.0976,1,71.43,7
7756,9.7000,0.0975,1,73.33,30
7757,9.9300,0.0975,1,100.00,7
7758,9.9900,0.0975,1,100.00,1
7759,9.9200,0.0975,1,100.00,8
7760,9.6400,0.0974,1,47.22,36
7761,9.9000,0.0974,1,80.00,10
7762,9.9200,0.0974,1,100.00,8
7763,9.9000,0.0973,1,100.00,10
7764,9.4300,0.0973,1,85.71,7
7765,9.9500,0.0973,1,100.00,5
7766,9.2600,0.0973,1,79.17,24
7767,9.3600,0.0972,1,92.86,14
7768,9.7200,0.0972,1,92.86,28
7769,9.8400,0.0972,1,75.00,16
7770,9.6600,0.0971,1,70.59,34
7771,9.7700,0.0971,1,73.91,23
7772,9.9300,0.0971,1,100.00,7
7773,9.8300,0.0970,1,76.47,17
7774,9.8200,0.0970,1,88.89,18
7775,9.5700,0.0970,1,46.51,43
7776,-11.5000,0.0970,0,0.00,400
7777,9.9500,0.0969,1,100.00,5
7778,9.9500,0.0969,1,100.00,5
7779,9.7300,0.0969,1,92.59,27
7780,9.8400,0.0968,1,87.50,16
7781,9.8600,0.0968,1,71.43,14
7782,9.7500,0.0968,1,92.00,25
7783,9.8100,0.0968,1,68.42,19
7784,9.9300,0.0967,1,100.00,7
7785,9.7200,0.0967,1,85.71,28
7786,9.8600,0.0967,1,85.71,14
7787,9.9900,0.0966,1,100.00,1
7788,9.9500,0.0966,1,60.00,5
7789,9.7600,0.0966,1,58.33,24
7790,9.8800,0.0966,1,100.00,12
7791,9.6800,0.0965,1,62.50,32
7792,9.8500,0.0965,1,86.67,15
7793,9.9000,0.0965,1,100.00,10
7794,9.9600,0.0964,1,100.00,4
7795,9.9200,0.0964,1,100.00,8
7796,9.9100,0.0964,1,100.00,9
7797,9.9900,0.0964,1,100.00,1
7798,9.9600,0.0963,1,50.00,4
7799,9.9700,0.0963,1,100.00,3
7800,9.8600,0.0963,1,100.00,14
7801,9.9100,0.0962,1,100.00,9
7802,9.2600,0.0962,1,79.17,24
7803,9.8800,0.0962,1,100.00,12
7804,9.8300,0.0961,1,100.00,17
7805,9.7900,0.0961,1,90.48,21
7806,9.7600,0.0961,1,83.33,24
7807,9.9200,0.0961,1,100.00,8
7808,9.9500,0.0960,1,100.00,5
7809,9.8700,0.0960,1,69.23,13
7810,9.8100,0.0960,1,78.95,19
7811,9.7300,0.0959,1,85.19,27
7812,9.8000,0.0959,1,100.00,20
7813,9.7400,0.0959,1,61.54,26
7814,9.8200,0.0959,1,77.78,18
7815,9.9200,0.0958,1,100.00,8
7816,9.7500,0.0958,1,100.00,25
7817,9.7700,0.0958,1,69.57,23
7818,9.2800,0.0957,1,86.36,22
7819,9.7800,0.0957,1,72.73,22
7820,9.9300,0.0957,1,100.00,7
7821,8.5100,0.0957,1,8.05,149
7822,9.2500,0.0956,1,88.00,25
7823,9.7700,0.0956,1,91.30,23
7824,9.9100,0.0956,1,100.00,9
7825,9.7900,0.0955,1,100.00,21
7826,9.8900,0.0955,1,81.82,11
7827,9.7400,0.0955,1,84.62,26
7828,9.9300,0.0955,1,71.43,7
7829,9.8200,0.0954,1,66.67,18
7830,9.1800,0.0954,1,65.62,32
7831,9.7800,0.0954,1,72.73,22
7832,9.8300,0.0953,1,88.24,17
7833,9.2100,0.0953,1,75.86,29
7834,2.7000,0.0953,1,33.33,30
7835,8.8700,0.0953,1,22.12,113
7836,9.8800,0.0952,1,100.00,12
7837,9.8200,0.0952,1,100.00,18
7838,9.9400,0.0952,1,100.00,6
7839,9.8700,0.0951,1,84.62,13
7840,9.7700,0.0951,1,56.52,23
7841,9.8300,0.0951,1,100.00,17
7842,6.4000,0.0951,1,10.95,210
7843,9.9500,0.0950,1,100.00,5
7844,9.9400,0.0950,1,100.00,6
7845,-5.5000,0.0950,0,0.00,400
7846,9.9300,0.0949,1,100.00,7
7847,9.8600,0.0949,1,85.71,14
7848,9.8700,0.0949,1,100.00,13
7849,9.8300,0.0949,1,88.24,17
7850,9.6700,0.0948,1,63.64,33
7851,9.9200,0.0948,1,100.00,8
7852,-0.4200,0.0948,1,30.95,42
7853,9.9500,0.0947,1,60.00,5
7854,9.9800,0.0947,1,100.00,2
7855,9.9500,0.0947,1,100.00,5
7856,9.8100,0.0947,1,100.00,19
7857,9.9700,0.0946,1,100.00,3
7858,8.7700,0.0946,1,65.22,23
7859,9.9600,0.0946,1,100.00,4
7860,9.3200,0.0945,1,94.44,18
7861,9.8000,0.0945,1,90.00,20
7862,9.8700,0.0945,1,84.62,13
7863,9.9700,0.0945,1,100.00,3
7864,9.8800,0.0944,1,100.00,12
7865,9.6700,0.0944,1,69.70,33
7866,9.8000,0.0944,1,90.00,20
7867,9.9000,0.0943,1,100.00,10
7868,9.9000,0.0943,1,100.00,10
7869,9.9400,0.0943,1,100.00,6
7870,9.9300,0.0943,1,100.00,7
7871,9.7700,0.0942,1,82.61,23
7872,9.7800,0.0942,1,100.00,22
7873,-20.8200,0.0942,1,21.95,82
7874,9.8600,0.0942,1,100.00,14
7875,9.8300,0.0941,1,52.94,17
7876,9.9200,0.0941,1,100.00,8
7877,9.9500,0.0941,1,60.00,5
7878,9.9500,0.0940,1,100.00,5
7879,9.7400,0.0940,1,76.92,26
7880,9.7100,0.0940,1,58.62,29
7881,9.9400,0.0940,1,66.67,6
7882,9.9700,0.0939,1,100.00,3
7883,9.8700,0.0939,1,100.00,13
7884,9.6700,0.0939,1,63.64,33
7885,8.7200,0.0938,1,71.43,28
7886,9.3000,0.0938,1,75.00,20
7887,9.6000,0.0938,1,45.00,40
7888,9.8100,0.0938,1,73.68,19
7889,9.6800,0.0937,1,68.75,32
7890,9.3400,0.0937,1,93.75,16
7891,9.8900,0.0937,1,100.00,11
7892,9.3600,0.0936,1,92.86,14
7893,9.7600,0.0936,1,66.67,24
7894,9.8100,0.0936,1,68.42,19
7895,9.7200,0.0936,1,71.43,28
7896,9.9800,0.0935,1,100.00,2
7897,9.9100,0.0935,1,100.00,9
7898,9.8100,0.0935,1,89.47,19
7899,9.8600,0.0934,1,100.00,14
7900,9.7700,0.0934,1,73.91,23
7901,9.7800,0.0934,1,100.00,22
7902,9.8800,0.0934,1,100.00,12
7903,9.9700,0.0933,1,100.00,3
7904,9.9200,0.0933,1,100.00,8
7905,9.9800,0.0933,1,100.00,2
7906,9.1800,0.0933,1,78.12,32
7907,9.9200,0.0932,1,100.00,8
7908,9.9500,0.0932,1,100.00,5
7909,9.7700,0.0932,1,82.61,23
7910,9.2800,0.0931,1,86.36,22
7911,9.8700,0.0931,1,69.23,13
7912,9.7800,0.0931,1,72.73,22
7913,9.7900,0.0931,1,71.43,21
7914,9.8600,0.0930,1,100.00,14
7915,9.8400,0.0930,1,87.50,16
7916,9.8700,0.0930,1,100.00,13
7917,9.9700,0.0929,1,100.00,3
7918,9.8300,0.0929,1,64.71,17
7919,9.8200,0.0929,1,77.78,18
7920,9.7400,0.0929,1,84.62,26
7921,9.8900,0.0928,1,81.82,11
7922,9.7000,0.0928,1,60.00,30
7923,9.8600,0.0928,1,100.00,14
7924,9.9400,0.0927,1,33.33,6
7925,9.8000,0.0927,1,90.00,20
7926,9.9300,0.0927,1,71.43,7
7927,9.8800,0.0927,1,100.00,12
7928,9.9100,0.0926,1,77.78,9
7929,9.9700,0.0926,1,100.00,3
7930,9.8700,0.0926,1,100.00,13
7931,-9.4400,0.0926,1,26.60,94
7932,9.8800,0.0925,1,50.00,12
7933,9.7600,0.0925,1,83.33,24
7934,9.8700,0.0925,1,100.00,13
7935,9.8500,0.0924,1,86.67,15
7936,9.8100,0.0924,1,100.00,19
7937,9.8100,0.0924,1,57.89,19
7938,9.7300,0.0924,1,62.96,27
7939,9.8300,0.0923,1,88.24,17
7940,9.6600,0.0923,1,64.71,34
7941,9.9300,0.0923,1,71.43,7
7942,9.9300,0.0922,1,100.00,7
7943,9.5900,0.0922,1,41.46,41
7944,9.4200,0.0922,1,37.93,58
7945,9.5000,0.0922,1,36.00,50
7946,9.9400,0.0921,1,100.00,6
7947,9.9500,0.0921,1,100.00,5
7948,9.9200,0.0921,1,100.00,8
7949,9.9000,0.0921,1,80.00,10
7950,9.9600,0.0920,1,100.00,4
7951,9.8400,0.0920,1,87.50,16
7952,9.7700,0.0920,1,91.30,23
7953,9.8300,0.0919,1,100.00,17
7954,9.8600,0.0919,1,100.00,14
7955,9.8500,0.0919,1,100.00,15
7956,9.8100,0.0919,1,68.42,19
7957,9.8000,0.0918,1,100.00,20
7958,9.6200,0.0918,1,39.47,38
7959,9.8500,0.0918,1,73.33,15
7960,9.8700,0.0918,1,69.23,13
7961,9.8800,0.0917,1,100.00,12
7962,9.9600,0.0917,1,100.00,4
7963,9.9400,0.0917,1,100.00,6
7964,9.7200,0.0916,1,71.43,28
7965,9.9700,0.0916,1,100.00,3
7966,9.8700,0.0916,1,84.62,13
7967,9.9700,0.0916,1,100.00,3
7968,9.3900,0.0915,1,90.91,11
7969,9.3100,0.0915,1,94.74,19
7970,9.8900,0.0915,1,81.82,11
7971,9.7200,0.0915,1,71.43,28
7972,9.4600,0.0914,1,29.63,54
7973,9.9100,0.0914,1,77.78,9
7974,9.8800,0.0914,1,100.00,12
7975,9.8300,0.0913,1,88.24,17
7976,9.7600,0.0913,1,91.67,24
7977,9.9400,0.0913,1,100.00,6
7978,9.9400,0.0913,1,100.00,6
7979,9.3400,0.0912,1,81.25,16
7980,9.9100,0.0912,1,100.00,9
7981,9.8900,0.0912,1,100.00,11
7982,9.8800,0.0911,1,100.00,12
7983,9.7700,0.0911,1,91.30,23
7984,9.7500,0.0911,1,84.00,25
7985,9.7800,0.0911,1,100.00,22
7986,9.7800,0.0910,1,100.00,22
7987,9.9400,0.0910,1,66.67,6
7988,9.9500,0.0910,1,100.00,5
7989,-5.9600,0.0910,1,23.91,46
7990,9.9400,0.0909,1,100.00,6
7991,9.9800,0.0909,1,100.00,2
7992,9.8000,0.0909,1,90.00,20
7993,9.2500,0.0908,1,72.00,25
7994,9.2100,0.0908,1,48.28,29
7995,9.8200,0.0908,1,88.89,18
7996,9.9000,0.0908,1,100.00,10
7997,9.8400,0.0907,1,75.00,16
7998,9.9600,0.0907,1,50.00,4
7999,9.7700,0.0907,1,86.96,23
8000,9.9600,0.0907,1,100.00,4
8001,9.7300,0.0906,1,55.56,27
8002,9.8000,0.0906,1,80.00,20
8003,9.7200,0.0906,1,78.57,28
8004,9.7800,0.0905,1,81.82,22
8005,9.3500,0.0905,1,66.67,15
8006,9.8000,0.0905,1,100.00,20
8007,9.9400,0.0905,1,66.67,6
8008,9.9000,0.0904,1,80.00,10
8009,9.7600,0.0904,1,75.00,24
8010,9.7100,0.0904,1,79.31,29
8011,9.8300,0.0904,1,100.00,17
8012,9.9800,0.0903,1,100.00,2
8013,4.7000,0.0903,1,53.33,30
8014,9.8800,0.0903,1,100.00,12
8015,9.7700,0.0903,1,82.61,23
8016,9.7200,0.0902,1,85.71,28
8017,9.6400,0.0902,1,61.11,36
8018,9.8600,0.0902,1,100.00,14
8019,9.8200,0.0901,1,100.00,18
8020,9.8100,0.0901,1,89.47,19
8021,9.8400,0.0901,1,87.50,16
8022,9.5900,0.0901,1,56.10,41
8023,9.7100,0.0900,1,65.52,29
8024,9.9200,0.0900,1,75.00,8
8025,9.7800,0.0900,1,81.82,22
8026,9.8700,0.0900,1,84.62,13
8027,9.9000,0.0899,1,100.00,10
8028,9.8400,0.0899,1,100.00,16
8029,9.7500,0.0899,1,68.00,25
8030,9.8400,0.0898,1,100.00,16
8031,9.8900,0.0898,1,100.00,11
8032,9.7500,0.0898,1,76.00,25
8033,9.8300,0.0898,1,100.00,17
8034,9.9100,0.0897,1,77.78,9
8035,9.7600,0.0897,1,75.00,24
8036,9.9800,0.0897,1,100.00,2
8037,9.7200,0.0897,1,64.29,28
8038,9.7200,0.0896,1,71.43,28
8039,9.9300,0.0896,1,100.00,7
8040,9.8300,0.0896,1,88.24,17
8041,9.9400,0.0895,1,100.00,6
8042,9.7500,0.0895,1,84.00,25
8043,9.7600,0.0895,1,83.33,24
8044,9.9400,0.0895,1,100.00,6
8045,9.8800,0.0894,1,100.00,12
8046,9.9100,0.0894,1,100.00,9
8047,9.7700,0.0894,1,100.00,23
8048,9.7000,0.0894,1,73.33,30
8049,9.9000,0.0893,1,100.00,10
8050,9.8200,0.0893,1,100.00,18
8051,9.9100,0.0893,1,100.00,9
8052,9.7100,0.0893,1,51.72,29
8053,9.9500,0.0892,1,60.00,5
8054,9.9500,0.0892,1,60.00,5
8055,9.4300,0.0892,1,57.14,7
8056,9.2800,0.0891,1,77.27,22
8057,9.9400,0.0891,1,100.00,6
8058,9.8600,0.0891,1,100.00,14
8059,9.9100,0.0891,1,77.78,9
8060,9.3900,0.0890,1,90.91,11
8061,9.7600,0.0890,1,75.00,24
8062,9.6800,0.0890,1,62.50,32
8063,9.9500,0.0890,1,100.00,5
8064,9.2600,0.0889,1,79.17,24
8065,9.9000,0.0889,1,100.00,10
8066,9.7500,0.0889,1,92.00,25
8067,9.6300,0.0889,1,10.81,37
8068,9.8100,0.0888,1,63.16,19
8069,9.9200,0.0888,1,100.00,8
8070,9.8400,0.0888,1,100.00,16
8071,9.9000,0.0887,1,80.00,10
8072,9.8100,0.0887,1,89.47,19
8073,9.8400,0.0887,1,100.00,16
8074,9.7300,0.0887,1,77.78,27
8075,9.8800,0.0886,1,83.33,12
8076,9.9100,0.0886,1,100.00,9
8077,9.9300,0.0886,1,100.00,7
8078,9.4800,0.0886,1,44.23,52
8079,9.9100,0.0885,1,77.78,9
8080,9.9700,0.0885,1,100.00,3
8081,9.9400,0.0885,1,100.00,6
8082,9.7500,0.0885,1,92.00,25
8083,9.7800,0.0884,1,90.91,22
8084,9.9700,0.0884,1,100.00,3
8085,9.9600,0.0884,1,100.00,4
8086,9.7300,0.0883,1,77.78,27
8087,9.8200,0.0883,1,100.00,18
8088,9.9200,0.0883,1,100.00,8
8089,9.8000,0.0883,1,80.00,20
8090,9.9700,0.0882,1,100.00,3
8091,9.7200,0.0882,1,85.71,28
8092,9.7400,0.0882,1,76.92,26
8093,9.9600,0.0882,1,100.00,4
8094,9.6700,0.0881,1,75.76,33
8095,9.7100,0.0881,1,72.41,29
8096,9.6100,0.0881,1,30.77,39
8097,9.9800,0.0881,1,100.00,2
8098,9.9700,0.0880,1,100.00,3
8099,9.3200,0.0880,1,94.44,18
8100,9.9000,0.0880,1,100.00,10
8101,9.8300,0.0880,1,100.00,17
8102,9.1200,0.0879,1,55.26,38
8103,9.8000,0.0879,1,90.00,20
8104,9.9500,0.0879,1,100.00,5
8105,9.9000,0.0878,1,80.00,10
8106,9.7600,0.0878,1,91.67,24
8107,9.9300,0.0878,1,100.00,7
8108,9.8100,0.0878,1,89.47,19
8109,9.9100,0.0877,1,100.00,9
8110,9.9000,0.0877,1,100.00,10
8111,-10.0800,0.0877,1,29.31,58
8112,9.8000,0.0877,1,100.00,20
8113,9.7700,0.0876,1,82.61,23
8114,9.9500,0.0876,1,100.00,5
8115,9.9600,0.0876,1,100.00,4
8116,9.9700,0.0876,1,100.00,3
8117,9.8600,0.0875,1,28.57,14
8118,9.8900,0.0875,1,63.64,11
8119,9.9100,0.0875,1,100.00,9
8120,9.8500,0.0875,1,100.00,15
8121,9.7000,0.0874,1,80.00,30
8122,9.9600,0.0874,1,100.00,4
8123,9.9100,0.0874,1,33.33,9
8124,9.9700,0.0873,1,100.00,3
8125,9.8600,0.0873,1,85.71,14
8126,9.7500,0.0873,1,76.00,25
8127,9.0800,0.0873,1,21.74,92
8128,9.7800,0.0872,1,63.64,22
8129,9.9400,0.0872,1,66.67,6
8130,9.9300,0.0872,1,100.00,7
8131,9.7300,0.0872,1,77.78,27
8132,9.6200,0.0871,1,63.16,38
8133,9.9600,0.0871,1,100.00,4
8134,9.7800,0.0871,1,90.91,22
8135,9.2500,0.0871,1,25.33,75
8136,9.9700,0.0870,1,100.00,3
8137,9.8700,0.0870,1,84.62,13
8138,9.8300,0.0870,1,76.47,17
8139,9.7700,0.0870,1,91.30,23
8140,6.1000,0.0869,1,47.50,40
8141,9.6400,0.0869,1,61.11,36
8142,9.8300,0.0869,1,88.24,17
8143,9.6700,0.0869,1,45.45,33
8144,9.9900,0.0868,1,100.00,1
8145,9.9100,0.0868,1,55.56,9
8146,9.2700,0.0868,1,69.57,23
8147,9.7200,0.0867,1,78.57,28
8148,9.9300,0.0867,1,100.00,7
8149,9.9600,0.0867,1,100.00,4
8150,9.9500,0.0867,1,100.00,5
8151,9.8800,0.0866,1,100.00,12
8152,9.8200,0.0866,1,77.78,18
8153,9.6700,0.0866,1,57.58,33
8154,9.8400,0.0866,1,75.00,16
8155,9.9500,0.0865,1,100.00,5
8156,9.2300,0.0865,1,74.07,27
8157,9.8400,0.0865,1,100.00,16
8158,9.9500,0.0865,1,100.00,5
8159,9.8000,0.0864,1,100.00,20
8160,9.3900,0.0864,1,72.73,11
8161,9.7800,0.0864,1,100.00,22
8162,9.8200,0.0864,1,88.89,18
8163,9.9500,0.0863,1,60.00,5
8164,9.8900,0.0863,1,100.00,11
8165,9.8100,0.0863,1,89.47,19
8166,9.8100,0.0863,1,89.47,19
8167,9.8700,0.0862,1,100.00,13
8168,9.0200,0.0862,1,50.00,48
8169,9.9100,0.0862,1,100.00,9
8170,9.8700,0.0861,1,84.62,13
8171,9.9100,0.0861,1,100.00,9
8172,9.9600,0.0861,1,100.00,4
8173,9.8300,0.0861,1,88.24,17
8174,9.9700,0.0860,1,100.00,3
8175,9.8400,0.0860,1,93.75,16
8176,9.8500,0.0860,1,86.67,15
8177,9.3000,0.0860,1,75.00,20
8178,9.8300,0.0859,1,64.71,17
8179,9.9000,0.0859,1,100.00,10
8180,9.8200,0.0859,1,88.89,18
8181,9.9000,0.0859,1,100.00,10
8182,9.8100,0.0858,1,78.95,19
8183,9.2000,0.0858,1,56.67,30
8184,9.9000,0.0858,1,80.00,10
8185,9.9600,0.0858,1,100.00,4
8186,8.6300,0.0857,1,54.05,37
8187,9.7600,0.0857,1,100.00,24
8188,9.8100,0.0857,1,100.00,19
8189,9.9300,0.0857,1,71.43,7
8190,9.7900,0.0856,1,71.43,21
8191,9.7400,0.0856,1,92.31,26
8192,9.9800,0.0856,1,100.00,2
8193,9.0400,0.0856,1,47.83,46
8194,9.7600,0.0855,1,75.00,24
8195,9.9600,0.0855,1,100.00,4
8196,9.9200,0.0855,1,75.00,8
8197,9.9900,0.0855,1,100.00,1
8198,9.9500,0.0854,1,100.00,5
8199,9.7700,0.0854,1,91.30,23
8200,9.7600,0.0854,1,75.00,24
8201,9.8200,0.0854,1,77.78,18
8202,9.8600,0.0853,1,85.71,14
8203,9.7800,0.0853,1,90.91,22
8204,9.2800,0.0853,1,86.36,22
8205,9.2200,0.0852,1,60.71,28
8206,9.8300,0.0852,1,76.47,17
8207,9.8300,0.0852,1,88.24,17
8208,9.2300,0.0852,1,81.48,27
8209,9.9500,0.0851,1,100.00,5
8210,9.8700,0.0851,1,100.00,13
8211,9.7200,0.0851,1,64.29,28
8212,9.7600,0.0851,1,91.67,24
8213,9.7300,0.0850,1,70.37,27
8214,9.7300,0.0850,1,85.19,27
8215,9.3000,0.0850,1,85.00,20
8216,9.7600,0.0850,1,91.67,24
8217,9.8000,0.0849,1,90.00,20
8218,9.9300,0.0849,1,100.00,7
8219,9.7900,0.0849,1,100.00,21
8220,9.1400,0.0849,1,58.33,36
8221,9.9500,0.0848,1,60.00,5
8222,9.6900,0.0848,1,54.84,31
8223,9.7300,0.0848,1,77.78,27
8224,9.9100,0.0848,1,77.78,9
8225,9.7600,0.0847,1,75.00,24
8226,9.9600,0.0847,1,100.00,4
8227,9.7300,0.0847,1,85.19,27
8228,9.7700,0.0847,1,91.30,23
8229,9.7800,0.0846,1,90.91,22
8230,9.8900,0.0846,1,81.82,11
8231,9.9200,0.0846,1,100.00,8
8232,9.7500,0.0846,1,76.00,25
8233,9.5400,0.0845,1,45.65,46
8234,9.8300,0.0845,1,88.24,17
8235,9.7700,0.0845,1,73.91,23
8236,9.7200,0.0845,1,78.57,28
8237,9.9200,0.0844,1,100.00,8
8238,9.2400,0.0844,1,84.62,26
8239,9.9700,0.0844,1,100.00,3
8240,9.6600,0.0844,1,58.82,34
8241,9.1600,0.0843,1,67.65,34
8242,9.7600,0.0843,1,91.67,24
8243,7.1800,0.0843,1,53.12,32
8244,9.9400,0.0843,1,100.00,6
8245,9.8100,0.0842,1,68.42,19
8246,9.9600,0.0842,1,50.00,4
8247,9.3000,0.0842,1,85.00,20
8248,-10.2000,0.0842,1,24.29,70
8249,9.9100,0.0841,1,100.00,9
8250,9.8900,0.0841,1,100.00,11
8251,9.5500,0.0841,1,55.56,45
8252,9.7100,0.0841,1,72.41,29
8253,9.7600,0.0840,1,83.33,24
8254,9.7000,0.0840,1,86.67,30
8255,9.1900,0.0840,1,77.42,31
8256,9.7100,0.0840,1,79.31,29
8257,9.9300,0.0839,1,71.43,7
8258,9.9400,0.0839,1,100.00,6
8259,9.7900,0.0839,1,61.90,21
8260,8.7900,0.0839,1,36.62,71
8261,9.3900,0.0838,1,90.91,11
8262,9.8100,0.0838,1,89.47,19
8263,9.8200,0.0838,1,77.78,18
8264,9.8700,0.0838,1,100.00,13
8265,8.9300,0.0837,1,22.43,107
8266,8.3900,0.0837,1,72.73,11
8267,9.7800,0.0837,1,90.91,22
8268,9.9600,0.0837,1,100.00,4
8269,9.7700,0.0836,1,82.61,23
8270,9.9500,0.0836,1,100.00,5
8271,9.8100,0.0836,1,100.00,19
8272,9.8800,0.0836,1,83.33,12
8273,9.8300,0.0835,1,100.00,17
8274,9.5400,0.0835,1,43.48,46
8275,9.7100,0.0835,1,72.41,29
8276,9.9800,0.0835,1,100.00,2
8277,9.9700,0.0834,1,100.00,3
8278,9.6500,0.0834,1,40.00,35
8279,9.7300,0.0834,1,48.15,27
8280,9.9300,0.0834,1,100.00,7
8281,9.9600,0.0833,1,100.00,4
8282,9.9200,0.0833,1,100.00,8
8283,9.8800,0.0833,1,83.33,12
8284,9.8000,0.0833,1,90.00,20
8285,9.7700,0.0832,1,91.30,23
8286,9.7400,0.0832,1,76.92,26
8287,9.9500,0.0832,1,100.00,5
8288,9.8000,0.0832,1,100.00,20
8289,9.8900,0.0831,1,81.82,11
8290,9.7900,0.0831,1,90.48,21
8291,9.9900,0.0831,1,100.00,1
8292,9.3000,0.0831,1,70.00,20
8293,9.9600,0.0830,1,100.00,4
8294,9.7600,0.0830,1,91.67,24
8295,9.7700,0.0830,1,82.61,23
8296,9.9400,0.0830,1,100.00,6
8297,9.9000,0.0829,1,100.00,10
8298,9.7300,0.0829,1,70.37,27
8299,9.8800,0.0829,1,83.33,12
8300,9.9200,0.0829,1,100.00,8
8301,9.8800,0.0828,1,83.33,12
8302,9.8300,0.0828,1,88.24,17
8303,9.8700,0.0828,1,23.08,13
8304,9.9500,0.0828,1,100.00,5
8305,9.7700,0.0827,1,91.30,23
8306,9.9000,0.0827,1,100.00,10
8307,9.9500,0.0827,1,100.00,5
8308,9.9100,0.0827,1,100.00,9
8309,9.8000,0.0826,1,70.00,20
8310,9.9600,0.0826,1,50.00,4
8311,7.0500,0.0826,1,44.44,45
8312,9.9000,0.0826,1,100.00,10
8313,9.7800,0.0825,1,90.91,22
8314,9.8100,0.0825,1,78.95,19
8315,9.8100,0.0825,1,78.95,19
8316,9.7900,0.0825,1,71.43,21
8317,9.9200,0.0824,1,100.00,8
8318,9.8100,0.0824,1,94.74,19
8319,9.7900,0.0824,1,80.95,21
8320,9.8600,0.0824,1,100.00,14
8321,9.9700,0.0823,1,100.00,3
8322,8.9500,0.0823,1,23.64,55
8323,9.7300,0.0823,1,70.37,27
8324,9.3000,0.0823,1,30.00,70
8325,9.7000,0.0822,1,73.33,30
8326,9.7900,0.0822,1,80.95,21
8327,9.7600,0.0822,1,66.67,24
8328,9.2600,0.0822,1,87.50,24
8329,9.9200,0.0821,1,100.00,8
8330,9.8100,0.0821,1,89.47,19
8331,9.8900,0.0821,1,81.82,11
8332,9.9100,0.0821,1,100.00,9
8333,9.8200,0.0820,1,100.00,18
8334,9.9300,0.0820,1,100.00,7
8335,9.7800,0.0820,1,90.91,22
8336,9.7800,0.0820,1,63.64,22
8337,9.8700,0.0819,1,100.00,13
8338,9.8800,0.0819,1,83.33,12
8339,9.9400,0.0819,1,100.00,6
8340,9.9700,0.0819,1,100.00,3
8341,9.9100,0.0818,1,100.00,9
8342,9.8900,0.0818,1,100.00,11
8343,9.2500,0.0818,1,80.00,25
8344,9.9500,0.0818,1,100.00,5
8345,9.9500,0.0817,1,20.00,5
8346,9.8900,0.0817,1,100.00,11
8347,9.7600,0.0817,1,66.67,24
8348,9.9400,0.0817,1,100.00,6
8349,9.8800,0.0816,1,83.33,12
8350,9.3600,0.0816,1,64.29,14
8351,9.8700,0.0816,1,84.62,13
8352,9.7500,0.0816,1,68.00,25
8353,9.7700,0.0815,1,82.61,23
8354,9.6400,0.0815,1,55.56,36
8355,9.8000,0.0815,1,90.00,20
8356,9.8300,0.0815,1,64.71,17
8357,9.8200,0.0814,1,77.78,18
8358,9.8400,0.0814,1,87.50,16
8359,9.8700,0.0814,1,100.00,13
8360,9.8300,0.0814,1,100.00,17
8361,9.8400,0.0814,1,87.50,16
8362,9.9400,0.0813,1,100.00,6
8363,9.8100,0.0813,1,89.47,19
8364,9.8200,0.0813,1,77.78,18
8365,9.6600,0.0813,1,70.59,34
8366,9.8800,0.0812,1,83.33,12
8367,9.9700,0.0812,1,100.00,3
8368,9.7900,0.0812,1,80.95,21
8369,9.9900,0.0812,1,100.00,1
8370,9.8100,0.0811,1,100.00,19
8371,9.9000,0.0811,1,100.00,10
8372,9.6400,0.0811,1,72.22,36
8373,9.7100,0.0811,1,72.41,29
8374,9.9300,0.0810,1,100.00,7
8375,9.9900,0.0810,1,100.00,1
8376,9.8500,0.0810,1,60.00,15
8377,9.8100,0.0810,1,89.47,19
8378,9.8800,0.0809,1,83.33,12
8379,9.8400,0.0809,1,100.00,16
8380,9.8300,0.0809,1,100.00,17
8381,9.8800,0.0809,1,100.00,12
8382,9.1500,0.0808,1,54.29,35
8383,9.7600,0.0808,1,100.00,24
8384,6.8900,0.0808,1,45.45,11
8385,9.9600,0.0808,1,100.00,4
8386,9.2500,0.0807,1,80.00,25
8387,9.2100,0.0807,1,68.97,29
8388,9.7900,0.0807,1,80.95,21
8389,9.7400,0.0807,1,92.31,26
8390,9.7500,0.0806,1,96.00,25
8391,9.7800,0.0806,1,100.00,22
8392,9.8500,0.0806,1,86.67,15
8393,9.7900,0.0806,1,80.95,21
8394,9.5100,0.0805,1,40.82,49
8395,9.8100,0.0805,1,100.00,19
8396,9.3800,0.0805,1,58.33,12
8397,9.9000,0.0805,1,100.00,10
8398,9.7200,0.0805,1,71.43,28
8399,9.8800,0.0804,1,100.00,12
8400,9.8900,0.0804,1,100.00,11
8401,9.8300,0.0804,1,64.71,17
8402,9.2800,0.0804,1,77.27,22
8403,9.8600,0.0803,1,85.71,14
8404,9.2600,0.0803,1,79.17,24
8405,9.9700,0.0803,1,100.00,3
8406,9.9100,0.0803,1,100.00,9
8407,9.9100,0.0802,1,100.00,9
8408,9.9500,0.0802,1,100.00,5
8409,9.8200,0.0802,1,100.00,18
8410,9.5100,0.0802,1,44.90,49
8411,9.8300,0.0801,1,88.24,17
8412,9.7900,0.0801,1,100.00,21
8413,9.8700,0.0801,1,38.46,13
8414,9.9700,0.0801,1,100.00,3
8415,9.9500,0.0800,1,100.00,5
8416,9.9200,0.0800,1,100.00,8
8417,9.4000,0.0800,1,35.00,60
8418,9.9100,0.0800,1,100.00,9
8419,9.6500,0.0799,1,65.71,35
8420,9.7500,0.0799,1,72.00,25
8421,9.9000,0.0799,1,100.00,10
8422,9.7700,0.0799,1,91.30,23
8423,9.6600,0.0799,1,58.82,34
8424,9.8800,0.0798,1,91.67,12
8425,9.1000,0.0798,1,50.00,40
8426,9.7600,0.0798,1,75.00,24
8427,9.2300,0.0798,1,88.89,27
8428,9.7200,0.0797,1,92.86,28
8429,9.9400,0.0797,1,100.00,6
8430,9.2700,0.0797,1,69.57,23
8431,9.9300,0.0797,1,100.00,7
8432,9.8300,0.0796,1,88.24,17
8433,9.5400,0.0796,1,43.48,46
8434,9.7700,0.0796,1,91.30,23
8435,9.9900,0.0796,1,100.00,1
8436,9.7800,0.0795,1,90.91,22
8437,9.7200,0.0795,1,64.29,28
8438,9.7400,0.0795,1,100.00,26
8439,9.8500,0.0795,1,100.00,15
8440,9.7900,0.0794,1,80.95,21
8441,9.8600,0.0794,1,85.71,14
8442,9.8900,0.0794,1,63.64,11
8443,9.3400,0.0794,1,30.30,66
8444,9.6800,0.0794,1,59.38,32
8445,9.8900,0.0793,1,100.00,11
8446,9.8200,0.0793,1,55.56,18
8447,9.8700,0.0793,1,100.00,13
8448,9.9000,0.0793,1,100.00,10
8449,9.9300,0.0792,1,100.00,7
8450,9.9700,0.0792,1,100.00,3
8451,9.8400,0.0792,1,87.50,16
8452,9.9300,0.0792,1,100.00,7
8453,9.9600,0.0791,1,100.00,4
8454,3.6800,0.0791,1,56.25,32
8455,9.9400,0.0791,1,66.67,6
8456,9.8900,0.0791,1,81.82,11
8457,9.8800,0.0790,1,83.33,12
8458,9.2000,0.0790,1,63.33,30
8459,9.4100,0.0790,1,88.89,9
8460,9.9200,0.0790,1,75.00,8
8461,9.9800,0.0789,1,100.00,2
8462,9.8200,0.0789,1,88.89,18
8463,9.7700,0.0789,1,73.91,23
8464,9.8000,0.0789,1,90.00,20
8465,9.9900,0.0789,1,100.00,1
8466,9.7900,0.0788,1,90.48,21
8467,9.8400,0.0788,1,100.00,16
8468,9.7600,0.0788,1,45.83,24
8469,9.0700,0.0788,1,26.88,93
8470,9.3600,0.0787,1,78.57,14
8471,9.8400,0.0787,1,87.50,16
8472,9.9600,0.0787,1,100.00,4
8473,9.7900,0.0787,1,85.71,21
8474,9.8900,0.0786,1,100.00,11
8475,9.9000,0.0786,1,100.00,10
8476,-11.6600,0.0786,1,30.30,66
8477,9.8200,0.0786,1,88.89,18
8478,9.8000,0.0785,1,90.00,20
8479,9.8300,0.0785,1,100.00,17
8480,9.8200,0.0785,1,77.78,18
8481,9.8700,0.0785,1,84.62,13
8482,9.9700,0.0785,1,100.00,3
8483,9.9900,0.0784,1,100.00,1
8484,9.8200,0.0784,1,88.89,18
8485,9.9000,0.0784,1,100.00,10
8486,9.8000,0.0784,1,100.00,20
8487,9.8500,0.0783,1,86.67,15
8488,9.9500,0.0783,1,100.00,5
8489,9.7800,0.0783,1,100.00,22
8490,9.7500,0.0783,1,76.00,25
8491,9.2700,0.0782,1,86.96,23
8492,9.7600,0.0782,1,91.67,24
8493,9.9100,0.0782,1,100.00,9
8494,9.8800,0.0782,1,83.33,12
8495,9.9300,0.0781,1,71.43,7
8496,9.7200,0.0781,1,57.14,28
8497,9.9600,0.0781,1,100.00,4
8498,9.9600,0.0781,1,50.00,4
8499,9.9600,0.0781,1,100.00,4
8500,9.7000,0.0780,1,60.00,30
8501,9.9200,0.0780,1,75.00,8
8502,9.7500,0.0780,1,76.00,25
8503,9.8100,0.0780,1,57.89,19
8504,9.7900,0.0779,1,90.48,21
8505,9.9700,0.0779,1,100.00,3
8506,9.9200,0.0779,1,100.00,8
8507,9.9500,0.0779,1,100.00,5
8508,9.8400,0.0778,1,87.50,16
8509,9.9200,0.0778,1,100.00,8
8510,9.7100,0.0778,1,79.31,29
8511,9.8300,0.0778,1,88.24,17
8512,9.7400,0.0777,1,100.00,26
8513,9.8500,0.0777,1,100.00,15
8514,9.7900,0.0777,1,80.95,21
8515,9.7700,0.0777,1,82.61,23
8516,9.7600,0.0777,1,75.00,24
8517,9.8000,0.0776,1,100.00,20
8518,9.9700,0.0776,1,100.00,3
8519,9.9500,0.0776,1,100.00,5
8520,9.7500,0.0776,1,84.00,25
8521,9.3200,0.0775,1,72.22,18
8522,9.9300,0.0775,1,100.00,7
8523,9.8600,0.0775,1,71.43,14
8524,9.8100,0.0775,1,68.42,19
8525,9.9000,0.0774,1,100.00,10
8526,9.7400,0.0774,1,80.77,26
8527,9.6600,0.0774,1,64.71,34
8528,9.7700,0.0774,1,82.61,23
8529,9.7900,0.0774,1,80.95,21
8530,9.7900,0.0773,1,71.43,21
8531,9.9900,0.0773,1,100.00,1
8532,9.6100,0.0773,1,35.90,39
8533,9.8300,0.0773,1,76.47,17
8534,9.7300,0.0772,1,77.78,27
8535,9.7900,0.0772,1,90.48,21
8536,9.8700,0.0772,1,100.00,13
8537,9.9600,0.0772,1,100.00,4
8538,9.9500,0.0771,1,100.00,5
8539,9.8200,0.0771,1,100.00,18
8540,9.9100,0.0771,1,100.00,9
8541,9.8900,0.0771,1,100.00,11
8542,9.9400,0.0771,1,100.00,6
8543,9.8000,0.0770,1,90.00,20
8544,9.8300,0.0770,1,88.24,17
8545,9.9300,0.0770,1,100.00,7
8546,9.9100,0.0770,1,100.00,9
8547,9.9200,0.0769,1,100.00,8
8548,9.8100,0.0769,1,78.95,19
8549,9.8000,0.0769,1,90.00,20
8550,9.2400,0.0769,1,73.08,26
8551,9.7200,0.0768,1,89.29,28
8552,9.6400,0.0768,1,61.11,36
8553,9.7700,0.0768,1,73.91,23
8554,8.8100,0.0768,1,78.95,19
8555,9.8900,0.0768,1,100.00,11
8556,1.0900,0.0767,1,39.02,41
8557,9.9000,0.0767,1,80.00,10
8558,9.8600,0.0767,1,85.71,14
8559,9.4600,0.0767,1,38.89,54
8560,9.6400,0.0766,1,47.22,36
8561,9.9100,0.0766,1,100.00,9
8562,9.9800,0.0766,1,100.00,2
8563,9.9300,0.0766,1,71.43,7
8564,9.9000,0.0765,1,60.00,10
8565,9.8600,0.0765,1,85.71,14
8566,9.8400,0.0765,1,100.00,16
8567,9.9400,0.0765,1,100.00,6
8568,9.7600,0.0765,1,66.67,24
8569,9.8800,0.0764,1,83.33,12
8570,9.9000,0.0764,1,80.00,10
8571,9.8400,0.0764,1,75.00,16
8572,9.8300,0.0764,1,100.00,17
8573,9.9600,0.0763,1,100.00,4
8574,9.9300,0.0763,1,100.00,7
8575,9.9500,0.0763,1,100.00,5
8576,9.8400,0.0763,1,87.50,16
8577,9.8400,0.0762,1,100.00,16
8578,9.9000,0.0762,1,80.00,10
8579,9.8600,0.0762,1,42.86,14
8580,9.8100,0.0762,1,89.47,19
8581,9.5900,0.0762,1,46.34,41
8582,9.9400,0.0761,1,100.00,6
8583,9.8600,0.0761,1,100.00,14
8584,9.1000,0.0761,1,55.00,40
8585,9.8400,0.0761,1,87.50,16
8586,9.9800,0.0760,1,100.00,2
8587,9.9600,0.0760,1,100.00,4
8588,9.9800,0.0760,1,100.00,2
8589,9.8600,0.0760,1,100.00,14
8590,9.7800,0.0759,1,90.91,22
8591,9.9400,0.0759,1,100.00,6
8592,9.7600,0.0759,1,50.00,24
8593,9.3400,0.0759,1,93.75,16
8594,9.9600,0.0759,1,100.00,4
8595,9.9500,0.0758,1,100.00,5
8596,9.9700,0.0758,1,100.00,3
8597,9.9700,0.0758,1,100.00,3
8598,9.8200,0.0758,1,100.00,18
8599,9.7400,0.0757,1,76.92,26
8600,9.9500,0.0757,1,100.00,5
8601,9.4900,0.0757,1,37.25,51
8602,9.7600,0.0757,1,91.67,24
8603,9.7900,0.0757,1,80.95,21
8604,9.7800,0.0756,1,100.00,22
8605,9.7400,0.0756,1,69.23,26
8606,9.8500,0.0756,1,86.67,15
8607,9.8300,0.0756,1,88.24,17
8608,9.9100,0.0755,1,100.00,9
8609,9.8600,0.0755,1,42.86,14
8610,9.8700,0.0755,1,69.23,13
8611,9.7800,0.0755,1,72.73,22
8612,9.6800,0.0754,1,75.00,32
8613,9.8700,0.0754,1,100.00,13
8614,9.8300,0.0754,1,76.47,17
8615,9.8500,0.0754,1,86.67,15
8616,8.7700,0.0754,1,35.62,73
8617,9.8000,0.0753,1,60.00,20
8618,9.8600,0.0753,1,85.71,14
8619,9.9100,0.0753,1,100.00,9
8620,9.8100,0.0753,1,89.47,19
8621,9.8400,0.0752,1,87.50,16
8622,9.8700,0.0752,1,69.23,13
8623,9.8800,0.0752,1,66.67,12
8624,9.7300,0.0752,1,70.37,27
8625,9.7100,0.0752,1,72.41,29
8626,9.2100,0.0751,1,75.86,29
8627,9.7700,0.0751,1,86.96,23
8628,9.8900,0.0751,1,81.82,11
8629,9.8400,0.0751,1,93.75,16
8630,8.9500,0.0750,1,43.64,55
8631,9.8300,0.0750,1,88.24,17
8632,9.9000,0.0750,1,100.00,10
8633,9.9500,0.0750,1,100.00,5
8634,7.6800,0.0750,1,75.00,32
8635,9.6100,0.0749,1,12.82,39
8636,9.9200,0.0749,1,100.00,8
8637,9.2500,0.0749,1,72.00,25
8638,9.7700,0.0749,1,39.13,23
8639,9.6000,0.0748,1,40.00,40
8640,9.8800,0.0748,1,83.33,12
8641,9.9800,0.0748,1,100.00,2
8642,9.9800,0.0748,1,100.00,2
8643,9.9700,0.0748,1,100.00,3
8644,8.9600,0.0747,1,20.19,104
8645,9.9300,0.0747,1,100.00,7
8646,9.5800,0.0747,1,30.95,42
8647,9.7800,0.0747,1,100.00,22
8648,9.9200,0.0746,1,100.00,8
8649,9.9700,0.0746,1,100.00,3
8650,9.9700,0.0746,1,100.00,3
8651,9.8700,0.0746,1,100.00,13
8652,9.7900,0.0745,1,80.95,21
8653,9.8500,0.0745,1,100.00,15
8654,9.9400,0.0745,1,100.00,6
8655,9.7200,0.0745,1,46.43,28
8656,9.7400,0.0745,1,84.62,26
8657,9.1500,0.0744,1,57.14,35
8658,9.9200,0.0744,1,100.00,8
8659,9.8100,0.0744,1,100.00,19
8660,9.9700,0.0744,1,100.00,3
8661,9.7800,0.0743,1,81.82,22
8662,9.8500,0.0743,1,86.67,15
8663,9.7500,0.0743,1,84.00,25
8664,9.6800,0.0743,1,50.00,32
8665,9.9600,0.0743,1,100.00,4
8666,9.7900,0.0742,1,100.00,21
8667,9.8100,0.0742,1,100.00,19
8668,9.4400,0.0742,1,83.33,6
8669,9.7300,0.0742,1,62.96,27
8670,9.7300,0.0741,1,92.59,27
8671,9.8100,0.0741,1,78.95,19
8672,9.9100,0.0741,1,100.00,9
8673,9.9800,0.0741,1,100.00,2
8674,9.9700,0.0741,1,100.00,3
8675,9.8200,0.0740,1,88.89,18
8676,9.3100,0.0740,1,94.74,19
8677,9.8000,0.0740,1,80.00,20
8678,9.8900,0.0740,1,100.00,11
8679,9.7900,0.0739,1,80.95,21
8680,9.9300,0.0739,1,100.00,7
8681,9.8200,0.0739,1,72.22,18
8682,9.8600,0.0739,1,85.71,14
8683,9.7000,0.0739,1,66.67,30
8684,9.8300,0.0738,1,76.47,17
8685,9.9200,0.0738,1,75.00,8
8686,9.8800,0.0738,1,100.00,12
8687,9.9800,0.0738,1,100.00,2
8688,9.9000,0.0737,1,100.00,10
8689,9.6700,0.0737,1,48.48,33
8690,9.9500,0.0737,1,100.00,5
8691,9.9400,0.0737,1,100.00,6
8692,9.4600,0.0737,1,48.15,54
8693,9.9000,0.0736,1,100.00,10
8694,9.9500,0.0736,1,100.00,5
8695,9.7400,0.0736,1,84.62,26
8696,9.7600,0.0736,1,100.00,24
8697,9.7700,0.0735,1,100.00,23
8698,9.9100,0.0735,1,77.78,9
8699,9.9400,0.0735,1,100.00,6
8700,9.8500,0.0735,1,86.67,15
8701,9.7600,0.0735,1,100.00,24
8702,9.6700,0.0734,1,66.67,33
8703,9.8900,0.0734,1,100.00,11
8704,9.9700,0.0734,1,100.00,3
8705,9.9500,0.0734,1,100.00,5
8706,9.7600,0.0734,1,66.67,24
8707,9.8300,0.0733,1,100.00,17
8708,9.3600,0.0733,1,92.86,14
8709,9.9000,0.0733,1,100.00,10
8710,9.7700,0.0733,1,91.30,23
8711,9.9800,0.0732,1,100.00,2
8712,9.7600,0.0732,1,91.67,24
8713,9.7900,0.0732,1,80.95,21
8714,9.8900,0.0732,1,100.00,11
8715,9.9000,0.0732,1,100.00,10
8716,9.9900,0.0731,1,100.00,1
8717,9.9300,0.0731,1,100.00,7
8718,8.8300,0.0731,1,64.71,17
8719,9.4000,0.0731,1,38.33,60
8720,9.7800,0.0730,1,90.91,22
8721,9.2300,0.0730,1,81.48,27
8722,9.7600,0.0730,1,75.00,24
8723,9.8100,0.0730,1,78.95,19
8724,9.8500,0.0730,1,86.67,15
8725,9.8200,0.0729,1,77.78,18
8726,-6.4900,0.0729,1,22.45,49
8727,9.7500,0.0729,1,100.00,25
8728,9.8800,0.0729,1,100.00,12
8729,9.9700,0.0728,1,100.00,3
8730,9.7800,0.0728,1,100.00,22
8731,9.8000,0.0728,1,80.00,20
8732,9.9200,0.0728,1,100.00,8
8733,9.7700,0.0728,1,82.61,23
8734,9.6600,0.0727,1,50.00,34
8735,9.7100,0.0727,1,58.62,29
8736,9.2600,0.0727,1,70.83,24
8737,9.9200,0.0727,1,75.00,8
8738,9.8400,0.0727,1,100.00,16
8739,9.8700,0.0726,1,84.62,13
8740,9.9200,0.0726,1,100.00,8
8741,9.8600,0.0726,1,100.00,14
8742,9.9200,0.0726,1,100.00,8
8743,9.7700,0.0725,1,65.22,23
8744,9.8200,0.0725,1,77.78,18
8745,9.8600,0.0725,1,71.43,14
8746,9.9800,0.0725,1,100.00,2
8747,9.8800,0.0725,1,83.33,12
8748,9.9000,0.0724,1,100.00,10
8749,9.9900,0.0724,1,100.00,1
8750,9.9400,0.0724,1,66.67,6
8751,9.7700,0.0724,1,82.61,23
8752,9.9000,0.0723,1,100.00,10
8753,9.9000,0.0723,1,100.00,10
8754,9.8700,0.0723,1,100.00,13
8755,9.8100,0.0723,1,100.00,19
8756,9.7800,0.0723,1,72.73,22
8757,9.9200,0.0722,1,100.00,8
8758,9.7500,0.0722,1,84.00,25
8759,9.8900,0.0722,1,100.00,11
8760,9.8300,0.0722,1,76.47,17
8761,9.1500,0.0722,1,68.57,35
8762,9.2400,0.0721,1,88.46,26
8763,9.9600,0.0721,1,100.00,4
8764,7.8800,0.0721,1,38.71,62
8765,9.8900,0.0721,1,100.00,11
8766,9.8200,0.0720,1,88.89,18
8767,9.9400,0.0720,1,100.00,6
8768,9.7700,0.0720,1,82.61,23
8769,9.2600,0.0720,1,79.17,24
8770,9.8800,0.0720,1,100.00,12
8771,9.9600,0.0719,1,100.00,4
8772,9.8300,0.0719,1,100.00,17
8773,9.9600,0.0719,1,100.00,4
8774,9.7600,0.0719,1,75.00,24
8775,9.8000,0.0718,1,70.00,20
8776,9.9200,0.0718,1,75.00,8
8777,9.7600,0.0718,1,75.00,24
8778,9.9000,0.0718,1,100.00,10
8779,9.9600,0.0718,1,100.00,4
8780,9.7700,0.0717,1,91.30,23
8781,9.7900,0.0717,1,90.48,21
8782,9.8100,0.0717,1,78.95,19
8783,9.7800,0.0717,1,90.91,22
8784,9.6500,0.0717,1,48.57,35
8785,9.7400,0.0716,1,84.62,26
8786,9.5000,0.0716,1,18.00,50
8787,9.7800,0.0716,1,100.00,22
8788,3.1200,0.0716,1,34.21,38
8789,9.7400,0.0715,1,92.31,26
8790,9.9200,0.0715,1,100.00,8
8791,9.7200,0.0715,1,85.71,28
8792,9.8300,0.0715,1,52.94,17
8793,9.2900,0.0715,1,85.71,21
8794,9.8300,0.0714,1,100.00,17
8795,9.7600,0.0714,1,91.67,24
8796,9.8000,0.0714,1,100.00,20
8797,9.8100,0.0714,1,89.47,19
8798,9.3700,0.0714,1,76.92,13
8799,9.8500,0.0713,1,73.33,15
8800,9.7200,0.0713,1,71.43,28
8801,9.9300,0.0713,1,100.00,7
8802,9.7500,0.0713,1,36.00,25
8803,9.1100,0.0712,1,48.72,39
8804,9.7600,0.0712,1,91.67,24
8805,9.8700,0.0712,1,100.00,13
8806,9.8100,0.0712,1,89.47,19
8807,9.9600,0.0712,1,100.00,4
8808,9.8800,0.0711,1,100.00,12
8809,9.8100,0.0711,1,89.47,19
8810,9.9500,0.0711,1,100.00,5
8811,9.9000,0.0711,1,100.00,10
8812,9.9600,0.0711,1,50.00,4
8813,9.9500,0.0710,1,100.00,5
8814,9.7100,0.0710,1,72.41,29
8815,9.8400,0.0710,1,100.00,16
8816,9.6600,0.0710,1,58.82,34
8817,9.0800,0.0709,1,54.76,42
8818,9.7600,0.0709,1,83.33,24
8819,9.8700,0.0709,1,84.62,13
8820,9.4400,0.0709,1,83.33,6
8821,9.8000,0.0709,1,80.00,20
8822,9.8800,0.0708,1,100.00,12
8823,9.9100,0.0708,1,100.00,9
8824,9.8900,0.0708,1,100.00,11
8825,9.9000,0.0708,1,80.00,10
8826,9.9200,0.0708,1,100.00,8
8827,9.8700,0.0707,1,100.00,13
8828,9.8100,0.0707,1,89.47,19
8829,9.8800,0.0707,1,100.00,12
8830,9.8700,0.0707,1,84.62,13
8831,9.8800,0.0707,1,100.00,12
8832,9.7900,0.0706,1,80.95,21
8833,9.9000,0.0706,1,100.00,10
8834,9.7500,0.0706,1,60.00,25
8835,9.9200,0.0706,1,100.00,8
8836,9.9300,0.0705,1,100.00,7
8837,9.9400,0.0705,1,100.00,6
8838,9.9000,0.0705,1,100.00,10
8839,9.3400,0.0705,1,93.75,16
8840,9.7300,0.0705,1,85.19,27
8841,9.9200,0.0704,1,100.00,8
8842,9.7600,0.0704,1,91.67,24
8843,9.8800,0.0704,1,83.33,12
8844,9.7400,0.0704,1,100.00,26
8845,9.6700,0.0704,1,75.76,33
8846,9.8000,0.0703,1,90.00,20
8847,9.2300,0.0703,1,74.07,27
8848,9.8500,0.0703,1,86.67,15
8849,9.9400,0.0703,1,100.00,6
8850,9.8000,0.0702,1,90.00,20
8851,9.7600,0.0702,1,75.00,24
8852,9.6000,0.0702,1,20.00,40
8853,9.8100,0.0702,1,89.47,19
8854,9.9000,0.0702,1,100.00,10
8855,9.8900,0.0701,1,81.82,11
8856,9.8500,0.0701,1,100.00,15
8857,9.8700,0.0701,1,38.46,13
8858,9.8600,0.0701,1,85.71,14
8859,9.8500,0.0701,1,100.00,15
8860,9.7600,0.0700,1,41.67,24
8861,9.8100,0.0700,1,100.00,19
8862,9.9000,0.0700,1,100.00,10
8863,9.8000,0.0700,1,90.00,20
8864,9.9100,0.0700,1,100.00,9
8865,9.9000,0.0699,1,100.00,10
8866,9.9400,0.0699,1,100.00,6
8867,9.7200,0.0699,1,92.86,28
8868,9.9600,0.0699,1,100.00,4
8869,9.9700,0.0699,1,100.00,3
8870,9.8000,0.0698,1,80.00,20
8871,9.9000,0.0698,1,80.00,10
8872,9.8000,0.0698,1,100.00,20
8873,9.7000,0.0698,1,73.33,30
8874,9.3200,0.0697,1,83.33,18
8875,9.8500,0.0697,1,100.00,15
8876,9.8500,0.0697,1,100.00,15
8877,9.9400,0.0697,1,66.67,6
8878,9.8000,0.0697,1,100.00,20
8879,9.7800,0.0696,1,72.73,22
8880,9.9000,0.0696,1,80.00,10
8881,9.7600,0.0696,1,91.67,24
8882,9.8700,0.0696,1,84.62,13
8883,9.5400,0.0696,1,45.65,46
8884,9.8200,0.0695,1,88.89,18
8885,9.8300,0.0695,1,76.47,17
8886,9.8300,0.0695,1,88.24,17
8887,9.9300,0.0695,1,100.00,7
8888,8.3800,0.0695,1,75.00,12
8889,9.7600,0.0694,1,75.00,24
8890,9.9900,0.0694,1,100.00,1
8891,9.7400,0.0694,1,92.31,26
8892,9.8700,0.0694,1,100.00,13
8893,9.8700,0.0693,1,100.00,13
8894,9.8800,0.0693,1,100.00,12
8895,9.9800,0.0693,1,100.00,2
8896,9.8800,0.0693,1,83.33,12
8897,9.7700,0.0693,1,82.61,23
8898,9.8300,0.0692,1,100.00,17
8899,6.8500,0.0692,1,60.00,15
8900,9.9200,0.0692,1,100.00,8
8901,9.6600,0.0692,1,61.76,34
8902,9.8300,0.0692,1,100.00,17
8903,9.8400,0.0691,1,100.00,16
8904,9.9300,0.0691,1,100.00,7
8905,9.1100,0.0691,1,56.41,39
8906,9.7800,0.0691,1,90.91,22
8907,9.7900,0.0691,1,90.48,21
8908,9.8200,0.0690,1,100.00,18
8909,9.8500,0.0690,1,100.00,15
8910,9.9100,0.0690,1,100.00,9
8911,9.7800,0.0690,1,81.82,22
8912,9.8500,0.0690,1,86.67,15
8913,9.9400,0.0689,1,100.00,6
8914,9.8500,0.0689,1,100.00,15
8915,9.8700,0.0689,1,84.62,13
8916,9.7600,0.0689,1,91.67,24
8917,9.3400,0.0689,1,93.75,16
8918,9.8600,0.0688,1,85.71,14
8919,9.8000,0.0688,1,80.00,20
8920,9.2600,0.0688,1,79.17,24
8921,9.8000,0.0688,1,70.00,20
8922,9.8100,0.0687,1,78.95,19
8923,9.8100,0.0687,1,89.47,19
8924,9.9700,0.0687,1,100.00,3
8925,9.9200,0.0687,1,100.00,8
8926,9.7700,0.0687,1,100.00,23
8927,9.7800,0.0686,1,81.82,22
8928,9.9000,0.0686,1,80.00,10
8929,9.9400,0.0686,1,100.00,6
8930,9.8900,0.0686,1,100.00,11
8931,9.7700,0.0686,1,82.61,23
8932,9.8800,0.0685,1,83.33,12
8933,9.5900,0.0685,1,46.34,41
8934,9.8600,0.0685,1,85.71,14
8935,9.8800,0.0685,1,100.00,12
8936,9.8300,0.0685,1,100.00,17
8937,9.9500,0.0684,1,60.00,5
8938,9.9600,0.0684,1,100.00,4
8939,9.7400,0.0684,1,92.31,26
8940,9.8400,0.0684,1,100.00,16
8941,9.2700,0.0684,1,86.96,23
8942,9.7900,0.0683,1,80.95,21
8943,9.8500,0.0683,1,100.00,15
8944,9.8900,0.0683,1,100.00,11
8945,9.8200,0.0683,1,88.89,18
8946,9.9300,0.0683,1,71.43,7
8947,9.7200,0.0682,1,85.71,28
8948,9.8400,0.0682,1,100.00,16
8949,9.1000,0.0682,1,52.50,40
8950,9.7400,0.0682,1,69.23,26
8951,9.7800,0.0682,1,81.82,22
8952,9.8600,0.0681,1,100.00,14
8953,9.7900,0.0681,1,100.00,21
8954,9.8300,0.0681,1,100.00,17
8955,9.9300,0.0681,1,71.43,7
8956,9.9400,0.0681,1,66.67,6
8957,9.9400,0.0680,1,100.00,6
8958,9.8100,0.0680,1,89.47,19
8959,9.8100,0.0680,1,89.47,19
8960,9.8200,0.0680,1,88.89,18
8961,8.8200,0.0679,1,77.78,18
8962,9.7900,0.0679,1,71.43,21
8963,9.8100,0.0679,1,78.95,19
8964,9.4400,0.0679,1,39.29,56
8965,9.9500,0.0679,1,100.00,5
8966,9.8400,0.0678,1,100.00,16
8967,9.7600,0.0678,1,91.67,24
8968,9.9200,0.0678,1,100.00,8
8969,9.7800,0.0678,1,90.91,22
8970,9.8200,0.0678,1,100.00,18
8971,9.8700,0.0677,1,100.00,13
8972,9.9000,0.0677,1,80.00,10
8973,9.9800,0.0677,1,100.00,2
8974,9.8000,0.0677,1,90.00,20
8975,9.7900,0.0677,1,80.95,21
8976,9.9100,0.0676,1,100.00,9
8977,9.9000,0.0676,1,100.00,10
8978,9.7600,0.0676,1,91.67,24
8979,9.8600,0.0676,1,100.00,14
8980,9.8600,0.0676,1,100.00,14
8981,9.6200,0.0675,1,57.89,38
8982,9.8900,0.0675,1,100.00,11
8983,9.9400,0.0675,1,100.00,6
8984,9.9800,0.0675,1,100.00,2
8985,9.8400,0.0675,1,87.50,16
8986,9.9300,0.0674,1,71.43,7
8987,9.9800,0.0674,1,100.00,2
8988,9.9000,0.0674,1,80.00,10
8989,9.2700,0.0674,1,78.26,23
8990,9.7800,0.0674,1,72.73,22
8991,9.9800,0.0673,1,100.00,2
8992,9.9600,0.0673,1,100.00,4
8993,9.9900,0.0673,1,100.00,1
8994,9.7800,0.0673,1,100.00,22
8995,9.9000,0.0673,1,80.00,10
8996,9.8600,0.0672,1,85.71,14
8997,9.9100,0.0672,1,100.00,9
8998,9.9100,0.0672,1,100.00,9
8999,9.8000,0.0672,1,70.00,20
9000,9.8500,0.0672,1,86.67,15
9001,9.2800,0.0671,1,86.36,22
9002,9.9200,0.0671,1,100.00,8
9003,9.8800,0.0671,1,83.33,12
9004,9.7600,0.0671,1,83.33,24
9005,9.8400,0.0671,1,87.50,16
9006,9.3900,0.0670,1,90.91,11
9007,9.7900,0.0670,1,80.95,21
9008,9.3100,0.0670,1,84.21,19
9009,9.7600,0.0670,1,100.00,24
9010,9.8700,0.0670,1,100.00,13
9011,9.8400,0.0669,1,87.50,16
9012,9.8500,0.0669,1,86.67,15
9013,9.8000,0.0669,1,90.00,20
9014,9.6400,0.0669,1,55.56,36
9015,9.9900,0.0669,1,100.00,1
9016,9.9800,0.0668,1,100.00,2
9017,9.8800,0.0668,1,100.00,12
9018,9.7200,0.0668,1,71.43,28
9019,9.9400,0.0668,1,100.00,6
9020,9.9400,0.0668,1,100.00,6
9021,9.9600,0.0667,1,100.00,4
9022,9.8700,0.0667,1,84.62,13
9023,9.7800,0.0667,1,100.00,22
9024,9.8700,0.0667,1,69.23,13
9025,9.2700,0.0667,1,86.96,23
9026,9.6900,0.0666,1,74.19,31
9027,9.7600,0.0666,1,100.00,24
9028,9.7700,0.0666,1,100.00,23
9029,9.8000,0.0666,1,90.00,20
9030,8.8400,0.0666,1,75.00,16
9031,9.9500,0.0665,1,100.00,5
9032,9.8200,0.0665,1,77.78,18
9033,9.9100,0.0665,1,77.78,9
9034,9.9100,0.0665,1,100.00,9
9035,9.7400,0.0665,1,76.92,26
9036,9.8500,0.0664,1,100.00,15
9037,9.9300,0.0664,1,100.00,7
9038,9.7900,0.0664,1,100.00,21
9039,9.7800,0.0664,1,72.73,22
9040,9.9000,0.0664,1,80.00,10
9041,9.9200,0.0663,1,100.00,8
9042,9.8600,0.0663,1,100.00,14
9043,9.9200,0.0663,1,100.00,8
9044,9.9100,0.0663,1,100.00,9
9045,9.8800,0.0663,1,100.00,12
9046,8.2800,0.0662,1,21.31,122
9047,9.8700,0.0662,1,100.00,13
9048,9.9100,0.0662,1,100.00,9
9049,9.9200,0.0662,1,100.00,8
9050,9.7300,0.0662,1,77.78,27
9051,9.8900,0.0661,1,100.00,11
9052,9.7700,0.0661,1,100.00,23
9053,6.1900,0.0661,1,58.06,31
9054,9.8600,0.0661,1,100.00,14
9055,9.9500,0.0661,1,100.00,5
9056,9.9700,0.0660,1,100.00,3
9057,9.9100,0.0660,1,100.00,9
9058,9.8100,0.0660,1,57.89,19
9059,9.8400,0.0660,1,100.00,16
9060,9.7300,0.0660,1,92.59,27
9061,9.7700,0.0659,1,91.30,23
9062,9.7300,0.0659,1,62.96,27
9063,9.9700,0.0659,1,100.00,3
9064,9.9000,0.0659,1,100.00,10
9065,9.8000,0.0659,1,100.00,20
9066,9.9400,0.0658,1,100.00,6
9067,9.8800,0.0658,1,100.00,12
9068,9.9900,0.0658,1,100.00,1
9069,9.9300,0.0658,1,71.43,7
9070,9.9600,0.0658,1,100.00,4
9071,9.7800,0.0657,1,81.82,22
9072,9.9000,0.0657,1,80.00,10
9073,9.8100,0.0657,1,89.47,19
9074,9.8600,0.0657,1,85.71,14
9075,9.2800,0.0657,1,59.09,22
9076,9.8400,0.0656,1,87.50,16
9077,9.6500,0.0656,1,74.29,35
9078,9.9100,0.0656,1,100.00,9
9079,9.6300,0.0656,1,62.16,37
9080,9.8300,0.0656,1,88.24,17
9081,9.5600,0.0655,1,45.45,44
9082,9.9500,0.0655,1,100.00,5
9083,9.7500,0.0655,1,92.00,25
9084,9.7800,0.0655,1,100.00,22
9085,9.6800,0.0655,1,62.50,32
9086,9.7800,0.0654,1,100.00,22
9087,9.9400,0.0654,1,100.00,6
9088,9.2600,0.0654,1,87.50,24
9089,9.8400,0.0654,1,100.00,16
9090,9.9000,0.0654,1,100.00,10
9091,9.9000,0.0653,1,100.00,10
9092,9.7800,0.0653,1,90.91,22
9093,9.8700,0.0653,1,84.62,13
9094,9.8800,0.0653,1,100.00,12
9095,9.9400,0.0653,1,100.00,6
9096,9.2700,0.0653,1,86.96,23
9097,9.9500,0.0652,1,100.00,5
9098,9.9700,0.0652,1,100.00,3
9099,9.7400,0.0652,1,76.92,26
9100,9.8500,0.0652,1,100.00,15
9101,9.8800,0.0652,1,83.33,12
9102,9.7200,0.0651,1,71.43,28
9103,9.7600,0.0651,1,91.67,24
9104,9.8200,0.0651,1,88.89,18
9105,9.7300,0.0651,1,77.78,27
9106,9.9300,0.0651,1,100.00,7
9107,9.8800,0.0650,1,100.00,12
9108,9.9100,0.0650,1,100.00,9
9109,9.8400,0.0650,1,87.50,16
9110,9.8100,0.0650,1,78.95,19
9111,9.9400,0.0650,1,100.00,6
9112,9.3700,0.0649,1,92.31,13
9113,9.9700,0.0649,1,100.00,3
9114,9.8100,0.0649,1,89.47,19
9115,9.9100,0.0649,1,55.56,9
9116,9.2900,0.0649,1,66.67,21
9117,9.9600,0.0648,1,100.00,4
9118,9.9500,0.0648,1,100.00,5
9119,9.9300,0.0648,1,100.00,7
9120,9.8200,0.0648,1,83.33,18
9121,9.8000,0.0648,1,80.00,20
9122,9.9300,0.0647,1,100.00,7
9123,9.8500,0.0647,1,86.67,15
9124,9.7800,0.0647,1,90.91,22
9125,9.9100,0.0647,1,100.00,9
9126,9.7800,0.0647,1,81.82,22
9127,9.8500,0.0646,1,86.67,15
9128,9.7700,0.0646,1,91.30,23
9129,9.9200,0.0646,1,100.00,8
9130,9.8500,0.0646,1,86.67,15
9131,9.7200,0.0646,1,78.57,28
9132,9.3800,0.0646,1,91.67,12
9133,9.9100,0.0645,1,77.78,9
9134,9.7100,0.0645,1,68.97,29
9135,9.8000,0.0645,1,100.00,20
9136,9.8400,0.0645,1,100.00,16
9137,9.7800,0.0645,1,90.91,22
9138,9.7300,0.0644,1,77.78,27
9139,9.8800,0.0644,1,100.00,12
9140,9.9300,0.0644,1,71.43,7
9141,9.8400,0.0644,1,62.50,16
9142,9.9000,0.0644,1,100.00,10
9143,9.7800,0.0643,1,90.91,22
9144,9.7400,0.0643,1,92.31,26
9145,9.7300,0.0643,1,92.59,27
9146,9.8500,0.0643,1,86.67,15
9147,9.7900,0.0643,1,90.48,21
9148,9.7800,0.0642,1,90.91,22
9149,9.7300,0.0642,1,85.19,27
9150,9.9400,0.0642,1,66.67,6
9151,9.9100,0.0642,1,100.00,9
9152,9.8300,0.0642,1,88.24,17
9153,9.7100,0.0641,1,86.21,29
9154,8.7100,0.0641,1,65.52,29
9155,9.8300,0.0641,1,76.47,17
9156,9.9200,0.0641,1,100.00,8
9157,9.9300,0.0641,1,100.00,7
9158,9.2900,0.0640,1,85.71,21
9159,9.8200,0.0640,1,100.00,18
9160,9.9700,0.0640,1,100.00,3
9161,9.9300,0.0640,1,100.00,7
9162,9.9500,0.0640,1,100.00,5
9163,9.2400,0.0640,1,88.46,26
9164,9.8800,0.0639,1,100.00,12
9165,9.7500,0.0639,1,92.00,25
9166,9.8300,0.0639,1,100.00,17
9167,9.7400,0.0639,1,92.31,26
9168,9.8100,0.0639,1,89.47,19
9169,9.7600,0.0638,1,75.00,24
9170,9.8300,0.0638,1,76.47,17
9171,9.8000,0.0638,1,100.00,20
9172,9.8800,0.0638,1,100.00,12
9173,9.9500,0.0638,1,100.00,5
9174,9.8600,0.0637,1,85.71,14
9175,9.9000,0.0637,1,100.00,10
9176,9.9200,0.0637,1,100.00,8
9177,9.7300,0.0637,1,77.78,27
9178,9.8100,0.0637,1,78.95,19
9179,9.9900,0.0636,1,100.00,1
9180,9.8800,0.0636,1,100.00,12
9181,9.2600,0.0636,1,95.83,24
9182,9.8600,0.0636,1,100.00,14
9183,9.7400,0.0636,1,76.92,26
9184,9.9200,0.0636,1,100.00,8
9185,9.9400,0.0635,1,66.67,6
9186,9.9900,0.0635,1,100.00,1
9187,9.7000,0.0635,1,66.67,30
9188,9.8300,0.0635,1,100.00,17
9189,9.9700,0.0635,1,100.00,3
9190,9.4100,0.0634,1,88.89,9
9191,9.9000,0.0634,1,100.00,10
9192,9.8600,0.0634,1,100.00,14
9193,9.9300,0.0634,1,100.00,7
9194,9.7800,0.0634,1,81.82,22
9195,9.9400,0.0633,1,100.00,6
9196,9.7700,0.0633,1,100.00,23
9197,9.9500,0.0633,1,100.00,5
9198,9.3200,0.0633,1,94.44,18
9199,9.8300,0.0633,1,100.00,17
9200,9.8500,0.0632,1,100.00,15
9201,9.8000,0.0632,1,100.00,20
9202,9.8200,0.0632,1,100.00,18
9203,9.8100,0.0632,1,89.47,19
9204,9.8400,0.0632,1,100.00,16
9205,9.8900,0.0632,1,100.00,11
9206,9.9500,0.0631,1,100.00,5
9207,9.9000,0.0631,1,100.00,10
9208,9.9100,0.0631,1,77.78,9
9209,9.7800,0.0631,1,100.00,22
9210,9.8700,0.0631,1,100.00,13
9211,9.6800,0.0630,1,75.00,32
9212,9.8800,0.0630,1,83.33,12
9213,9.8700,0.0630,1,84.62,13
9214,9.9100,0.0630,1,100.00,9
9215,9.6900,0.0630,1,74.19,31
9216,9.7700,0.0629,1,91.30,23
9217,9.7700,0.0629,1,82.61,23
9218,9.8600,0.0629,1,100.00,14
9219,9.8500,0.0629,1,100.00,15
9220,9.3300,0.0629,1,70.59,17
9221,9.9800,0.0628,1,100.00,2
9222,9.8500,0.0628,1,100.00,15
9223,9.8100,0.0628,1,89.47,19
9224,9.9800,0.0628,1,100.00,2
9225,9.9500,0.0628,1,100.00,5
9226,9.8000,0.0628,1,90.00,20
9227,9.8000,0.0627,1,100.00,20
9228,9.2800,0.0627,1,95.45,22
9229,9.8100,0.0627,1,100.00,19
9230,9.8700,0.0627,1,100.00,13
9231,9.7300,0.0627,1,70.37,27
9232,9.8400,0.0626,1,87.50,16
9233,9.7100,0.0626,1,65.52,29
9234,9.8900,0.0626,1,100.00,11
9235,9.9700,0.0626,1,100.00,3
9236,9.7900,0.0626,1,90.48,21
9237,9.8700,0.0625,1,69.23,13
9238,9.8100,0.0625,1,89.47,19
9239,9.9600,0.0625,1,50.00,4
9240,9.8200,0.0625,1,100.00,18
9241,9.8800,0.0625,1,100.00,12
9242,9.8000,0.0625,1,80.00,20
9243,9.7800,0.0624,1,90.91,22
9244,9.9300,0.0624,1,100.00,7
9245,9.8700,0.0624,1,100.00,13
9246,9.7400,0.0624,1,100.00,26
9247,9.8700,0.0624,1,100.00,13
9248,9.7600,0.0623,1,83.33,24
9249,9.7400,0.0623,1,84.62,26
9250,9.9200,0.0623,1,100.00,8
9251,9.7900,0.0623,1,100.00,21
9252,9.7200,0.0623,1,64.29,28
9253,9.7200,0.0622,1,71.43,28
9254,9.8700,0.0622,1,84.62,13
9255,9.9600,0.0622,1,100.00,4
9256,9.3000,0.0622,1,95.00,20
9257,9.7600,0.0622,1,83.33,24
9258,9.3000,0.0622,1,95.00,20
9259,9.8000,0.0621,1,90.00,20
9260,9.9000,0.0621,1,100.00,10
9261,9.7500,0.0621,1,68.00,25
9262,9.7800,0.0621,1,90.91,22
9263,9.8400,0.0621,1,75.00,16
9264,9.9800,0.0620,1,100.00,2
9265,9.9600,0.0620,1,100.00,4
9266,9.2200,0.0620,1,67.86,28
9267,9.8700,0.0620,1,100.00,13
9268,9.2400,0.0620,1,73.08,26
9269,8.8600,0.0620,1,71.43,14
9270,9.7900,0.0619,1,80.95,21
9271,9.9700,0.0619,1,100.00,3
9272,9.9000,0.0619,1,100.00,10
9273,9.5300,0.0619,1,27.66,47
9274,9.8600,0.0619,1,100.00,14
9275,9.8200,0.0618,1,100.00,18
9276,9.9000,0.0618,1,100.00,10
9277,9.9200,0.0618,1,100.00,8
9278,9.9200,0.0618,1,100.00,8
9279,9.8000,0.0618,1,100.00,20
9280,9.8000,0.0617,1,100.00,20
9281,9.9700,0.0617,1,100.00,3
9282,9.8200,0.0617,1,88.89,18
9283,9.7100,0.0617,1,72.41,29
9284,9.7300,0.0617,1,92.59,27
9285,9.9500,0.0617,1,100.00,5
9286,9.8200,0.0616,1,88.89,18
9287,9.9100,0.0616,1,100.00,9
9288,9.9300,0.0616,1,100.00,7
9289,9.9700,0.0616,1,100.00,3
9290,9.8200,0.0616,1,77.78,18
9291,9.8300,0.0615,1,88.24,17
9292,9.8300,0.0615,1,100.00,17
9293,9.9000,0.0615,1,100.00,10
9294,9.9200,0.0615,1,100.00,8
9295,9.7900,0.0615,1,80.95,21
9296,9.8200,0.0615,1,88.89,18
9297,9.9000,0.0614,1,80.00,10
9298,9.9300,0.0614,1,100.00,7
9299,9.9500,0.0614,1,100.00,5
9300,9.9800,0.0614,1,100.00,2
9301,9.8600,0.0614,1,85.71,14
9302,9.9700,0.0613,1,100.00,3
9303,9.6900,0.0613,1,64.52,31
9304,9.6800,0.0613,1,56.25,32
9305,9.7600,0.0613,1,91.67,24
9306,9.7800,0.0613,1,72.73,22
9307,9.9400,0.0612,1,100.00,6
9308,9.7700,0.0612,1,91.30,23
9309,9.8000,0.0612,1,80.00,20
9310,9.9400,0.0612,1,100.00,6
9311,9.4400,0.0612,1,83.33,6
9312,9.8800,0.0612,1,75.00,12
9313,9.9000,0.0611,1,80.00,10
9314,9.7900,0.0611,1,80.95,21
9315,9.8700,0.0611,1,100.00,13
9316,9.8000,0.0611,1,100.00,20
9317,9.9000,0.0611,1,100.00,10
9318,9.9300,0.0610,1,100.00,7
9319,9.7900,0.0610,1,80.95,21
9320,9.8700,0.0610,1,100.00,13
9321,9.8800,0.0610,1,83.33,12
9322,9.8300,0.0610,1,88.24,17
9323,9.8400,0.0610,1,100.00,16
9324,9.6800,0.0609,1,81.25,32
9325,9.8000,0.0609,1,100.00,20
9326,9.7600,0.0609,1,100.00,24
9327,9.8000,0.0609,1,100.00,20
9328,9.8400,0.0609,1,87.50,16
9329,9.9700,0.0608,1,100.00,3
9330,9.8500,0.0608,1,86.67,15
9331,9.9500,0.0608,1,100.00,5
9332,9.7900,0.0608,1,61.90,21
9333,9.8400,0.0608,1,100.00,16
9334,9.7400,0.0608,1,92.31,26
9335,9.9300,0.0607,1,71.43,7
9336,9.9100,0.0607,1,100.00,9
9337,9.8400,0.0607,1,100.00,16
9338,9.7500,0.0607,1,84.00,25
9339,9.9600,0.0607,1,100.00,4
9340,9.9600,0.0606,1,100.00,4
9341,9.9000,0.0606,1,100.00,10
9342,9.7500,0.0606,1,76.00,25
9343,9.8000,0.0606,1,90.00,20
9344,9.8000,0.0606,1,80.00,20
9345,9.8100,0.0606,1,78.95,19
9346,9.7500,0.0605,1,84.00,25
9347,9.9700,0.0605,1,100.00,3
9348,9.9700,0.0605,1,100.00,3
9349,9.9600,0.0605,1,100.00,4
9350,9.9400,0.0605,1,100.00,6
9351,9.9700,0.0604,1,100.00,3
9352,9.9200,0.0604,1,100.00,8
9353,9.7900,0.0604,1,80.95,21
9354,9.7900,0.0604,1,90.48,21
9355,9.7900,0.0604,1,80.95,21
9356,9.8500,0.0604,1,100.00,15
9357,9.9900,0.0603,1,100.00,1
9358,9.7800,0.0603,1,100.00,22
9359,9.9600,0.0603,1,100.00,4
9360,9.9100,0.0603,1,100.00,9
9361,9.8500,0.0603,1,100.00,15
9362,9.9000,0.0602,1,100.00,10
9363,9.8200,0.0602,1,100.00,18
9364,9.7600,0.0602,1,83.33,24
9365,9.7900,0.0602,1,100.00,21
9366,9.9200,0.0602,1,100.00,8
9367,9.9000,0.0602,1,100.00,10
9368,9.9500,0.0601,1,100.00,5
9369,9.8300,0.0601,1,100.00,17
9370,9.8100,0.0601,1,78.95,19
9371,9.7400,0.0601,1,76.92,26
9372,9.9800,0.0601,1,100.00,2
9373,9.7800,0.0600,1,90.91,22
9374,9.9200,0.0600,1,100.00,8
9375,9.7600,0.0600,1,75.00,24
9376,9.9100,0.0600,1,100.00,9
9377,9.8100,0.0600,1,89.47,19
9378,9.9100,0.0600,1,100.00,9
9379,9.8700,0.0599,1,100.00,13
9380,9.8800,0.0599,1,100.00,12
9381,9.7600,0.0599,1,100.00,24
9382,9.9100,0.0599,1,100.00,9
9383,9.1400,0.0599,1,58.33,36
9384,9.9100,0.0598,1,100.00,9
9385,9.7600,0.0598,1,91.67,24
9386,9.6900,0.0598,1,67.74,31
9387,9.7600,0.0598,1,91.67,24
9388,9.7200,0.0598,1,71.43,28
9389,9.7700,0.0598,1,73.91,23
9390,9.9600,0.0597,1,100.00,4
9391,9.6900,0.0597,1,80.65,31
9392,9.8600,0.0597,1,85.71,14
9393,9.7500,0.0597,1,92.00,25
9394,9.7800,0.0597,1,81.82,22
9395,9.8000,0.0597,1,90.00,20
9396,1.6300,0.0596,1,51.35,37
9397,9.8400,0.0596,1,100.00,16
9398,9.8700,0.0596,1,100.00,13
9399,9.3800,0.0596,1,75.00,12
9400,9.8800,0.0596,1,100.00,12
9401,9.7400,0.0595,1,84.62,26
9402,9.9300,0.0595,1,100.00,7
9403,9.9500,0.0595,1,100.00,5
9404,9.8900,0.0595,1,81.82,11
9405,9.8400,0.0595,1,87.50,16
9406,9.9900,0.0595,1,100.00,1
9407,9.7800,0.0594,1,90.91,22
9408,9.9000,0.0594,1,100.00,10
9409,9.9400,0.0594,1,100.00,6
9410,9.8000,0.0594,1,90.00,20
9411,9.9200,0.0594,1,100.00,8
9412,9.9700,0.0593,1,33.33,3
9413,9.4000,0.0593,1,90.00,10
9414,9.7600,0.0593,1,100.00,24
9415,9.8800,0.0593,1,100.00,12
9416,9.9300,0.0593,1,42.86,7
9417,9.9100,0.0593,1,100.00,9
9418,9.7700,0.0592,1,82.61,23
9419,9.8900,0.0592,1,100.00,11
9420,9.9300,0.0592,1,100.00,7
9421,9.8200,0.0592,1,77.78,18
9422,9.7800,0.0592,1,100.00,22
9423,9.8800,0.0592,1,100.00,12
9424,9.8900,0.0591,1,100.00,11
9425,9.9000,0.0591,1,100.00,10
9426,9.8200,0.0591,1,100.00,18
9427,9.7900,0.0591,1,90.48,21
9428,9.8000,0.0591,1,90.00,20
9429,9.9400,0.0590,1,100.00,6
9430,9.8900,0.0590,1,81.82,11
9431,9.8900,0.0590,1,81.82,11
9432,9.9500,0.0590,1,100.00,5
9433,9.7800,0.0590,1,90.91,22
9434,9.8100,0.0590,1,89.47,19
9435,9.8200,0.0589,1,88.89,18
9436,9.8500,0.0589,1,86.67,15
9437,9.9300,0.0589,1,71.43,7
9438,9.9300,0.0589,1,100.00,7
9439,9.9300,0.0589,1,100.00,7
9440,9.7900,0.0589,1,90.48,21
9441,9.9200,0.0588,1,100.00,8
9442,9.8800,0.0588,1,100.00,12
9443,9.9700,0.0588,1,100.00,3
9444,9.8900,0.0588,1,100.00,11
9445,9.9800,0.0588,1,100.00,2
9446,9.2700,0.0587,1,86.96,23
9447,9.7700,0.0587,1,82.61,23
9448,9.8100,0.0587,1,100.00,19
9449,9.8800,0.0587,1,100.00,12
9450,9.9200,0.0587,1,100.00,8
9451,9.9400,0.0587,1,100.00,6
9452,9.8200,0.0586,1,94.44,18
9453,9.7800,0.0586,1,90.91,22
9454,9.7400,0.0586,1,100.00,26
9455,9.7700,0.0586,1,73.91,23
9456,9.9100,0.0586,1,100.00,9
9457,9.9900,0.0586,1,100.00,1
9458,9.7900,0.0585,1,90.48,21
9459,9.8600,0.0585,1,85.71,14
9460,9.9800,0.0585,1,100.00,2
9461,9.9500,0.0585,1,100.00,5
9462,9.8600,0.0585,1,100.00,14
9463,9.9200,0.0584,1,100.00,8
9464,9.8800,0.0584,1,100.00,12
9465,9.7400,0.0584,1,92.31,26
9466,9.7600,0.0584,1,91.67,24
9467,9.7000,0.0584,1,80.00,30
9468,9.3000,0.0584,1,85.00,20
9469,9.9300,0.0583,1,100.00,7
9470,9.2500,0.0583,1,88.00,25
9471,9.8300,0.0583,1,100.00,17
9472,9.8700,0.0583,1,100.00,13
9473,-1.8800,0.0583,1,23.68,38
9474,9.8900,0.0583,1,100.00,11
9475,9.6600,0.0582,1,64.71,34
9476,9.7800,0.0582,1,81.82,22
9477,9.8600,0.0582,1,85.71,14
9478,9.8100,0.0582,1,100.00,19
9479,9.9000,0.0582,1,100.00,10
9480,9.9300,0.0582,1,100.00,7
9481,9.8500,0.0581,1,86.67,15
9482,9.8400,0.0581,1,87.50,16
9483,9.9300,0.0581,1,100.00,7
9484,9.8100,0.0581,1,100.00,19
9485,9.9800,0.0581,1,100.00,2
9486,7.2300,0.0580,1,51.85,27
9487,9.9000,0.0580,1,100.00,10
9488,9.8300,0.0580,1,88.24,17
9489,9.9400,0.0580,1,100.00,6
9490,9.7800,0.0580,1,63.64,22
9491,9.8500,0.0580,1,100.00,15
9492,9.8700,0.0579,1,100.00,13
9493,9.7600,0.0579,1,75.00,24
9494,9.8400,0.0579,1,87.50,16
9495,9.9400,0.0579,1,100.00,6
9496,9.8600,0.0579,1,78.57,14
9497,9.3600,0.0579,1,92.86,14
9498,9.9300,0.0578,1,100.00,7
9499,9.8300,0.0578,1,88.24,17
9500,9.9200,0.0578,1,100.00,8
9501,9.9600,0.0578,1,100.00,4
9502,9.8500,0.0578,1,73.33,15
9503,9.7900,0.0578,1,80.95,21
9504,9.9200,0.0577,1,100.00,8
9505,9.7700,0.0577,1,82.61,23
9506,9.8000,0.0577,1,100.00,20
9507,9.9500,0.0577,1,100.00,5
9508,9.8100,0.0577,1,68.42,19
9509,9.8300,0.0576,1,100.00,17
9510,9.8100,0.0576,1,100.00,19
9511,9.8000,0.0576,1,90.00,20
9512,9.9100,0.0576,1,100.00,9
9513,9.9400,0.0576,1,100.00,6
9514,9.2600,0.0576,1,87.50,24
9515,9.9000,0.0575,1,80.00,10
9516,9.7800,0.0575,1,100.00,22
9517,9.9700,0.0575,1,100.00,3
9518,9.7800,0.0575,1,90.91,22
9519,9.7600,0.0575,1,83.33,24
9520,9.8800,0.0575,1,83.33,12
9521,9.7200,0.0574,1,85.71,28
9522,9.9000,0.0574,1,100.00,10
9523,9.9700,0.0574,1,100.00,3
9524,9.9300,0.0574,1,100.00,7
9525,9.8000,0.0574,1,80.00,20
9526,9.9000,0.0574,1,100.00,10
9527,9.8000,0.0573,1,90.00,20
9528,9.8600,0.0573,1,85.71,14
9529,9.8000,0.0573,1,80.00,20
9530,9.8500,0.0573,1,73.33,15
9531,9.2600,0.0573,1,70.83,24
9532,9.7500,0.0572,1,84.00,25
9533,9.8500,0.0572,1,86.67,15
9534,9.9200,0.0572,1,100.00,8
9535,9.8700,0.0572,1,100.00,13
9536,9.8500,0.0572,1,86.67,15
9537,9.8400,0.0572,1,100.00,16
9538,9.9200,0.0571,1,100.00,8
9539,9.3600,0.0571,1,78.57,14
9540,9.7000,0.0571,1,80.00,30
9541,9.9100,0.0571,1,77.78,9
9542,9.8300,0.0571,1,100.00,17
9543,9.9500,0.0571,1,60.00,5
9544,9.8900,0.0570,1,100.00,11
9545,9.9100,0.0570,1,100.00,9
9546,9.8800,0.0570,1,100.00,12
9547,9.8900,0.0570,1,81.82,11
9548,9.9400,0.0570,1,100.00,6
9549,9.7600,0.0570,1,83.33,24
9550,9.8300,0.0569,1,100.00,17
9551,9.7700,0.0569,1,100.00,23
9552,9.8100,0.0569,1,89.47,19
9553,9.7400,0.0569,1,76.92,26
9554,9.9900,0.0569,1,100.00,1
9555,9.9800,0.0569,1,100.00,2
9556,9.8900,0.0568,1,100.00,11
9557,9.8300,0.0568,1,100.00,17
9558,9.7700,0.0568,1,82.61,23
9559,9.2500,0.0568,1,88.00,25
9560,9.7400,0.0568,1,84.62,26
9561,9.9500,0.0568,1,100.00,5
9562,9.8600,0.0567,1,100.00,14
9563,9.2400,0.0567,1,88.46,26
9564,9.9200,0.0567,1,100.00,8
9565,9.7800,0.0567,1,90.91,22
9566,9.7900,0.0567,1,80.95,21
9567,9.9300,0.0567,1,71.43,7
9568,9.8100,0.0566,1,100.00,19
9569,9.8600,0.0566,1,85.71,14
9570,9.9400,0.0566,1,100.00,6
9571,9.9300,0.0566,1,100.00,7
9572,9.9700,0.0566,1,100.00,3
9573,9.8100,0.0565,1,78.95,19
9574,9.9900,0.0565,1,100.00,1
9575,9.8500,0.0565,1,73.33,15
9576,9.2500,0.0565,1,88.00,25
9577,9.8200,0.0565,1,88.89,18
9578,9.9000,0.0565,1,100.00,10
9579,9.7200,0.0564,1,78.57,28
9580,9.9200,0.0564,1,100.00,8
9581,9.9300,0.0564,1,100.00,7
9582,9.8400,0.0564,1,87.50,16
9583,9.8400,0.0564,1,87.50,16
9584,9.8400,0.0564,1,100.00,16
9585,9.8300,0.0563,1,88.24,17
9586,9.9300,0.0563,1,100.00,7
9587,9.9700,0.0563,1,100.00,3
9588,9.9500,0.0563,1,100.00,5
9589,9.8400,0.0563,1,87.50,16
9590,9.8900,0.0563,1,81.82,11
9591,9.7300,0.0562,1,85.19,27
9592,9.9500,0.0562,1,100.00,5
9593,9.7900,0.0562,1,80.95,21
9594,9.8000,0.0562,1,90.00,20
9595,9.9600,0.0562,1,100.00,4
9596,9.8700,0.0562,1,100.00,13
9597,9.7300,0.0561,1,92.59,27
9598,9.9100,0.0561,1,100.00,9
9599,9.9500,0.0561,1,100.00,5
9600,9.9300,0.0561,1,71.43,7
9601,9.7900,0.0561,1,80.95,21
9602,9.8200,0.0561,1,77.78,18
9603,9.9700,0.0560,1,100.00,3
9604,9.7500,0.0560,1,76.00,25
9605,9.8400,0.0560,1,100.00,16
9606,9.8200,0.0560,1,88.89,18
9607,9.7800,0.0560,1,81.82,22
9608,9.8300,0.0560,1,76.47,17
9609,9.9200,0.0559,1,100.00,8
9610,5.7700,0.0559,1,47.83,23
9611,9.8000,0.0559,1,100.00,20
9612,9.8500,0.0559,1,100.00,15
9613,9.9500,0.0559,1,100.00,5
9614,9.8500,0.0559,1,100.00,15
9615,9.8500,0.0558,1,86.67,15
9616,9.9600,0.0558,1,100.00,4
9617,9.9300,0.0558,1,100.00,7
9618,9.7300,0.0558,1,70.37,27
9619,9.9200,0.0558,1,100.00,8
9620,9.7500,0.0558,1,84.00,25
9621,9.8200,0.0557,1,77.78,18
9622,9.8300,0.0557,1,100.00,17
9623,9.8000,0.0557,1,90.00,20
9624,9.9200,0.0557,1,100.00,8
9625,9.7700,0.0557,1,73.91,23
9626,9.8300,0.0557,1,88.24,17
9627,9.7800,0.0556,1,90.91,22
9628,9.9300,0.0556,1,71.43,7
9629,9.8100,0.0556,1,78.95,19
9630,9.7500,0.0556,1,84.00,25
9631,9.9400,0.0556,1,66.67,6
9632,9.8700,0.0556,1,100.00,13
9633,9.7600,0.0555,1,75.00,24
9634,9.8600,0.0555,1,100.00,14
9635,9.9700,0.0555,1,100.00,3
9636,9.9600,0.0555,1,100.00,4
9637,9.8000,0.0555,1,80.00,20
9638,9.8300,0.0555,1,100.00,17
9639,9.9000,0.0554,1,100.00,10
9640,9.7900,0.0554,1,80.95,21
9641,9.9200,0.0554,1,100.00,8
9642,9.7800,0.0554,1,90.91,22
9643,9.8700,0.0554,1,84.62,13
9644,9.9000,0.0554,1,100.00,10
9645,9.7700,0.0553,1,100.00,23
9646,9.7100,0.0553,1,86.21,29
9647,9.9300,0.0553,1,100.00,7
9648,9.9700,0.0553,1,100.00,3
9649,9.7600,0.0553,1,75.00,24
9650,9.7600,0.0553,1,100.00,24
9651,9.7900,0.0552,1,61.90,21
9652,9.9100,0.0552,1,100.00,9
9653,9.8300,0.0552,1,100.00,17
9654,9.8700,0.0552,1,100.00,13
9655,9.9600,0.0552,1,100.00,4
9656,9.9600,0.0552,1,100.00,4
9657,9.9000,0.0551,1,100.00,10
9658,9.9300,0.0551,1,100.00,7
9659,9.7800,0.0551,1,81.82,22
9660,9.7800,0.0551,1,90.91,22
9661,9.8800,0.0551,1,100.00,12
9662,9.7800,0.0551,1,100.00,22
9663,9.8500,0.0550,1,86.67,15
9664,9.9500,0.0550,1,100.00,5
9665,9.8000,0.0550,1,80.00,20
9666,9.7400,0.0550,1,76.92,26
9667,9.9800,0.0550,1,100.00,2
9668,9.8000,0.0550,1,90.00,20
9669,9.7900,0.0549,1,100.00,21
9670,9.3100,0.0549,1,84.21,19
9671,9.7600,0.0549,1,91.67,24
9672,9.9700,0.0549,1,100.00,3
9673,9.8500,0.0549,1,86.67,15
9674,9.8400,0.0549,1,87.50,16
9675,9.9700,0.0548,1,100.00,3
9676,9.9100,0.0548,1,100.00,9
9677,9.9100,0.0548,1,100.00,9
9678,9.8800,0.0548,1,100.00,12
9679,9.9400,0.0548,1,100.00,6
9680,9.9600,0.0548,1,100.00,4
9681,7.7800,0.0547,1,81.82,22
9682,9.8800,0.0547,1,100.00,12
9683,9.2100,0.0547,1,62.07,29
9684,9.9100,0.0547,1,100.00,9
9685,9.9800,0.0547,1,100.00,2
9686,9.8400,0.0547,1,100.00,16
9687,9.9000,0.0546,1,100.00,10
9688,9.3500,0.0546,1,93.33,15
9689,9.9600,0.0546,1,100.00,4
9690,9.7900,0.0546,1,100.00,21
9691,9.8200,0.0546,1,100.00,18
9692,9.8400,0.0546,1,100.00,16
9693,9.8500,0.0546,1,86.67,15
9694,9.9000,0.0545,1,100.00,10
9695,9.9700,0.0545,1,100.00,3
9696,9.3300,0.0545,1,82.35,17
9697,9.9200,0.0545,1,100.00,8
9698,9.8600,0.0545,1,71.43,14
9699,8.7800,0.0545,1,63.64,22
9700,9.7900,0.0544,1,100.00,21
9701,9.9000,0.0544,1,100.00,10
9702,9.8800,0.0544,1,100.00,12
9703,9.7500,0.0544,1,76.00,25
9704,9.8300,0.0544,1,88.24,17
9705,9.7900,0.0544,1,100.00,21
9706,9.7700,0.0543,1,91.30,23
9707,9.9800,0.0543,1,100.00,2
9708,9.8500,0.0543,1,100.00,15
9709,9.9600,0.0543,1,100.00,4
9710,9.7500,0.0543,1,84.00,25
9711,9.9500,0.0543,1,100.00,5
9712,9.7500,0.0542,1,100.00,25
9713,9.7600,0.0542,1,83.33,24
9714,9.9100,0.0542,1,77.78,9
9715,9.9100,0.0542,1,100.00,9
9716,9.8200,0.0542,1,88.89,18
9717,9.8200,0.0542,1,100.00,18
9718,9.9300,0.0541,1,71.43,7
9719,9.9800,0.0541,1,100.00,2
9720,9.8300,0.0541,1,88.24,17
9721,9.7700,0.0541,1,100.00,23
9722,9.7500,0.0541,1,100.00,25
9723,5.7200,0.0541,1,64.29,28
9724,9.9400,0.0540,1,66.67,6
9725,9.9100,0.0540,1,100.00,9
9726,9.8100,0.0540,1,100.00,19
9727,9.8300,0.0540,1,100.00,17
9728,9.8700,0.0540,1,100.00,13
9729,9.9000,0.0540,1,100.00,10
9730,9.9800,0.0539,1,100.00,2
9731,9.1900,0.0539,1,64.52,31
9732,9.8000,0.0539,1,100.00,20
9733,9.9100,0.0539,1,100.00,9
9734,9.7900,0.0539,1,80.95,21
9735,9.8100,0.0539,1,89.47,19
9736,9.7800,0.0539,1,100.00,22
9737,9.7900,0.0538,1,90.48,21
9738,9.9500,0.0538,1,100.00,5
9739,9.8000,0.0538,1,80.00,20
9740,9.9000,0.0538,1,100.00,10
9741,9.8000,0.0538,1,100.00,20
9742,9.9000,0.0538,1,80.00,10
9743,9.8000,0.0537,1,100.00,20
9744,9.9100,0.0537,1,100.00,9
9745,9.7600,0.0537,1,83.33,24
9746,9.9100,0.0537,1,100.00,9
9747,9.9200,0.0537,1,100.00,8
9748,9.7800,0.0537,1,72.73,22
9749,9.7700,0.0536,1,91.30,23
9750,9.8000,0.0536,1,70.00,20
9751,9.9200,0.0536,1,100.00,8
9752,9.9900,0.0536,1,100.00,1
9753,9.9000,0.0536,1,100.00,10
9754,9.9000,0.0536,1,100.00,10
9755,9.9600,0.0535,1,100.00,4
9756,9.8200,0.0535,1,88.89,18
9757,9.7700,0.0535,1,100.00,23
9758,9.7400,0.0535,1,100.00,26
9759,9.9000,0.0535,1,100.00,10
9760,9.8800,0.0535,1,100.00,12
9761,9.7800,0.0534,1,100.00,22
9762,9.7500,0.0534,1,92.00,25
9763,9.8200,0.0534,1,100.00,18
9764,9.9600,0.0534,1,100.00,4
9765,9.7400,0.0534,1,76.92,26
9766,9.9300,0.0534,1,100.00,7
9767,9.7900,0.0534,1,71.43,21
9768,9.9500,0.0533,1,100.00,5
9769,9.8200,0.0533,1,100.00,18
9770,9.9700,0.0533,1,100.00,3
9771,9.7600,0.0533,1,83.33,24
9772,9.8800,0.0533,1,100.00,12
9773,9.7600,0.0533,1,91.67,24
9774,9.8200,0.0532,1,77.78,18
9775,9.9600,0.0532,1,100.00,4
9776,9.8200,0.0532,1,88.89,18
9777,9.8600,0.0532,1,100.00,14
9778,9.7900,0.0532,1,80.95,21
9779,9.8500,0.0532,1,100.00,15
9780,9.9500,0.0531,1,100.00,5
9781,9.8800,0.0531,1,100.00,12
9782,9.9200,0.0531,1,100.00,8
9783,9.9400,0.0531,1,100.00,6
9784,9.7500,0.0531,1,76.00,25
9785,9.8700,0.0531,1,100.00,13
9786,9.8200,0.0530,1,100.00,18
9787,9.9800,0.0530,1,100.00,2
9788,9.5200,0.0530,1,43.75,48
9789,9.9500,0.0530,1,100.00,5
9790,9.8600,0.0530,1,100.00,14
9791,9.7800,0.0530,1,100.00,22
9792,9.7800,0.0530,1,72.73,22
9793,9.2600,0.0529,1,87.50,24
9794,9.7700,0.0529,1,73.91,23
9795,9.7500,0.0529,1,84.00,25
9796,9.7500,0.0529,1,84.00,25
9797,9.2900,0.0529,1,76.19,21
9798,9.8100,0.0529,1,89.47,19
9799,9.9500,0.0528,1,100.00,5
9800,9.7900,0.0528,1,90.48,21
9801,9.8400,0.0528,1,87.50,16
9802,9.9500,0.0528,1,100.00,5
9803,9.8300,0.0528,1,100.00,17
9804,9.8000,0.0528,1,70.00,20
9805,9.9200,0.0527,1,100.00,8
9806,9.8400,0.0527,1,100.00,16
9807,9.8300,0.0527,1,100.00,17
9808,9.9600,0.0527,1,100.00,4
9809,9.9000,0.0527,1,100.00,10
9810,9.8300,0.0527,1,100.00,17
9811,9.9800,0.0527,1,100.00,2
9812,9.7700,0.0526,1,91.30,23
9813,9.8200,0.0526,1,100.00,18
9814,9.7900,0.0526,1,90.48,21
9815,9.8100,0.0526,1,89.47,19
9816,9.8900,0.0526,1,81.82,11
9817,9.7600,0.0526,1,91.67,24
9818,9.8500,0.0525,1,86.67,15
9819,9.8300,0.0525,1,100.00,17
9820,9.7700,0.0525,1,91.30,23
9821,9.8800,0.0525,1,83.33,12
9822,9.7400,0.0525,1,92.31,26
9823,9.8500,0.0525,1,86.67,15
9824,9.3200,0.0524,1,83.33,18
9825,9.8300,0.0524,1,100.00,17
9826,9.9900,0.0524,1,100.00,1
9827,9.7800,0.0524,1,100.00,22
9828,9.8600,0.0524,1,92.86,14
9829,9.9100,0.0524,1,77.78,9
9830,9.2500,0.0524,1,88.00,25
9831,9.9500,0.0523,1,100.00,5
9832,9.9000,0.0523,1,100.00,10
9833,9.8800,0.0523,1,83.33,12
9834,9.9400,0.0523,1,100.00,6
9835,9.9100,0.0523,1,100.00,9
9836,9.3600,0.0523,1,92.86,14
9837,9.8700,0.0522,1,84.62,13
9838,9.7700,0.0522,1,100.00,23
9839,9.8300,0.0522,1,100.00,17
9840,9.8500,0.0522,1,86.67,15
9841,9.8700,0.0522,1,84.62,13
9842,9.9900,0.0522,1,100.00,1
9843,9.9400,0.0521,1,100.00,6
9844,9.7400,0.0521,1,76.92,26
9845,9.9400,0.0521,1,100.00,6
9846,9.7300,0.0521,1,85.19,27
9847,9.7800,0.0521,1,100.00,22
9848,9.8300,0.0521,1,100.00,17
9849,9.8500,0.0521,1,86.67,15
9850,9.7800,0.0520,1,90.91,22
9851,9.3800,0.0520,1,91.67,12
9852,9.4000,0.0520,1,90.00,10
9853,9.7800,0.0520,1,100.00,22
9854,9.8500,0.0520,1,86.67,15
9855,9.7800,0.0520,1,63.64,22
9856,9.8500,0.0519,1,100.00,15
9857,9.8000,0.0519,1,90.00,20
9858,9.8100,0.0519,1,94.74,19
9859,9.8900,0.0519,1,81.82,11
9860,9.8900,0.0519,1,100.00,11
9861,9.8600,0.0519,1,85.71,14
9862,9.8200,0.0519,1,77.78,18
9863,9.6800,0.0518,1,62.50,32
9864,9.9100,0.0518,1,100.00,9
9865,9.7600,0.0518,1,91.67,24
9866,9.8000,0.0518,1,90.00,20
9867,9.8400,0.0518,1,100.00,16
9868,9.8400,0.0518,1,100.00,16
9869,9.3100,0.0517,1,94.74,19
9870,9.2900,0.0517,1,76.19,21
9871,9.7800,0.0517,1,90.91,22
9872,9.8300,0.0517,1,88.24,17
9873,9.7800,0.0517,1,100.00,22
9874,9.8100,0.0517,1,78.95,19
9875,9.6000,0.0517,1,52.50,40
9876,9.9600,0.0516,1,100.00,4
9877,9.7800,0.0516,1,90.91,22
9878,9.8000,0.0516,1,80.00,20
9879,9.7600,0.0516,1,83.33,24
9880,9.8600,0.0516,1,85.71,14
9881,9.9000,0.0516,1,100.00,10
9882,9.9400,0.0515,1,100.00,6
9883,9.8800,0.0515,1,100.00,12
9884,9.7000,0.0515,1,80.00,30
9885,9.8300,0.0515,1,76.47,17
9886,9.7600,0.0515,1,75.00,24
9887,9.7400,0.0515,1,76.92,26
9888,9.9800,0.0514,1,100.00,2
9889,9.9600,0.0514,1,100.00,4
9890,9.9000,0.0514,1,100.00,10
9891,9.8600,0.0514,1,85.71,14
9892,9.7300,0.0514,1,92.59,27
9893,9.8100,0.0514,1,100.00,19
9894,9.7700,0.0514,1,100.00,23
9895,9.8500,0.0513,1,86.67,15
9896,9.9200,0.0513,1,100.00,8
9897,9.7200,0.0513,1,71.43,28
9898,9.9000,0.0513,1,60.00,10
9899,9.8900,0.0513,1,63.64,11
9900,9.8700,0.0513,1,84.62,13
9901,9.8300,0.0512,1,88.24,17
9902,9.8900,0.0512,1,100.00,11
9903,9.8400,0.0512,1,100.00,16
9904,9.8700,0.0512,1,100.00,13
9905,9.3200,0.0512,1,94.44,18
9906,9.7600,0.0512,1,83.33,24
9907,9.7900,0.0512,1,100.00,21
9908,9.8600,0.0511,1,100.00,14
9909,9.8900,0.0511,1,100.00,11
9910,9.8800,0.0511,1,83.33,12
9911,9.9400,0.0511,1,100.00,6
9912,9.9800,0.0511,1,100.00,2
9913,9.9400,0.0511,1,100.00,6
9914,9.8200,0.0511,1,100.00,18
9915,9.8400,0.0510,1,87.50,16
9916,9.9600,0.0510,1,100.00,4
9917,9.9600,0.0510,1,100.00,4
9918,9.8800,0.0510,1,100.00,12
9919,9.8500,0.0510,1,86.67,15
9920,9.8700,0.0510,1,84.62,13
9921,9.8000,0.0509,1,90.00,20
9922,9.9000,0.0509,1,100.00,10
9923,9.3000,0.0509,1,85.00,20
9924,9.8200,0.0509,1,77.78,18
9925,9.9300,0.0509,1,100.00,7
9926,9.9500,0.0509,1,100.00,5
9927,9.7900,0.0509,1,80.95,21
9928,9.7300,0.0508,1,77.78,27
9929,9.9200,0.0508,1,75.00,8
9930,8.7900,0.0508,1,80.95,21
9931,9.8100,0.0508,1,100.00,19
9932,9.9100,0.0508,1,100.00,9
9933,9.8900,0.0508,1,81.82,11
9934,9.7800,0.0507,1,100.00,22
9935,9.8300,0.0507,1,88.24,17
9936,9.7800,0.0507,1,100.00,22
9937,9.8700,0.0507,1,84.62,13
9938,9.7600,0.0507,1,91.67,24
9939,9.8400,0.0507,1,87.50,16
9940,9.8800,0.0507,1,100.00,12
9941,9.8300,0.0506,1,100.00,17
9942,9.9000,0.0506,1,100.00,10
9943,9.7900,0.0506,1,100.00,21
9944,9.8400,0.0506,1,87.50,16
9945,9.8900,0.0506,1,100.00,11
9946,9.9000,0.0506,1,100.00,10
9947,9.9500,0.0505,1,100.00,5
9948,9.9100,0.0505,1,100.00,9
9949,9.7400,0.0505,1,76.92,26
9950,9.9700,0.0505,1,100.00,3
9951,9.8300,0.0505,1,100.00,17
9952,9.9600,0.0505,1,100.00,4
9953,9.9700,0.0505,1,100.00,3
9954,9.7700,0.0504,1,100.00,23
9955,9.9700,0.0504,1,100.00,3
9956,9.9200,0.0504,1,100.00,8
9957,9.9300,0.0504,1,100.00,7
9958,9.9800,0.0504,1,100.00,2
9959,9.8800,0.0504,1,100.00,12
9960,9.8300,0.0504,1,100.00,17
9961,9.9300,0.0503,1,100.00,7
9962,9.8000,0.0503,1,90.00,20
9963,9.9700,0.0503,1,33.33,3
9964,9.7100,0.0503,1,79.31,29
9965,9.8300,0.0503,1,88.24,17
9966,9.8700,0.0503,1,84.62,13
9967,9.8000,0.0502,1,100.00,20
9968,9.7900,0.0502,1,90.48,21
9969,9.8200,0.0502,1,100.00,18
9970,9.9500,0.0502,1,100.00,5
9971,9.7700,0.0502,1,73.91,23
9972,9.8200,0.0502,1,77.78,18
9973,9.8800,0.0502,1,100.00,12
9974,9.8900,0.0501,1,81.82,11
9975,9.7500,0.0501,1,100.00,25
9976,9.8800,0.0501,1,83.33,12
9977,9.8700,0.0501,1,100.00,13
9978,9.8200,0.0501,1,88.89,18
9979,9.9000,0.0501,1,100.00,10
9980,9.8700,0.0500,1,92.31,13
9981,9.2700,0.0500,1,86.96,23
9982,9.8400,0.0500,1,100.00,16
9983,9.9400,0.0500,1,100.00,6
9984,9.8400,0.0500,1,100.00,16
9985,9.9800,0.0500,1,100.00,2
9986,9.7800,0.0500,1,81.82,22
9987,9.9900,0.0500,1,100.00,1
9988,9.9200,0.0500,1,75.00,8
9989,9.3600,0.0500,1,92.86,14
9990,9.9600,0.0500,1,100.00,4
9991,9.2800,0.0500,1,86.36,22
9992,9.9500,0.0500,1,100.00,5
9993,9.8200,0.0500,1,88.89,18
9994,9.8300,0.0500,1,88.24,17
9995,9.9200,0.0500,1,100.00,8
9996,9.9300,0.0500,1,100.00,7
9997,9.9200,0.0500,1,100.00,8
9998,9.9600,0.0500,1,100.00,4
9999,9.8500,0.0500,1,100.00,15
