episodio,recompensa_total,epsilon,chegou_ao_objetivo,eficiencia_episodio,passos_totais
0,-1.5000,0.9995,0,0.00,100
1,-15.0000,0.9990,0,0.00,100
2,-8.8500,0.9985,1,3.53,85
3,9.4300,0.9980,1,28.57,7
4,9.4100,0.9975,1,22.22,9
5,-6.0000,0.9970,0,0.00,100
6,-9.0000,0.9965,0,0.00,100
7,-16.5000,0.9960,0,0.00,100
8,-11.5000,0.9955,0,0.00,100
9,-7.5000,0.9950,0,0.00,100
10,-27.5000,0.9945,0,0.00,100
11,-9.5000,0.9940,0,0.00,100
12,-16.5000,0.9935,0,0.00,100
13,-11.5000,0.9930,0,0.00,100
14,-8.0000,0.9925,0,0.00,100
15,-10.0000,0.9920,0,0.00,100
16,-12.5000,0.9915,0,0.00,100
17,-6.0000,0.9910,0,0.00,100
18,-5.0000,0.9905,0,0.00,100
19,-8.5000,0.9900,0,0.00,100
20,6.9700,0.9896,1,18.87,53
21,-10.0000,0.9891,0,0.00,100
22,-29.0000,0.9886,0,0.00,100
23,-17.0000,0.9881,0,0.00,100
24,9.4400,0.9876,1,50.00,6
25,-24.5000,0.9871,0,0.00,100
26,-21.0000,0.9866,0,0.00,100
27,-15.0000,0.9861,0,0.00,100
28,6.1100,0.9856,1,10.26,39
29,-9.0000,0.9851,0,0.00,100
30,-6.0000,0.9846,0,0.00,100
31,8.6100,0.9841,1,7.69,39
32,-6.0000,0.9836,0,0.00,100
33,-6.0000,0.9831,0,0.00,100
34,-20.5000,0.9826,0,0.00,100
35,5.4600,0.9822,1,20.37,54
36,-12.5000,0.9817,0,0.00,100
37,9.9700,0.9812,1,33.33,3
38,7.8100,0.9807,1,5.26,19
39,5.3800,0.9802,1,16.13,62
40,-9.5000,0.9797,0,0.00,100
41,8.9100,0.9792,1,55.56,9
42,-12.5000,0.9787,0,0.00,100
43,8.7100,0.9782,1,37.93,29
44,-11.5000,0.9777,0,0.00,100
45,8.7800,0.9773,1,36.36,22
46,-7.5000,0.9768,0,0.00,100
47,6.4500,0.9763,1,14.55,55
48,-10.0000,0.9758,0,0.00,100
49,9.8600,0.9753,1,42.86,14
50,9.9800,0.9748,1,50.00,2
51,-1.5000,0.9743,1,4.00,100
52,-5.5000,0.9738,0,0.00,100
53,-12.5000,0.9734,0,0.00,100
54,9.9200,0.9729,1,50.00,8
55,-8.5000,0.9724,0,0.00,100
56,-6.0000,0.9719,0,0.00,100
57,-6.5000,0.9714,0,0.00,100
58,-6.0000,0.9709,0,0.00,100
59,-7.0000,0.9704,0,0.00,100
60,6.0500,0.9700,1,11.11,45
61,8.3200,0.9695,1,27.78,18
62,-9.5000,0.9690,0,0.00,100
63,5.6500,0.9685,1,5.71,35
64,-8.5000,0.9680,0,0.00,100
65,-7.5000,0.9675,0,0.00,100
66,5.7100,0.9670,1,6.33,79
67,-9.0000,0.9666,0,0.00,100
68,-11.0000,0.9661,0,0.00,100
69,9.9800,0.9656,1,100.00,2
70,-3.0000,0.9651,0,0.00,100
71,5.5400,0.9646,1,7.29,96
72,-17.5000,0.9641,0,0.00,100
73,-15.0000,0.9637,0,0.00,100
74,9.3800,0.9632,1,25.00,12
75,-4.0000,0.9627,0,0.00,100
76,9.9800,0.9622,1,50.00,2
77,-11.5000,0.9617,0,0.00,100
78,-8.5000,0.9613,0,0.00,100
79,-5.5000,0.9608,0,0.00,100
80,-3.5000,0.9603,0,0.00,100
81,8.7100,0.9598,1,27.59,29
82,0.5100,0.9593,1,5.05,99
83,-7.0000,0.9589,0,0.00,100
84,5.6600,0.9584,1,2.94,34
85,8.8200,0.9579,1,22.22,18
86,5.2000,0.9574,1,3.33,30
87,6.5300,0.9569,1,14.89,47
88,-11.5000,0.9565,0,0.00,100
89,-6.0000,0.9560,0,0.00,100
90,-5.0000,0.9555,0,0.00,100
91,-6.0000,0.9550,0,0.00,100
92,3.1000,0.9546,1,12.50,40
93,9.9300,0.9541,1,14.29,7
94,-8.5000,0.9536,0,0.00,100
95,-11.0000,0.9531,0,0.00,100
96,4.3500,0.9526,1,16.92,65
97,-15.0000,0.9522,0,0.00,100
98,-5.0000,0.9517,0,0.00,100
99,4.3000,0.9512,1,12.86,70
100,-18.5000,0.9507,0,0.00,100
101,-7.5000,0.9503,0,0.00,100
102,-8.0000,0.9498,0,0.00,100
103,-5.5000,0.9493,0,0.00,100
104,3.2800,0.9488,1,4.17,72
105,-7.0000,0.9484,0,0.00,100
106,-11.5000,0.9479,0,0.00,100
107,-5.5000,0.9474,0,0.00,100
108,-6.0000,0.9469,0,0.00,100
109,-1.0100,0.9465,1,11.76,51
110,4.4400,0.9460,1,16.07,56
111,-0.7900,0.9455,1,8.86,79
112,-5.5000,0.9451,0,0.00,100
113,-7.0000,0.9446,0,0.00,100
114,7.7100,0.9441,1,17.24,29
115,-3.0000,0.9436,0,0.00,100
116,-4.5000,0.9432,0,0.00,100
117,-12.5000,0.9427,0,0.00,100
118,-9.5000,0.9422,0,0.00,100
119,-7.0000,0.9418,0,0.00,100
120,-6.5000,0.9413,0,0.00,100
121,-11.0000,0.9408,0,0.00,100
122,-5.0000,0.9403,0,0.00,100
123,-6.5000,0.9399,0,0.00,100
124,7.3000,0.9394,1,14.29,70
125,-12.5000,0.9389,0,0.00,100
126,-12.0000,0.9385,0,0.00,100
127,5.0300,0.9380,1,5.15,97
128,-7.0000,0.9375,0,0.00,100
129,1.5700,0.9371,1,13.98,93
130,-10.5000,0.9366,0,0.00,100
131,-5.5000,0.9361,0,0.00,100
132,-5.0000,0.9356,0,0.00,100
133,-6.0000,0.9352,0,0.00,100
134,-6.5000,0.9347,0,0.00,100
135,-19.0000,0.9342,0,0.00,100
136,-5.0000,0.9338,0,0.00,100
137,9.9200,0.9333,1,50.00,8
138,-6.0000,0.9328,0,0.00,100
139,-5.5000,0.9324,0,0.00,100
140,-4.5000,0.9319,0,0.00,100
141,-8.5000,0.9314,0,0.00,100
142,-7.0000,0.9310,0,0.00,100
143,5.8500,0.9305,1,20.00,15
144,5.4800,0.9300,1,7.69,52
145,-18.0000,0.9296,0,0.00,100
146,-5.5000,0.9291,0,0.00,100
147,-12.5000,0.9287,0,0.00,100
148,-10.5000,0.9282,0,0.00,100
149,-5.0000,0.9277,0,0.00,100
150,-5.5000,0.9273,0,0.00,100
151,-18.0000,0.9268,0,0.00,100
152,-10.0000,0.9263,0,0.00,100
153,-5.5000,0.9259,0,0.00,100
154,-6.5000,0.9254,0,0.00,100
155,8.3800,0.9249,1,25.00,12
156,6.5900,0.9245,1,9.89,91
157,-10.0000,0.9240,0,0.00,100
158,6.5600,0.9236,1,8.51,94
159,-7.5000,0.9231,0,0.00,100
160,-6.0000,0.9226,0,0.00,100
161,2.2700,0.9222,1,10.96,73
162,-7.0000,0.9217,0,0.00,100
163,-12.5000,0.9213,0,0.00,100
164,-6.0000,0.9208,0,0.00,100
165,3.4000,0.9203,1,11.67,60
166,-6.5000,0.9199,0,0.00,100
167,-8.0000,0.9194,0,0.00,100
168,-4.5000,0.9190,0,0.00,100
169,-6.0000,0.9185,0,0.00,100
170,-10.0000,0.9180,0,0.00,100
171,-7.0000,0.9176,0,0.00,100
172,-4.5000,0.9171,0,0.00,100
173,-7.5000,0.9167,0,0.00,100
174,-6.5000,0.9162,0,0.00,100
175,-7.0000,0.9157,0,0.00,100
176,-5.0000,0.9153,0,0.00,100
177,-8.0000,0.9148,0,0.00,100
178,-7.0000,0.9144,0,0.00,100
179,4.2500,0.9139,1,8.00,75
180,-10.5000,0.9135,0,0.00,100
181,-5.5000,0.9130,0,0.00,100
182,-11.5000,0.9125,0,0.00,100
183,9.9900,0.9121,1,100.00,1
184,-7.0000,0.9116,0,0.00,100
185,-14.0000,0.9112,0,0.00,100
186,-5.0000,0.9107,0,0.00,100
187,-5.5000,0.9103,0,0.00,100
188,-4.5000,0.9098,0,0.00,100
189,7.8500,0.9094,1,20.00,15
190,9.9200,0.9089,1,25.00,8
191,3.0300,0.9084,1,10.31,97
192,-3.5000,0.9080,0,0.00,100
193,-6.5000,0.9075,0,0.00,100
194,-4.0000,0.9071,0,0.00,100
195,-4.5000,0.9066,0,0.00,100
196,-8.5000,0.9062,0,0.00,100
197,-5.5000,0.9057,0,0.00,100
198,-3.0000,0.9053,0,0.00,100
199,9.9900,0.9048,1,100.00,1
200,-8.5000,0.9044,0,0.00,100
201,-3.0000,0.9039,0,0.00,100
202,-6.0000,0.9035,0,0.00,100
203,-3.0000,0.9030,0,0.00,100
204,-8.5000,0.9026,0,0.00,100
205,-3.0000,0.9021,0,0.00,100
206,8.2800,0.9017,1,9.09,22
207,-8.0000,0.9012,0,0.00,100
208,7.2300,0.9008,1,3.70,27
209,7.2500,0.9003,1,4.00,25
210,-7.5000,0.8999,0,0.00,100
211,-12.0000,0.8994,0,0.00,100
212,-3.0000,0.8990,0,0.00,100
213,-7.5000,0.8985,0,0.00,100
214,-7.0000,0.8981,0,0.00,100
215,-5.0000,0.8976,0,0.00,100
216,7.2100,0.8972,1,3.45,29
217,5.6900,0.8967,1,7.41,81
218,3.9300,0.8963,1,5.26,57
219,-11.0000,0.8958,0,0.00,100
220,9.7200,0.8954,1,21.43,28
221,-8.5000,0.8949,0,0.00,100
222,-4.0000,0.8945,0,0.00,100
223,-3.5000,0.8940,0,0.00,100
224,8.3600,0.8936,1,14.29,14
225,-4.0000,0.8931,0,0.00,100
226,-7.0000,0.8927,0,0.00,100
227,9.9800,0.8922,1,100.00,2
228,-3.5000,0.8918,0,0.00,100
229,-9.0000,0.8913,0,0.00,100
230,0.3300,0.8909,1,4.48,67
231,4.0900,0.8904,1,5.49,91
232,3.7600,0.8900,1,2.70,74
233,-5.5000,0.8896,0,0.00,100
234,9.9700,0.8891,1,100.00,3
235,-2.5000,0.8887,0,0.00,100
236,9.9600,0.8882,1,50.00,4
237,-7.5000,0.8878,0,0.00,100
238,-7.5000,0.8873,0,0.00,100
239,-6.5000,0.8869,0,0.00,100
240,8.9600,0.8865,1,25.00,4
241,-6.5000,0.8860,0,0.00,100
242,9.4000,0.8856,1,50.00,10
243,-8.5000,0.8851,0,0.00,100
244,-4.5000,0.8847,0,0.00,100
245,7.8500,0.8842,1,6.67,15
246,-7.5000,0.8838,0,0.00,100
247,5.8800,0.8834,1,8.06,62
248,-3.5000,0.8829,0,0.00,100
249,-12.5000,0.8825,0,0.00,100
250,-11.0000,0.8820,0,0.00,100
251,4.4700,0.8816,1,7.55,53
252,-5.0000,0.8811,0,0.00,100
253,-0.9900,0.8807,1,11.11,99
254,-7.0000,0.8803,0,0.00,100
255,-6.5000,0.8798,0,0.00,100
256,6.9700,0.8794,1,15.09,53
257,-11.5000,0.8789,0,0.00,100
258,-10.5000,0.8785,0,0.00,100
259,-2.0000,0.8781,0,0.00,100
260,9.9900,0.8776,1,100.00,1
261,-8.0000,0.8772,0,0.00,100
262,9.8700,0.8768,1,30.77,13
263,-3.0000,0.8763,0,0.00,100
264,-8.0000,0.8759,0,0.00,100
265,-5.5000,0.8754,0,0.00,100
266,8.7200,0.8750,1,35.71,28
267,7.4000,0.8746,1,25.00,60
268,6.6100,0.8741,1,12.82,39
269,-9.0000,0.8737,0,0.00,100
270,-3.5000,0.8732,0,0.00,100
271,-13.0000,0.8728,0,0.00,100
272,8.0300,0.8724,1,19.15,47
273,9.2500,0.8719,1,8.00,25
274,-5.5000,0.8715,0,0.00,100
275,-2.5000,0.8711,0,0.00,100
276,-8.0000,0.8706,0,0.00,100
277,1.2200,0.8702,1,17.95,78
278,9.3000,0.8698,1,15.00,20
279,-2.0000,0.8693,0,0.00,100
280,-3.0000,0.8689,0,0.00,100
281,-10.5000,0.8685,0,0.00,100
282,5.2000,0.8680,1,6.67,30
283,7.1200,0.8676,1,13.16,38
284,-5.0000,0.8672,0,0.00,100
285,-4.5000,0.8667,0,0.00,100
286,7.2500,0.8663,1,12.00,25
287,5.5300,0.8659,1,8.25,97
288,-3.5000,0.8654,0,0.00,100
289,7.8900,0.8650,1,9.09,11
290,9.3200,0.8646,1,33.33,18
291,8.1100,0.8641,1,10.26,39
292,5.6100,0.8637,1,10.26,39
293,8.8000,0.8633,1,30.00,20
294,-7.0000,0.8628,0,0.00,100
295,-11.0000,0.8624,0,0.00,100
296,7.8300,0.8620,1,29.41,17
297,9.3700,0.8615,1,46.15,13
298,-6.0000,0.8611,0,0.00,100
299,-6.5000,0.8607,0,0.00,100
300,-3.5000,0.8602,0,0.00,100
301,-5.5000,0.8598,0,0.00,100
302,7.7300,0.8594,1,18.52,27
303,9.4700,0.8590,1,66.67,3
304,-4.0000,0.8585,0,0.00,100
305,5.6200,0.8581,1,6.82,88
306,-8.5000,0.8577,0,0.00,100
307,-6.5000,0.8572,0,0.00,100
308,8.7600,0.8568,1,12.50,24
309,9.9200,0.8564,1,100.00,8
310,-12.5000,0.8560,0,0.00,100
311,7.3000,0.8555,1,5.71,70
312,-4.0000,0.8551,0,0.00,100
313,-9.0000,0.8547,0,0.00,100
314,6.0200,0.8542,1,25.00,48
315,-5.0000,0.8538,0,0.00,100
316,8.9300,0.8534,1,71.43,7
317,5.1500,0.8530,1,17.14,35
318,7.2000,0.8525,1,6.67,30
319,-8.5000,0.8521,0,0.00,100
320,-6.5000,0.8517,0,0.00,100
321,9.9800,0.8513,1,100.00,2
322,6.3500,0.8508,1,33.33,15
323,-12.0000,0.8504,0,0.00,100
324,-6.5000,0.8500,0,0.00,100
325,8.1600,0.8496,1,17.65,34
326,9.9400,0.8491,1,33.33,6
327,-7.0000,0.8487,0,0.00,100
328,4.6200,0.8483,1,10.23,88
329,-17.5000,0.8479,0,0.00,100
330,4.0200,0.8474,1,9.18,98
331,5.0300,0.8470,1,12.77,47
332,5.2900,0.8466,1,8.45,71
333,-5.5000,0.8462,0,0.00,100
334,8.8400,0.8457,1,37.50,16
335,8.3200,0.8453,1,33.33,18
336,-5.5000,0.8449,0,0.00,100
337,-6.0000,0.8445,0,0.00,100
338,-2.2300,0.8441,1,15.07,73
339,8.6300,0.8436,1,24.32,37
340,7.7600,0.8432,1,18.92,74
341,-3.5000,0.8428,0,0.00,100
342,9.9500,0.8424,1,20.00,5
343,-9.0000,0.8419,0,0.00,100
344,7.8600,0.8415,1,14.29,14
345,-10.5000,0.8411,0,0.00,100
346,6.9600,0.8407,1,18.52,54
347,5.1500,0.8403,1,12.94,85
348,-7.0000,0.8398,0,0.00,100
349,-8.5000,0.8394,0,0.00,100
350,7.6200,0.8390,1,7.89,38
351,-5.5000,0.8386,0,0.00,100
352,7.5600,0.8382,1,18.18,44
353,8.6900,0.8377,1,45.16,31
354,4.0600,0.8373,1,11.70,94
355,-5.5000,0.8369,0,0.00,100
356,2.3800,0.8365,1,6.45,62
357,5.5600,0.8361,1,9.09,44
358,7.0100,0.8357,1,10.20,49
359,-6.5000,0.8352,0,0.00,100
360,5.9000,0.8348,1,11.67,60
361,-9.5000,0.8344,0,0.00,100
362,-16.0000,0.8340,0,0.00,100
363,-10.0000,0.8336,0,0.00,100
364,7.2100,0.8331,1,20.69,29
365,5.5300,0.8327,1,7.22,97
366,7.8000,0.8323,1,10.00,20
367,5.4400,0.8319,1,3.57,56
368,-5.5000,0.8315,0,0.00,100
369,-5.0000,0.8311,0,0.00,100
370,-9.5000,0.8307,0,0.00,100
371,-3.0000,0.8302,0,0.00,100
372,-2.5000,0.8298,0,0.00,100
373,-5.5000,0.8294,0,0.00,100
374,5.5800,0.8290,1,16.67,42
375,9.9400,0.8286,1,100.00,6
376,-9.5000,0.8282,0,0.00,100
377,8.4000,0.8277,1,20.00,10
378,4.3300,0.8273,1,16.42,67
379,-4.5000,0.8269,0,0.00,100
380,-4.5000,0.8265,0,0.00,100
381,-10.0000,0.8261,0,0.00,100
382,8.2100,0.8257,1,20.69,29
383,5.4100,0.8253,1,11.86,59
384,-10.5000,0.8249,0,0.00,100
385,7.8100,0.8244,1,10.53,19
386,-6.0000,0.8240,0,0.00,100
387,5.7200,0.8236,1,11.54,78
388,-5.5000,0.8232,0,0.00,100
389,-5.0000,0.8228,0,0.00,100
390,-4.5000,0.8224,0,0.00,100
391,9.9700,0.8220,1,33.33,3
392,5.6300,0.8216,1,12.64,87
393,5.4800,0.8212,1,7.69,52
394,-5.0000,0.8207,0,0.00,100
395,5.3300,0.8203,1,13.43,67
396,-3.0000,0.8199,0,0.00,100
397,5.2400,0.8195,1,1.32,76
398,8.9000,0.8191,1,20.00,10
399,-4.0000,0.8187,0,0.00,100
400,-6.0000,0.8183,0,0.00,100
401,-7.5000,0.8179,0,0.00,100
402,9.9800,0.8175,1,50.00,2
403,-3.5000,0.8171,0,0.00,100
404,-3.0000,0.8166,0,0.00,100
405,-7.0000,0.8162,0,0.00,100
406,4.0200,0.8158,1,10.42,48
407,-5.5000,0.8154,0,0.00,100
408,9.3600,0.8150,1,7.14,14
409,6.6400,0.8146,1,22.22,36
410,-5.0000,0.8142,0,0.00,100
411,-6.0000,0.8138,0,0.00,100
412,8.8600,0.8134,1,42.86,14
413,5.9000,0.8130,1,3.33,60
414,-4.0000,0.8126,0,0.00,100
415,-6.0000,0.8122,0,0.00,100
416,-11.0000,0.8118,0,0.00,100
417,-7.5000,0.8114,0,0.00,100
418,8.3200,0.8109,1,5.56,18
419,-5.0000,0.8105,0,0.00,100
420,8.2500,0.8101,1,16.00,25
421,6.6200,0.8097,1,21.05,38
422,9.9600,0.8093,1,100.00,4
423,8.3400,0.8089,1,31.25,16
424,9.9500,0.8085,1,80.00,5
425,-5.5000,0.8081,0,0.00,100
426,6.7000,0.8077,1,10.00,30
427,-5.0000,0.8073,0,0.00,100
428,4.0600,0.8069,1,9.57,94
429,-2.5000,0.8065,0,0.00,100
430,-3.0000,0.8061,0,0.00,100
431,9.3800,0.8057,1,8.33,12
432,7.5300,0.8053,1,21.28,47
433,5.5300,0.8049,1,19.15,47
434,-3.0000,0.8045,0,0.00,100
435,9.4100,0.8041,1,22.22,9
436,8.7600,0.8037,1,33.33,24
437,-8.0000,0.8033,0,0.00,100
438,9.0700,0.8029,1,9.30,43
439,-4.0000,0.8025,0,0.00,100
440,8.8300,0.8021,1,41.18,17
441,-4.5000,0.8017,0,0.00,100
442,8.2400,0.8013,1,23.08,26
443,8.3200,0.8009,1,10.29,68
444,8.0300,0.8005,1,21.28,47
445,-6.0000,0.8001,0,0.00,100
446,-8.0000,0.7997,0,0.00,100
447,4.9200,0.7993,1,13.79,58
448,7.3300,0.7989,1,14.93,67
449,2.0100,0.7985,1,20.41,49
450,5.0800,0.7981,1,14.13,92
451,9.1300,0.7977,1,21.62,37
452,2.3600,0.7973,1,10.94,64
453,8.2500,0.7969,1,16.00,25
454,9.9900,0.7965,1,100.00,1
455,-4.0000,0.7961,0,0.00,100
456,8.7400,0.7957,1,26.92,26
457,6.8800,0.7953,1,33.33,12
458,7.1900,0.7949,1,6.45,31
459,-9.0000,0.7945,0,0.00,100
460,-8.0000,0.7941,0,0.00,100
461,4.8200,0.7937,1,13.24,68
462,-4.5000,0.7933,0,0.00,100
463,7.1100,0.7929,1,15.38,39
464,3.2200,0.7925,1,10.26,78
465,8.3800,0.7921,1,41.67,12
466,3.6700,0.7917,1,15.66,83
467,9.4200,0.7913,1,50.00,8
468,5.0300,0.7909,1,10.31,97
469,8.0700,0.7905,1,20.93,43
470,-8.5000,0.7901,0,0.00,100
471,7.7900,0.7897,1,42.86,21
472,6.4700,0.7893,1,3.77,53
473,5.0600,0.7889,1,4.55,44
474,7.4000,0.7886,1,13.33,60
475,7.0200,0.7882,1,25.00,48
476,9.9100,0.7878,1,55.56,9
477,9.2600,0.7874,1,29.17,24
478,7.5300,0.7870,1,21.28,47
479,7.7200,0.7866,1,10.71,28
480,4.8600,0.7862,1,17.19,64
481,2.5700,0.7858,1,11.83,93
482,6.0300,0.7854,1,19.15,47
483,9.3300,0.7850,1,41.18,17
484,-6.5000,0.7846,0,0.00,100
485,9.8200,0.7842,1,22.22,18
486,1.1200,0.7838,1,12.50,88
487,8.1000,0.7834,1,27.50,40
488,9.5800,0.7830,1,19.05,42
489,8.1500,0.7827,1,5.71,35
490,6.9700,0.7823,1,26.42,53
491,-5.5000,0.7819,0,0.00,100
492,5.7100,0.7815,1,11.39,79
493,7.2400,0.7811,1,11.84,76
494,9.4000,0.7807,1,10.00,10
495,-13.5000,0.7803,0,0.00,100
496,7.1200,0.7799,1,7.89,38
497,-7.0000,0.7795,0,0.00,100
498,3.7400,0.7791,1,14.47,76
499,5.1700,0.7788,1,13.25,83
500,3.7000,0.7784,1,11.25,80
501,-4.5000,0.7780,0,0.00,100
502,-7.0000,0.7776,0,0.00,100
503,6.6900,0.7772,1,11.11,81
504,9.1700,0.7768,1,33.33,33
505,9.9200,0.7764,1,100.00,8
506,-6.0000,0.7760,0,0.00,100
507,-5.5000,0.7756,0,0.00,100
508,6.9900,0.7753,1,21.57,51
509,-10.0000,0.7749,0,0.00,100
510,-8.0000,0.7745,0,0.00,100
511,9.9300,0.7741,1,28.57,7
512,-7.5000,0.7737,0,0.00,100
513,-8.0000,0.7733,0,0.00,100
514,8.1700,0.7729,1,12.12,33
515,6.0700,0.7725,1,7.53,93
516,6.0100,0.7722,1,14.29,49
517,2.8000,0.7718,1,15.71,70
518,9.3900,0.7714,1,18.18,11
519,7.5000,0.7710,1,16.00,50
520,-6.5000,0.7706,0,0.00,100
521,7.1500,0.7702,1,11.43,35
522,9.3000,0.7698,1,25.00,20
523,2.0800,0.7695,1,14.13,92
524,4.5600,0.7691,1,15.96,94
525,-4.5000,0.7687,0,0.00,100
526,7.5000,0.7683,1,10.00,50
527,4.3100,0.7679,1,10.14,69
528,7.5900,0.7675,1,9.76,41
529,-8.5000,0.7672,0,0.00,100
530,7.7100,0.7668,1,18.99,79
531,9.6200,0.7664,1,23.68,38
532,6.3300,0.7660,1,16.42,67
533,9.0800,0.7656,1,7.14,42
534,9.2800,0.7652,1,40.91,22
535,8.2100,0.7649,1,41.38,29
536,-6.5000,0.7645,0,0.00,100
537,-6.5000,0.7641,0,0.00,100
538,7.4000,0.7637,1,15.00,60
539,6.7100,0.7633,1,20.69,29
540,-6.5000,0.7629,0,0.00,100
541,-13.5000,0.7626,0,0.00,100
542,-4.0000,0.7622,0,0.00,100
543,-5.5000,0.7618,0,0.00,100
544,9.9400,0.7614,1,100.00,6
545,4.0800,0.7610,1,11.96,92
546,-6.0000,0.7607,0,0.00,100
547,-4.5000,0.7603,0,0.00,100
548,8.0400,0.7599,1,23.91,46
549,9.8500,0.7595,1,6.67,15
550,8.8000,0.7591,1,50.00,20
551,7.3300,0.7588,1,16.42,67
552,-6.5000,0.7584,0,0.00,100
553,9.8400,0.7580,1,25.00,16
554,8.0300,0.7576,1,21.28,47
555,5.8400,0.7572,1,12.12,66
556,6.7900,0.7569,1,11.27,71
557,8.6100,0.7565,1,28.21,39
558,4.6200,0.7561,1,2.27,88
559,5.5300,0.7557,1,4.26,47
560,-9.0000,0.7554,0,0.00,100
561,-11.5000,0.7550,0,0.00,100
562,-3.3100,0.7546,1,3.70,81
563,9.7100,0.7542,1,24.14,29
564,-6.0000,0.7538,0,0.00,100
565,7.9000,0.7535,1,40.00,10
566,9.9400,0.7531,1,83.33,6
567,9.9900,0.7527,1,100.00,1
568,8.1200,0.7523,1,21.05,38
569,8.7900,0.7520,1,52.38,21
570,6.7000,0.7516,1,33.33,30
571,7.1600,0.7512,1,11.90,84
572,5.7800,0.7508,1,12.50,72
573,4.2900,0.7505,1,15.49,71
574,-11.5000,0.7501,0,0.00,100
575,-5.5000,0.7497,0,0.00,100
576,5.6600,0.7493,1,14.71,34
577,-5.0000,0.7490,0,0.00,100
578,4.0300,0.7486,1,4.12,97
579,5.8900,0.7482,1,13.11,61
580,5.7800,0.7478,1,27.27,22
581,7.5200,0.7475,1,10.42,48
582,4.9700,0.7471,1,9.43,53
583,8.5600,0.7467,1,6.82,44
584,6.0200,0.7463,1,12.50,48
585,5.5700,0.7460,1,13.95,43
586,6.9600,0.7456,1,14.81,54
587,7.1400,0.7452,1,25.00,36
588,-4.5000,0.7448,0,0.00,100
589,9.9800,0.7445,1,100.00,2
590,-6.0000,0.7441,0,0.00,100
591,8.4000,0.7437,1,16.67,60
592,8.9500,0.7434,1,40.00,5
593,3.8200,0.7430,1,13.24,68
594,9.2100,0.7426,1,27.59,29
595,8.8400,0.7422,1,43.75,16
596,8.0600,0.7419,1,18.18,44
597,8.8100,0.7415,1,13.04,69
598,-6.5000,0.7411,0,0.00,100
599,9.3100,0.7408,1,31.58,19
600,8.3700,0.7404,1,46.15,13
601,-5.0000,0.7400,0,0.00,100
602,9.9800,0.7397,1,50.00,2
603,9.3400,0.7393,1,31.25,16
604,3.7200,0.7389,1,12.82,78
605,7.0200,0.7385,1,22.92,48
606,9.2600,0.7382,1,37.50,24
607,0.8200,0.7378,1,4.41,68
608,9.3200,0.7374,1,61.11,18
609,-2.5000,0.7371,0,0.00,100
610,6.2700,0.7367,1,8.22,73
611,6.5000,0.7363,1,10.00,50
612,7.6000,0.7360,1,25.00,40
613,-4.5000,0.7356,0,0.00,100
614,6.9900,0.7352,1,17.65,51
615,9.2400,0.7349,1,30.77,26
616,9.9700,0.7345,1,33.33,3
617,5.1100,0.7341,1,11.24,89
618,4.0800,0.7338,1,21.43,42
619,-2.5000,0.7334,0,0.00,100
620,-5.5000,0.7330,0,0.00,100
621,8.7900,0.7327,1,33.33,21
622,7.0000,0.7323,1,16.00,50
623,7.9200,0.7319,1,37.50,8
624,-3.0000,0.7316,0,0.00,100
625,8.7500,0.7312,1,12.00,25
626,-2.5000,0.7308,0,0.00,100
627,4.3200,0.7305,1,11.76,68
628,-6.5000,0.7301,0,0.00,100
629,-1.8100,0.7297,1,13.58,81
630,-3.5000,0.7294,0,0.00,100
631,8.1200,0.7290,1,26.32,38
632,8.1700,0.7286,1,12.12,33
633,8.7600,0.7283,1,8.33,24
634,-4.5000,0.7279,0,0.00,100
635,4.7800,0.7275,1,12.50,72
636,8.2400,0.7272,1,19.23,26
637,-6.5000,0.7268,0,0.00,100
638,-5.0000,0.7265,0,0.00,100
639,9.9900,0.7261,1,100.00,1
640,-7.5000,0.7257,0,0.00,100
641,9.3500,0.7254,1,26.67,15
642,9.9100,0.7250,1,55.56,9
643,-3.0000,0.7246,0,0.00,100
644,-4.0000,0.7243,0,0.00,100
645,7.2600,0.7239,1,12.50,24
646,8.3100,0.7236,1,21.05,19
647,9.0400,0.7232,1,17.39,46
648,8.2300,0.7228,1,18.52,27
649,9.4600,0.7225,1,75.00,4
650,-7.5000,0.7221,0,0.00,100
651,9.9200,0.7217,1,50.00,8
652,7.2600,0.7214,1,17.57,74
653,-5.5000,0.7210,0,0.00,100
654,9.9000,0.7207,1,60.00,10
655,4.9000,0.7203,1,16.67,60
656,8.8600,0.7199,1,28.57,14
657,9.2600,0.7196,1,20.83,24
658,-11.0000,0.7192,0,0.00,100
659,9.3200,0.7189,1,16.67,18
660,9.2700,0.7185,1,34.78,23
661,8.4500,0.7181,1,16.36,55
662,7.5300,0.7178,1,10.64,47
663,-5.0000,0.7174,0,0.00,100
664,7.5600,0.7171,1,22.73,44
665,-4.5000,0.7167,0,0.00,100
666,8.2500,0.7164,1,16.00,25
667,6.5200,0.7160,1,12.50,48
668,9.3500,0.7156,1,40.00,15
669,6.8600,0.7153,1,18.75,64
670,9.4000,0.7149,1,40.00,10
671,3.0200,0.7146,1,10.20,98
672,9.8200,0.7142,1,33.33,18
673,1.9700,0.7138,1,22.64,53
674,9.2600,0.7135,1,37.50,24
675,9.4100,0.7131,1,66.67,9
676,-6.5000,0.7128,0,0.00,100
677,8.4900,0.7124,1,11.76,51
678,8.3800,0.7121,1,25.00,12
679,9.9000,0.7117,1,20.00,10
680,9.9300,0.7114,1,42.86,7
681,5.5100,0.7110,1,16.33,49
682,8.2000,0.7106,1,6.67,30
683,9.9500,0.7103,1,100.00,5
684,-6.0000,0.7099,0,0.00,100
685,6.1900,0.7096,1,12.90,31
686,7.6000,0.7092,1,22.50,40
687,9.9800,0.7089,1,100.00,2
688,2.5200,0.7085,1,22.92,48
689,9.3000,0.7082,1,25.00,20
690,9.9600,0.7078,1,50.00,4
691,7.9600,0.7075,1,24.07,54
692,9.9200,0.7071,1,50.00,8
693,3.3000,0.7067,1,14.29,70
694,8.2600,0.7064,1,4.17,24
695,8.4800,0.7060,1,21.15,52
696,6.3400,0.7057,1,31.25,16
697,1.2000,0.7053,1,12.50,80
698,9.3300,0.7050,1,35.29,17
699,5.0800,0.7046,1,26.19,42
700,6.4000,0.7043,1,16.67,60
701,-3.0000,0.7039,0,0.00,100
702,5.5400,0.7036,1,21.74,46
703,9.7800,0.7032,1,45.45,22
704,9.4500,0.7029,1,80.00,5
705,8.7600,0.7025,1,16.67,24
706,8.8900,0.7022,1,27.27,11
707,9.9600,0.7018,1,50.00,4
708,8.1400,0.7015,1,36.11,36
709,9.9800,0.7011,1,100.00,2
710,-4.0000,0.7008,0,0.00,100
711,8.3200,0.7004,1,33.33,18
712,6.9400,0.7001,1,26.79,56
713,9.9600,0.6997,1,100.00,4
714,-6.0000,0.6994,0,0.00,100
715,8.5200,0.6990,1,25.00,48
716,5.7900,0.6987,1,14.08,71
717,7.7100,0.6983,1,41.38,29
718,9.1000,0.6980,1,27.50,40
719,8.3800,0.6976,1,33.33,12
720,8.6400,0.6973,1,11.11,36
721,-0.7300,0.6969,1,15.07,73
722,7.7700,0.6966,1,8.70,23
723,8.8900,0.6962,1,45.45,11
724,9.9600,0.6959,1,75.00,4
725,8.8100,0.6955,1,26.32,19
726,7.7100,0.6952,1,17.24,29
727,7.4400,0.6948,1,16.07,56
728,8.7000,0.6945,1,33.33,30
729,7.7900,0.6941,1,9.86,71
730,9.9500,0.6938,1,60.00,5
731,8.0900,0.6934,1,19.51,41
732,9.4400,0.6931,1,83.33,6
733,8.6800,0.6927,1,34.38,32
734,7.8000,0.6924,1,30.00,20
735,6.0000,0.6921,1,20.00,50
736,9.8300,0.6917,1,52.94,17
737,3.8800,0.6914,1,20.97,62
738,9.4000,0.6910,1,10.00,10
739,9.9000,0.6907,1,40.00,10
740,8.1500,0.6903,1,17.14,35
741,9.9900,0.6900,1,100.00,1
742,9.9100,0.6896,1,55.56,9
743,8.7300,0.6893,1,18.52,27
744,7.6700,0.6889,1,30.30,33
745,8.2700,0.6886,1,43.48,23
746,9.9700,0.6883,1,33.33,3
747,9.9100,0.6879,1,77.78,9
748,9.9600,0.6876,1,100.00,4
749,7.5600,0.6872,1,20.45,44
750,8.8100,0.6869,1,47.37,19
751,7.5700,0.6865,1,27.91,43
752,9.3000,0.6862,1,45.00,20
753,5.8900,0.6859,1,16.39,61
754,0.5900,0.6855,1,4.40,91
755,-7.5000,0.6852,0,0.00,100
756,3.6800,0.6848,1,15.85,82
757,7.6900,0.6845,1,12.35,81
758,8.2700,0.6841,1,13.04,23
759,8.7600,0.6838,1,41.67,24
760,8.4000,0.6835,1,30.00,10
761,9.9300,0.6831,1,28.57,7
762,7.0600,0.6828,1,25.00,44
763,8.7000,0.6824,1,23.33,30
764,3.3700,0.6821,1,12.70,63
765,5.5400,0.6817,1,19.57,46
766,5.9400,0.6814,1,16.07,56
767,7.1300,0.6811,1,12.64,87
768,8.0600,0.6807,1,18.18,44
769,5.9500,0.6804,1,9.09,55
770,8.4700,0.6800,1,16.98,53
771,7.0000,0.6797,1,18.00,50
772,-6.0000,0.6794,0,0.00,100
773,6.4900,0.6790,1,17.65,51
774,6.9200,0.6787,1,20.69,58
775,9.2800,0.6783,1,40.91,22
776,9.9800,0.6780,1,100.00,2
777,9.9500,0.6777,1,20.00,5
778,9.9900,0.6773,1,100.00,1
779,5.1100,0.6770,1,3.37,89
780,8.3100,0.6767,1,31.58,19
781,8.2600,0.6763,1,8.11,74
782,-6.5000,0.6760,0,0.00,100
783,4.5300,0.6756,1,27.66,47
784,-4.5000,0.6753,0,0.00,100
785,6.9000,0.6750,1,21.67,60
786,9.9800,0.6746,1,100.00,2
787,2.2800,0.6743,1,8.33,72
788,9.4400,0.6740,1,83.33,6
789,8.0500,0.6736,1,31.11,45
790,9.9500,0.6733,1,100.00,5
791,8.3900,0.6729,1,9.84,61
792,9.7100,0.6726,1,41.38,29
793,7.3900,0.6723,1,11.48,61
794,8.2300,0.6719,1,14.81,27
795,7.3200,0.6716,1,27.78,18
796,9.9700,0.6713,1,33.33,3
797,9.0200,0.6709,1,27.08,48
798,9.4500,0.6706,1,60.00,5
799,-6.0000,0.6703,0,0.00,100
800,7.5000,0.6699,1,20.00,50
801,9.8100,0.6696,1,47.37,19
802,-3.0000,0.6692,0,0.00,100
803,9.4300,0.6689,1,19.30,57
804,9.9500,0.6686,1,60.00,5
805,8.8200,0.6682,1,33.33,18
806,6.5100,0.6679,1,10.20,49
807,9.7500,0.6676,1,32.00,25
808,7.0100,0.6672,1,18.37,49
809,6.5500,0.6669,1,3.16,95
810,9.8200,0.6666,1,16.67,18
811,9.3100,0.6662,1,31.58,19
812,8.1800,0.6659,1,28.12,32
813,-2.5000,0.6656,0,0.00,100
814,8.1400,0.6652,1,38.89,36
815,9.8300,0.6649,1,17.65,17
816,9.8900,0.6646,1,63.64,11
817,9.5800,0.6642,1,21.43,42
818,8.6300,0.6639,1,29.73,37
819,7.7400,0.6636,1,15.79,76
820,7.6800,0.6633,1,9.38,32
821,5.2200,0.6629,1,6.41,78
822,9.8000,0.6626,1,40.00,20
823,7.2200,0.6623,1,14.29,28
824,9.3700,0.6619,1,15.38,13
825,9.3400,0.6616,1,12.50,16
826,9.8400,0.6613,1,50.00,16
827,8.1400,0.6609,1,11.63,86
828,5.2600,0.6606,1,45.83,24
829,7.6800,0.6603,1,6.25,32
830,8.7000,0.6599,1,13.33,30
831,4.3400,0.6596,1,15.15,66
832,7.6500,0.6593,1,11.76,85
833,7.1000,0.6590,1,22.50,40
834,-4.0000,0.6586,0,0.00,100
835,9.2100,0.6583,1,3.45,29
836,8.8200,0.6580,1,44.44,18
837,-6.0000,0.6576,0,0.00,100
838,9.3300,0.6573,1,47.06,17
839,9.9700,0.6570,1,33.33,3
840,7.2900,0.6566,1,23.81,21
841,7.5100,0.6563,1,20.41,49
842,9.9300,0.6560,1,100.00,7
843,6.3400,0.6557,1,12.12,66
844,-2.5000,0.6553,0,0.00,100
845,-3.5000,0.6550,0,0.00,100
846,7.4100,0.6547,1,18.64,59
847,6.8000,0.6544,1,18.57,70
848,7.7600,0.6540,1,9.46,74
849,9.1800,0.6537,1,34.38,32
850,7.4400,0.6534,1,16.07,56
851,9.4400,0.6530,1,50.00,6
852,8.8300,0.6527,1,29.41,17
853,7.9800,0.6524,1,19.23,52
854,8.6500,0.6521,1,28.57,35
855,9.0600,0.6517,1,20.45,44
856,-4.5000,0.6514,0,0.00,100
857,7.8800,0.6511,1,33.33,12
858,9.4500,0.6508,1,80.00,5
859,9.0400,0.6504,1,26.09,46
860,9.1500,0.6501,1,31.43,35
861,-2.0000,0.6498,0,0.00,100
862,-1.5000,0.6495,0,0.00,100
863,7.0000,0.6491,1,20.00,50
864,-2.0000,0.6488,0,0.00,100
865,-1.5000,0.6485,0,0.00,100
866,-4.0000,0.6482,0,0.00,100
867,9.9500,0.6478,1,100.00,5
868,9.9900,0.6475,1,100.00,1
869,9.9200,0.6472,1,75.00,8
870,8.8600,0.6469,1,7.14,14
871,9.9400,0.6465,1,66.67,6
872,8.7100,0.6462,1,27.59,29
873,8.4500,0.6459,1,18.18,55
874,9.9700,0.6456,1,33.33,3
875,8.9100,0.6453,1,55.56,9
876,6.9100,0.6449,1,15.25,59
877,9.1500,0.6446,1,17.14,35
878,9.9000,0.6443,1,20.00,10
879,9.4100,0.6440,1,66.67,9
880,-4.5000,0.6436,0,0.00,100
881,8.6700,0.6433,1,24.24,33
882,3.6500,0.6430,1,15.29,85
883,8.8500,0.6427,1,73.33,15
884,6.5700,0.6424,1,6.98,43
885,9.3400,0.6420,1,56.25,16
886,8.2800,0.6417,1,12.50,72
887,4.5200,0.6414,1,22.92,48
888,6.7900,0.6411,1,14.08,71
889,9.8200,0.6408,1,50.00,18
890,6.1500,0.6404,1,16.47,85
891,2.0500,0.6401,1,5.26,95
892,9.8800,0.6398,1,16.67,12
893,4.9200,0.6395,1,8.62,58
894,9.0400,0.6392,1,30.43,46
895,4.3500,0.6388,1,20.00,65
896,7.8400,0.6385,1,16.67,66
897,9.3100,0.6382,1,52.63,19
898,7.8900,0.6379,1,27.27,11
899,8.7400,0.6376,1,15.38,26
900,9.8300,0.6372,1,41.18,17
901,8.8800,0.6369,1,50.00,12
902,9.4000,0.6366,1,50.00,10
903,7.9100,0.6363,1,23.73,59
904,9.5500,0.6360,1,20.00,45
905,6.2200,0.6356,1,32.14,28
906,8.8100,0.6353,1,36.84,19
907,8.2700,0.6350,1,6.85,73
908,9.9800,0.6347,1,100.00,2
909,-3.5000,0.6344,0,0.00,100
910,9.9500,0.6341,1,80.00,5
911,6.4200,0.6337,1,17.24,58
912,9.7900,0.6334,1,28.57,21
913,7.4200,0.6331,1,37.50,8
914,6.9500,0.6328,1,10.91,55
915,8.1900,0.6325,1,32.26,31
916,9.8300,0.6322,1,58.82,17
917,8.2900,0.6318,1,28.57,21
918,9.0900,0.6315,1,31.71,41
919,9.4200,0.6312,1,87.50,8
920,7.4800,0.6309,1,1.92,52
921,7.2500,0.6306,1,40.00,25
922,9.2700,0.6303,1,26.09,23
923,7.9500,0.6299,1,21.82,55
924,9.9900,0.6296,1,100.00,1
925,7.7500,0.6293,1,12.00,25
926,9.2100,0.6290,1,34.48,29
927,8.6100,0.6287,1,12.82,39
928,-6.5000,0.6284,0,0.00,100
929,9.3700,0.6281,1,46.15,13
930,8.2300,0.6277,1,44.44,27
931,7.0900,0.6274,1,14.63,41
932,8.8900,0.6271,1,63.64,11
933,8.6200,0.6268,1,18.42,38
934,8.0400,0.6265,1,15.22,46
935,7.6400,0.6262,1,30.56,36
936,8.8000,0.6259,1,20.00,20
937,5.9400,0.6256,1,5.36,56
938,8.7500,0.6252,1,44.00,25
939,9.8000,0.6249,1,55.00,20
940,7.4600,0.6246,1,5.56,54
941,8.8700,0.6243,1,15.38,13
942,8.6500,0.6240,1,25.71,35
943,6.7400,0.6237,1,23.08,26
944,8.7200,0.6234,1,32.14,28
945,8.2900,0.6231,1,23.81,21
946,8.7400,0.6227,1,34.62,26
947,8.9600,0.6224,1,20.37,54
948,9.8900,0.6221,1,45.45,11
949,9.4000,0.6218,1,70.00,10
950,8.3200,0.6215,1,17.65,68
951,8.3100,0.6212,1,5.80,69
952,8.7000,0.6209,1,26.67,30
953,7.9100,0.6206,1,11.86,59
954,9.8100,0.6203,1,21.05,19
955,9.3500,0.6199,1,40.00,15
956,9.1500,0.6196,1,17.14,35
957,9.2100,0.6193,1,34.48,29
958,9.9200,0.6190,1,62.50,8
959,6.8600,0.6187,1,7.81,64
960,9.7100,0.6184,1,20.69,29
961,9.3600,0.6181,1,35.71,14
962,9.6400,0.6178,1,30.56,36
963,9.8100,0.6175,1,26.32,19
964,9.1500,0.6172,1,34.29,35
965,8.6500,0.6169,1,25.71,35
966,9.8900,0.6165,1,9.09,11
967,8.8200,0.6162,1,33.33,18
968,-4.5000,0.6159,0,0.00,100
969,8.7400,0.6156,1,30.77,26
970,9.8900,0.6153,1,63.64,11
971,8.0900,0.6150,1,26.83,41
972,9.2600,0.6147,1,29.17,24
973,8.6900,0.6144,1,32.26,31
974,5.6400,0.6141,1,33.33,36
975,8.2800,0.6138,1,31.82,22
976,4.1100,0.6135,1,10.26,39
977,7.4100,0.6132,1,23.73,59
978,9.3500,0.6129,1,40.00,15
979,8.2900,0.6126,1,19.05,21
980,9.9600,0.6122,1,50.00,4
981,9.3300,0.6119,1,23.53,17
982,6.4800,0.6116,1,13.46,52
983,7.3100,0.6113,1,15.94,69
984,9.3700,0.6110,1,76.92,13
985,9.8000,0.6107,1,30.00,20
986,5.3300,0.6104,1,10.45,67
987,5.6500,0.6101,1,25.71,35
988,9.7800,0.6098,1,45.45,22
989,8.7100,0.6095,1,24.14,29
990,9.9800,0.6092,1,50.00,2
991,8.9500,0.6089,1,14.55,55
992,5.6200,0.6086,1,15.79,38
993,9.1800,0.6083,1,31.25,32
994,7.8300,0.6080,1,16.42,67
995,9.2000,0.6077,1,16.67,30
996,9.3200,0.6074,1,27.78,18
997,9.1400,0.6071,1,36.11,36
998,9.5400,0.6068,1,30.43,46
999,9.7300,0.6065,1,29.63,27
1000,9.4500,0.6062,1,20.00,5
1001,9.4200,0.6058,1,18.97,58
1002,9.2700,0.6055,1,26.09,23
1003,8.7500,0.6052,1,28.00,25
1004,9.3700,0.6049,1,23.08,13
1005,6.2700,0.6046,1,19.18,73
1006,9.0600,0.6043,1,20.45,44
1007,9.4200,0.6040,1,62.50,8
1008,8.5100,0.6037,1,24.49,49
1009,5.0500,0.6034,1,17.78,45
1010,5.0000,0.6031,1,10.00,50
1011,7.3300,0.6028,1,8.96,67
1012,-8.0000,0.6025,0,0.00,100
1013,9.6300,0.6022,1,18.92,37
1014,-2.5000,0.6019,0,0.00,100
1015,6.0100,0.6016,1,13.13,99
1016,-6.0000,0.6013,0,0.00,100
1017,7.0100,0.6010,1,12.24,49
1018,9.7700,0.6007,1,39.13,23
1019,9.3300,0.6004,1,17.65,17
1020,7.6300,0.6001,1,24.32,37
1021,9.9200,0.5998,1,75.00,8
1022,8.1400,0.5995,1,19.44,36
1023,9.7900,0.5992,1,42.86,21
1024,8.6500,0.5989,1,40.00,35
1025,7.5300,0.5986,1,17.02,47
1026,8.1100,0.5983,1,12.36,89
1027,-4.0000,0.5980,0,0.00,100
1028,9.0700,0.5977,1,27.91,43
1029,9.9900,0.5974,1,100.00,1
1030,9.4000,0.5971,1,50.00,10
1031,9.8900,0.5968,1,45.45,11
1032,-2.0000,0.5965,0,0.00,100
1033,9.7200,0.5962,1,42.86,28
1034,9.8600,0.5959,1,28.57,14
1035,9.9300,0.5956,1,42.86,7
1036,8.2500,0.5953,1,32.00,25
1037,8.0100,0.5950,1,18.37,49
1038,9.5000,0.5947,1,20.00,50
1039,9.4100,0.5944,1,66.67,9
1040,7.0800,0.5941,1,11.96,92
1041,8.8900,0.5938,1,36.36,11
1042,8.8100,0.5936,1,36.84,19
1043,8.1000,0.5933,1,30.00,40
1044,8.0000,0.5930,1,16.00,50
1045,3.7900,0.5927,1,14.08,71
1046,6.0200,0.5924,1,25.00,48
1047,7.2100,0.5921,1,16.46,79
1048,8.2800,0.5918,1,40.91,22
1049,8.4500,0.5915,1,18.18,55
1050,8.1800,0.5912,1,28.12,32
1051,9.4300,0.5909,1,57.14,7
1052,9.9100,0.5906,1,44.44,9
1053,8.4700,0.5903,1,26.42,53
1054,8.2200,0.5900,1,28.57,28
1055,9.4800,0.5897,1,50.00,2
1056,8.9500,0.5894,1,16.36,55
1057,8.6300,0.5891,1,27.03,37
1058,5.2200,0.5888,1,14.10,78
1059,9.9100,0.5885,1,77.78,9
1060,9.9200,0.5882,1,62.50,8
1061,9.2000,0.5879,1,23.33,30
1062,9.9600,0.5876,1,50.00,4
1063,8.2400,0.5874,1,46.15,26
1064,9.6000,0.5871,1,17.50,40
1065,9.8800,0.5868,1,50.00,12
1066,8.8300,0.5865,1,29.41,17
1067,8.7300,0.5862,1,18.52,27
1068,7.8400,0.5859,1,37.50,16
1069,6.9600,0.5856,1,22.22,54
1070,9.9200,0.5853,1,50.00,8
1071,8.1600,0.5850,1,26.47,34
1072,8.8200,0.5847,1,44.44,18
1073,7.7600,0.5844,1,20.83,24
1074,9.3600,0.5841,1,64.29,14
1075,9.2100,0.5838,1,27.59,29
1076,9.1700,0.5835,1,36.36,33
1077,7.1600,0.5833,1,26.47,34
1078,7.6800,0.5830,1,25.00,32
1079,7.3200,0.5827,1,22.22,18
1080,9.4000,0.5824,1,50.00,10
1081,8.1500,0.5821,1,40.00,35
1082,9.7500,0.5818,1,52.00,25
1083,8.6500,0.5815,1,31.43,35
1084,7.7800,0.5812,1,45.45,22
1085,9.4100,0.5809,1,66.67,9
1086,6.7500,0.5806,1,8.00,25
1087,9.3400,0.5803,1,43.75,16
1088,8.7900,0.5801,1,42.86,21
1089,9.5200,0.5798,1,12.50,48
1090,9.8300,0.5795,1,29.41,17
1091,-3.0000,0.5792,0,0.00,100
1092,9.2900,0.5789,1,47.62,21
1093,8.2400,0.5786,1,42.31,26
1094,8.9300,0.5783,1,14.29,7
1095,9.7900,0.5780,1,33.33,21
1096,9.8800,0.5777,1,50.00,12
1097,7.7400,0.5774,1,15.38,26
1098,7.8200,0.5772,1,33.33,18
1099,9.2100,0.5769,1,34.48,29
1100,9.9400,0.5766,1,66.67,6
1101,9.4500,0.5763,1,80.00,5
1102,8.1200,0.5760,1,23.68,38
1103,9.9700,0.5757,1,100.00,3
1104,8.3300,0.5754,1,17.65,17
1105,9.9200,0.5751,1,25.00,8
1106,9.9600,0.5749,1,50.00,4
1107,9.2800,0.5746,1,59.09,22
1108,9.3500,0.5743,1,33.33,15
1109,9.7500,0.5740,1,24.00,25
1110,8.8900,0.5737,1,27.27,11
1111,9.2200,0.5734,1,39.29,28
1112,4.3300,0.5731,1,14.93,67
1113,9.2500,0.5728,1,18.67,75
1114,9.7500,0.5726,1,40.00,25
1115,9.7900,0.5723,1,52.38,21
1116,8.5000,0.5720,1,24.00,50
1117,8.7600,0.5717,1,16.67,24
1118,7.8500,0.5714,1,23.08,65
1119,7.6200,0.5711,1,10.53,38
1120,7.8000,0.5708,1,11.43,70
1121,9.7000,0.5706,1,33.33,30
1122,9.1800,0.5703,1,15.62,32
1123,5.9800,0.5700,1,26.92,52
1124,9.8700,0.5697,1,100.00,13
1125,9.8600,0.5694,1,57.14,14
1126,8.3300,0.5691,1,35.29,17
1127,8.6900,0.5688,1,29.03,31
1128,9.8400,0.5686,1,43.75,16
1129,8.7400,0.5683,1,42.31,26
1130,9.8600,0.5680,1,64.29,14
1131,9.3300,0.5677,1,58.82,17
1132,8.2700,0.5674,1,34.78,23
1133,8.6700,0.5671,1,27.27,33
1134,8.2000,0.5669,1,30.00,30
1135,7.9900,0.5666,1,21.57,51
1136,9.2700,0.5663,1,21.74,23
1137,9.7000,0.5660,1,50.00,30
1138,8.5600,0.5657,1,27.27,44
1139,9.9700,0.5654,1,33.33,3
1140,8.2800,0.5652,1,50.00,22
1141,8.5700,0.5649,1,20.93,43
1142,8.1500,0.5646,1,11.43,35
1143,8.8300,0.5643,1,52.94,17
1144,6.5000,0.5640,1,20.00,50
1145,9.9600,0.5638,1,50.00,4
1146,9.8000,0.5635,1,40.00,20
1147,9.4300,0.5632,1,42.86,7
1148,8.5200,0.5629,1,6.25,48
1149,9.9000,0.5626,1,20.00,10
1150,8.0900,0.5623,1,34.15,41
1151,4.1000,0.5621,1,15.00,40
1152,8.1900,0.5618,1,41.94,31
1153,8.6500,0.5615,1,17.14,35
1154,7.2100,0.5612,1,48.28,29
1155,9.7900,0.5609,1,52.38,21
1156,9.2800,0.5607,1,31.82,22
1157,8.1600,0.5604,1,20.59,34
1158,9.8600,0.5601,1,57.14,14
1159,9.2800,0.5598,1,45.45,22
1160,8.5900,0.5595,1,14.63,41
1161,9.1700,0.5593,1,36.36,33
1162,9.7900,0.5590,1,42.86,21
1163,7.9700,0.5587,1,22.64,53
1164,9.3200,0.5584,1,61.11,18
1165,9.4500,0.5581,1,80.00,5
1166,5.9400,0.5579,1,23.21,56
1167,7.2300,0.5576,1,3.70,27
1168,9.9500,0.5573,1,100.00,5
1169,8.3600,0.5570,1,21.43,14
1170,9.2200,0.5567,1,32.14,28
1171,7.3500,0.5565,1,18.46,65
1172,9.8900,0.5562,1,36.36,11
1173,9.4000,0.5559,1,60.00,10
1174,8.6900,0.5556,1,35.48,31
1175,9.7900,0.5554,1,42.86,21
1176,8.5300,0.5551,1,17.02,47
1177,9.3300,0.5548,1,35.29,17
1178,7.9400,0.5545,1,16.07,56
1179,8.4600,0.5542,1,20.37,54
1180,9.2700,0.5540,1,39.13,23
1181,8.7000,0.5537,1,40.00,30
1182,9.3300,0.5534,1,70.59,17
1183,9.2600,0.5531,1,20.83,24
1184,8.7000,0.5529,1,23.33,30
1185,8.2700,0.5526,1,30.43,23
1186,9.7600,0.5523,1,29.17,24
1187,9.7800,0.5520,1,45.45,22
1188,9.3700,0.5518,1,30.77,13
1189,9.0300,0.5515,1,27.66,47
1190,9.3900,0.5512,1,14.75,61
1191,7.4400,0.5509,1,19.64,56
1192,9.3800,0.5507,1,58.33,12
1193,7.0700,0.5504,1,23.26,43
1194,8.6700,0.5501,1,33.33,33
1195,9.9300,0.5498,1,71.43,7
1196,9.9800,0.5496,1,100.00,2
1197,-1.5000,0.5493,0,0.00,100
1198,9.3700,0.5490,1,46.15,13
1199,8.0200,0.5487,1,6.25,48
1200,6.2700,0.5485,1,26.09,23
1201,8.2800,0.5482,1,11.11,72
1202,8.8700,0.5479,1,46.15,13
1203,9.9200,0.5476,1,75.00,8
1204,8.1800,0.5474,1,28.12,32
1205,9.4000,0.5471,1,50.00,10
1206,7.9900,0.5468,1,15.69,51
1207,7.0600,0.5465,1,20.45,44
1208,9.9300,0.5463,1,71.43,7
1209,9.9700,0.5460,1,100.00,3
1210,8.3500,0.5457,1,20.00,15
1211,9.2900,0.5454,1,28.57,21
1212,8.2400,0.5452,1,26.92,26
1213,9.9400,0.5449,1,66.67,6
1214,9.0700,0.5446,1,30.23,43
1215,-6.5000,0.5444,0,0.00,100
1216,9.8000,0.5441,1,40.00,20
1217,9.1100,0.5438,1,25.64,39
1218,9.3100,0.5435,1,42.11,19
1219,6.4200,0.5433,1,22.41,58
1220,9.0900,0.5430,1,19.51,41
1221,6.6900,0.5427,1,41.94,31
1222,9.5600,0.5425,1,22.73,44
1223,7.7200,0.5422,1,10.71,28
1224,8.1400,0.5419,1,19.44,36
1225,9.9600,0.5416,1,50.00,4
1226,9.2300,0.5414,1,33.33,27
1227,9.3800,0.5411,1,41.67,12
1228,9.1700,0.5408,1,36.36,33
1229,8.6500,0.5406,1,37.14,35
1230,9.2200,0.5403,1,32.14,28
1231,8.5300,0.5400,1,17.02,47
1232,9.9900,0.5397,1,100.00,1
1233,8.8000,0.5395,1,30.00,20
1234,9.7900,0.5392,1,42.86,21
1235,9.9700,0.5389,1,100.00,3
1236,8.8100,0.5387,1,47.37,19
1237,9.2000,0.5384,1,36.67,30
1238,8.9400,0.5381,1,66.67,6
1239,7.0100,0.5379,1,26.53,49
1240,9.8400,0.5376,1,37.50,16
1241,8.6900,0.5373,1,35.48,31
1242,9.4900,0.5371,1,17.65,51
1243,9.2400,0.5368,1,19.23,26
1244,9.4700,0.5365,1,66.67,3
1245,8.1300,0.5362,1,32.43,37
1246,9.3500,0.5360,1,53.33,15
1247,9.9700,0.5357,1,100.00,3
1248,9.2800,0.5354,1,40.91,22
1249,9.9400,0.5352,1,33.33,6
1250,9.9900,0.5349,1,100.00,1
1251,9.9700,0.5346,1,33.33,3
1252,9.3100,0.5344,1,42.11,19
1253,9.7600,0.5341,1,41.67,24
1254,8.7500,0.5338,1,40.00,25
1255,8.5700,0.5336,1,25.58,43
1256,8.7300,0.5333,1,40.74,27
1257,8.7900,0.5330,1,52.38,21
1258,9.3600,0.5328,1,35.71,14
1259,9.9400,0.5325,1,66.67,6
1260,7.3100,0.5322,1,20.29,69
1261,9.4100,0.5320,1,66.67,9
1262,8.6500,0.5317,1,9.41,85
1263,8.7100,0.5314,1,15.19,79
1264,9.3800,0.5312,1,58.33,12
1265,7.6100,0.5309,1,33.33,39
1266,9.8800,0.5306,1,50.00,12
1267,9.3700,0.5304,1,46.15,13
1268,9.8600,0.5301,1,42.86,14
1269,9.7200,0.5299,1,35.71,28
1270,9.2000,0.5296,1,23.33,30
1271,8.8400,0.5293,1,37.50,16
1272,9.1800,0.5291,1,28.12,32
1273,9.9800,0.5288,1,100.00,2
1274,9.9900,0.5285,1,100.00,1
1275,9.2700,0.5283,1,52.17,23
1276,6.2500,0.5280,1,17.33,75
1277,8.2100,0.5277,1,48.28,29
1278,9.6000,0.5275,1,37.50,40
1279,9.8900,0.5272,1,36.36,11
1280,9.3500,0.5269,1,40.00,15
1281,9.9800,0.5267,1,100.00,2
1282,9.2200,0.5264,1,39.29,28
1283,9.9500,0.5262,1,100.00,5
1284,8.6500,0.5259,1,28.57,35
1285,9.1100,0.5256,1,25.64,39
1286,9.9700,0.5254,1,100.00,3
1287,9.9200,0.5251,1,75.00,8
1288,9.7700,0.5248,1,39.13,23
1289,9.9200,0.5246,1,75.00,8
1290,9.3900,0.5243,1,90.91,11
1291,8.2700,0.5241,1,34.78,23
1292,9.6800,0.5238,1,46.88,32
1293,5.1700,0.5235,1,15.66,83
1294,-5.0000,0.5233,0,0.00,100
1295,9.9300,0.5230,1,100.00,7
1296,9.3000,0.5227,1,45.00,20
1297,9.8600,0.5225,1,42.86,14
1298,9.9500,0.5222,1,20.00,5
1299,-5.0000,0.5220,0,0.00,100
1300,9.3900,0.5217,1,54.55,11
1301,9.3700,0.5214,1,61.54,13
1302,9.8700,0.5212,1,53.85,13
1303,9.1300,0.5209,1,32.43,37
1304,8.6500,0.5207,1,25.71,35
1305,9.9600,0.5204,1,100.00,4
1306,8.0800,0.5201,1,23.81,42
1307,8.8800,0.5199,1,50.00,12
1308,8.2500,0.5196,1,24.00,25
1309,8.6500,0.5194,1,25.71,35
1310,9.9900,0.5191,1,100.00,1
1311,9.8700,0.5188,1,69.23,13
1312,8.7300,0.5186,1,25.93,27
1313,9.3900,0.5183,1,36.36,11
1314,9.8800,0.5181,1,75.00,12
1315,8.3400,0.5178,1,56.25,16
1316,9.8000,0.5175,1,30.00,20
1317,8.7500,0.5173,1,36.00,25
1318,8.7900,0.5170,1,9.52,21
1319,9.8800,0.5168,1,50.00,12
1320,9.1200,0.5165,1,18.42,38
1321,9.6600,0.5162,1,32.35,34
1322,9.3600,0.5160,1,50.00,14
1323,9.9800,0.5157,1,100.00,2
1324,9.9700,0.5155,1,33.33,3
1325,7.5800,0.5152,1,28.57,42
1326,8.1700,0.5150,1,36.36,33
1327,9.2800,0.5147,1,40.91,22
1328,9.3200,0.5144,1,61.11,18
1329,9.9900,0.5142,1,100.00,1
1330,9.1800,0.5139,1,28.12,32
1331,7.1100,0.5137,1,33.33,39
1332,8.6000,0.5134,1,20.00,40
1333,9.2400,0.5132,1,42.31,26
1334,9.9500,0.5129,1,60.00,5
1335,9.3000,0.5126,1,35.00,20
1336,9.4100,0.5124,1,44.44,9
1337,9.8400,0.5121,1,12.50,16
1338,7.6700,0.5119,1,39.39,33
1339,8.8100,0.5116,1,15.79,19
1340,8.8100,0.5114,1,31.58,19
1341,9.3400,0.5111,1,56.25,16
1342,9.8700,0.5109,1,69.23,13
1343,9.8300,0.5106,1,52.94,17
1344,9.3700,0.5103,1,46.15,13
1345,8.1300,0.5101,1,32.43,37
1346,8.7800,0.5098,1,45.45,22
1347,6.6000,0.5096,1,32.50,40
1348,9.0900,0.5093,1,29.27,41
1349,9.8000,0.5091,1,55.00,20
1350,9.4100,0.5088,1,44.44,9
1351,9.9000,0.5086,1,40.00,10
1352,8.8000,0.5083,1,50.00,20
1353,9.9800,0.5081,1,100.00,2
1354,9.8700,0.5078,1,69.23,13
1355,9.3400,0.5075,1,31.25,16
1356,9.2200,0.5073,1,32.14,28
1357,9.4500,0.5070,1,80.00,5
1358,9.1900,0.5068,1,38.71,31
1359,8.7200,0.5065,1,28.57,28
1360,8.7100,0.5063,1,20.69,29
1361,7.6600,0.5060,1,29.41,34
1362,9.2400,0.5058,1,53.85,26
1363,9.3900,0.5055,1,18.03,61
1364,9.9500,0.5053,1,100.00,5
1365,8.8500,0.5050,1,73.33,15
1366,9.8600,0.5048,1,42.86,14
1367,7.9800,0.5045,1,21.15,52
1368,9.4200,0.5043,1,25.00,8
1369,9.8000,0.5040,1,35.00,20
1370,9.9100,0.5038,1,77.78,9
1371,8.4100,0.5035,1,10.17,59
1372,8.7000,0.5032,1,46.67,30
1373,9.7700,0.5030,1,39.13,23
1374,9.9700,0.5027,1,33.33,3
1375,9.1300,0.5025,1,29.73,37
1376,8.6800,0.5022,1,18.75,32
1377,9.3800,0.5020,1,25.00,12
1378,9.8000,0.5017,1,50.00,20
1379,8.7500,0.5015,1,20.00,25
1380,9.9500,0.5012,1,40.00,5
1381,9.3100,0.5010,1,42.11,19
1382,8.3500,0.5007,1,20.00,15
1383,9.7900,0.5005,1,52.38,21
1384,9.3100,0.5002,1,21.05,19
1385,9.8300,0.5000,1,52.94,17
1386,9.4500,0.4997,1,40.00,5
1387,9.9000,0.4995,1,60.00,10
1388,7.7600,0.4992,1,25.00,24
1389,9.3700,0.4990,1,46.15,13
1390,8.6900,0.4987,1,35.48,31
1391,7.5700,0.4985,1,20.93,43
1392,9.8600,0.4982,1,71.43,14
1393,8.2400,0.4980,1,42.31,26
1394,9.8200,0.4977,1,33.33,18
1395,7.5800,0.4975,1,23.81,42
1396,9.3600,0.4972,1,78.57,14
1397,9.3700,0.4970,1,76.92,13
1398,9.9700,0.4967,1,33.33,3
1399,8.2100,0.4965,1,20.69,29
1400,8.3900,0.4963,1,72.73,11
1401,9.8200,0.4960,1,55.56,18
1402,9.2500,0.4958,1,24.00,25
1403,9.8300,0.4955,1,35.29,17
1404,8.7300,0.4953,1,48.15,27
1405,9.8300,0.4950,1,64.71,17
1406,8.8000,0.4948,1,30.00,20
1407,9.9500,0.4945,1,60.00,5
1408,9.3800,0.4943,1,41.67,12
1409,8.2500,0.4940,1,24.00,25
1410,8.7700,0.4938,1,56.52,23
1411,9.3100,0.4935,1,52.63,19
1412,9.3000,0.4933,1,55.00,20
1413,9.7300,0.4930,1,44.44,27
1414,9.9800,0.4928,1,100.00,2
1415,9.2200,0.4925,1,39.29,28
1416,9.4200,0.4923,1,87.50,8
1417,9.4000,0.4920,1,50.00,10
1418,9.8600,0.4918,1,71.43,14
1419,9.8100,0.4916,1,52.63,19
1420,9.9200,0.4913,1,75.00,8
1421,9.4800,0.4911,1,17.31,52
1422,9.3800,0.4908,1,50.00,12
1423,9.7600,0.4906,1,33.33,24
1424,6.7900,0.4903,1,52.38,21
1425,9.0900,0.4901,1,24.39,41
1426,9.7800,0.4898,1,22.73,22
1427,9.2000,0.4896,1,36.67,30
1428,9.8600,0.4893,1,28.57,14
1429,9.6400,0.4891,1,33.33,36
1430,-2.5000,0.4889,0,0.00,100
1431,9.2400,0.4886,1,34.62,26
1432,9.3600,0.4884,1,64.29,14
1433,7.9400,0.4881,1,10.71,56
1434,8.2300,0.4879,1,37.04,27
1435,9.7500,0.4876,1,28.00,25
1436,9.3600,0.4874,1,35.71,14
1437,8.2500,0.4872,1,44.00,25
1438,9.6600,0.4869,1,20.59,34
1439,9.3400,0.4867,1,31.25,16
1440,9.2900,0.4864,1,23.81,21
1441,7.8300,0.4862,1,11.94,67
1442,9.9200,0.4859,1,50.00,8
1443,7.8100,0.4857,1,15.79,19
1444,9.0600,0.4854,1,25.00,44
1445,7.6800,0.4852,1,25.00,32
1446,8.9000,0.4850,1,40.00,10
1447,9.2900,0.4847,1,47.62,21
1448,9.8400,0.4845,1,75.00,16
1449,9.9400,0.4842,1,66.67,6
1450,8.2000,0.4840,1,36.67,30
1451,9.4300,0.4838,1,71.43,7
1452,9.9500,0.4835,1,100.00,5
1453,9.9700,0.4833,1,33.33,3
1454,7.0700,0.4830,1,30.23,43
1455,9.9400,0.4828,1,66.67,6
1456,9.9400,0.4825,1,33.33,6
1457,9.2200,0.4823,1,28.57,28
1458,9.9100,0.4821,1,22.22,9
1459,9.8700,0.4818,1,46.15,13
1460,9.9400,0.4816,1,100.00,6
1461,9.8900,0.4813,1,63.64,11
1462,9.7600,0.4811,1,50.00,24
1463,9.9200,0.4809,1,50.00,8
1464,8.8000,0.4806,1,25.00,20
1465,9.8900,0.4804,1,81.82,11
1466,7.9300,0.4801,1,21.05,57
1467,9.9100,0.4799,1,55.56,9
1468,9.8700,0.4797,1,69.23,13
1469,9.9800,0.4794,1,100.00,2
1470,8.5900,0.4792,1,31.71,41
1471,9.3400,0.4789,1,43.75,16
1472,9.4500,0.4787,1,80.00,5
1473,9.9300,0.4785,1,100.00,7
1474,7.3300,0.4782,1,35.29,17
1475,9.8100,0.4780,1,63.16,19
1476,9.9200,0.4777,1,75.00,8
1477,9.8900,0.4775,1,63.64,11
1478,9.8500,0.4773,1,73.33,15
1479,8.6900,0.4770,1,35.48,31
1480,9.2600,0.4768,1,37.50,24
1481,9.9300,0.4765,1,28.57,7
1482,9.0900,0.4763,1,31.71,41
1483,9.9000,0.4761,1,80.00,10
1484,9.2700,0.4758,1,43.48,23
1485,8.8200,0.4756,1,55.56,18
1486,8.8200,0.4754,1,44.44,18
1487,9.3900,0.4751,1,54.55,11
1488,9.9900,0.4749,1,100.00,1
1489,9.3900,0.4746,1,54.55,11
1490,9.8800,0.4744,1,100.00,12
1491,9.1600,0.4742,1,26.47,34
1492,7.8300,0.4739,1,64.71,17
1493,8.8800,0.4737,1,16.67,12
1494,9.3200,0.4735,1,61.11,18
1495,9.9000,0.4732,1,80.00,10
1496,8.2000,0.4730,1,26.67,30
1497,9.8900,0.4728,1,9.09,11
1498,8.6300,0.4725,1,27.03,37
1499,9.4600,0.4723,1,25.00,4
1500,9.2900,0.4720,1,47.62,21
1501,8.8500,0.4718,1,46.67,15
1502,8.3100,0.4716,1,5.26,19
1503,9.7500,0.4713,1,52.00,25
1504,9.8300,0.4711,1,52.94,17
1505,9.9300,0.4709,1,42.86,7
1506,9.9700,0.4706,1,100.00,3
1507,9.7200,0.4704,1,32.14,28
1508,9.3600,0.4702,1,64.29,14
1509,9.9400,0.4699,1,66.67,6
1510,8.8600,0.4697,1,14.29,14
1511,9.8900,0.4695,1,81.82,11
1512,9.8500,0.4692,1,73.33,15
1513,9.3100,0.4690,1,63.16,19
1514,9.8400,0.4687,1,62.50,16
1515,8.3600,0.4685,1,21.43,14
1516,8.2600,0.4683,1,25.00,24
1517,9.9800,0.4680,1,100.00,2
1518,9.7500,0.4678,1,52.00,25
1519,9.9400,0.4676,1,100.00,6
1520,9.8900,0.4673,1,81.82,11
1521,9.1900,0.4671,1,16.13,31
1522,9.8900,0.4669,1,100.00,11
1523,9.8800,0.4666,1,33.33,12
1524,9.8500,0.4664,1,46.67,15
1525,9.9500,0.4662,1,60.00,5
1526,9.9700,0.4659,1,100.00,3
1527,8.7400,0.4657,1,46.15,26
1528,9.9600,0.4655,1,50.00,4
1529,8.9400,0.4652,1,66.67,6
1530,8.8200,0.4650,1,27.78,18
1531,8.6600,0.4648,1,32.35,34
1532,9.8500,0.4645,1,46.67,15
1533,9.8600,0.4643,1,57.14,14
1534,9.8800,0.4641,1,50.00,12
1535,8.9400,0.4639,1,66.67,6
1536,9.9800,0.4636,1,100.00,2
1537,9.2400,0.4634,1,34.62,26
1538,9.9400,0.4632,1,100.00,6
1539,9.4000,0.4629,1,60.00,10
1540,8.2800,0.4627,1,50.00,22
1541,9.9400,0.4625,1,100.00,6
1542,9.7900,0.4622,1,71.43,21
1543,9.2900,0.4620,1,47.62,21
1544,9.8700,0.4618,1,69.23,13
1545,9.8700,0.4615,1,53.85,13
1546,8.6700,0.4613,1,33.33,33
1547,9.8300,0.4611,1,64.71,17
1548,8.1700,0.4608,1,42.42,33
1549,8.2800,0.4606,1,50.00,22
1550,9.8500,0.4604,1,53.33,15
1551,9.9300,0.4602,1,100.00,7
1552,9.2200,0.4599,1,35.71,28
1553,9.3100,0.4597,1,15.79,19
1554,9.7800,0.4595,1,63.64,22
1555,9.9700,0.4592,1,100.00,3
1556,9.9800,0.4590,1,100.00,2
1557,9.3400,0.4588,1,68.75,16
1558,8.2400,0.4585,1,50.00,26
1559,9.7800,0.4583,1,45.45,22
1560,9.8100,0.4581,1,36.84,19
1561,9.8400,0.4579,1,50.00,16
1562,9.6500,0.4576,1,40.00,35
1563,9.7800,0.4574,1,50.00,22
1564,8.2200,0.4572,1,35.71,28
1565,8.7600,0.4569,1,50.00,24
1566,9.4600,0.4567,1,75.00,4
1567,9.2900,0.4565,1,38.10,21
1568,9.3200,0.4563,1,55.56,18
1569,8.9300,0.4560,1,57.14,7
1570,9.9500,0.4558,1,60.00,5
1571,7.1700,0.4556,1,30.30,33
1572,9.7400,0.4553,1,30.77,26
1573,9.9300,0.4551,1,71.43,7
1574,9.3900,0.4549,1,36.36,11
1575,9.7900,0.4547,1,42.86,21
1576,8.7100,0.4544,1,44.83,29
1577,9.2300,0.4542,1,40.74,27
1578,9.7900,0.4540,1,23.81,21
1579,9.8700,0.4538,1,53.85,13
1580,9.8500,0.4535,1,73.33,15
1581,9.9100,0.4533,1,77.78,9
1582,9.4100,0.4531,1,88.89,9
1583,9.9100,0.4528,1,77.78,9
1584,9.7900,0.4526,1,42.86,21
1585,9.8700,0.4524,1,84.62,13
1586,9.7700,0.4522,1,34.78,23
1587,9.9600,0.4519,1,100.00,4
1588,8.8200,0.4517,1,66.67,18
1589,8.7100,0.4515,1,51.72,29
1590,9.3400,0.4513,1,56.25,16
1591,9.6400,0.4510,1,33.33,36
1592,8.0900,0.4508,1,24.39,41
1593,9.9500,0.4506,1,60.00,5
1594,9.8600,0.4504,1,71.43,14
1595,9.4000,0.4501,1,50.00,10
1596,8.0200,0.4499,1,18.75,48
1597,9.2900,0.4497,1,57.14,21
1598,9.3700,0.4495,1,61.54,13
1599,9.3000,0.4492,1,45.00,20
1600,7.1200,0.4490,1,13.16,38
1601,8.6400,0.4488,1,25.00,36
1602,9.9400,0.4486,1,33.33,6
1603,9.8800,0.4483,1,50.00,12
1604,8.5500,0.4481,1,26.67,45
1605,9.9300,0.4479,1,71.43,7
1606,9.3800,0.4477,1,58.33,12
1607,8.6900,0.4474,1,41.94,31
1608,9.8700,0.4472,1,69.23,13
1609,9.9100,0.4470,1,55.56,9
1610,9.8300,0.4468,1,52.94,17
1611,9.9800,0.4466,1,100.00,2
1612,9.7400,0.4463,1,38.46,26
1613,8.7700,0.4461,1,47.83,23
1614,7.8000,0.4459,1,45.00,20
1615,9.9900,0.4457,1,100.00,1
1616,9.7800,0.4454,1,36.36,22
1617,9.3100,0.4452,1,57.89,19
1618,9.8600,0.4450,1,71.43,14
1619,7.2700,0.4448,1,56.52,23
1620,9.8300,0.4445,1,70.59,17
1621,9.2000,0.4443,1,13.33,30
1622,9.3000,0.4441,1,55.00,20
1623,9.3700,0.4439,1,53.85,13
1624,9.6000,0.4437,1,22.50,40
1625,9.9900,0.4434,1,100.00,1
1626,9.3600,0.4432,1,50.00,14
1627,9.4500,0.4430,1,80.00,5
1628,9.3000,0.4428,1,45.00,20
1629,9.7800,0.4425,1,36.36,22
1630,9.9000,0.4423,1,80.00,10
1631,8.2800,0.4421,1,59.09,22
1632,9.9200,0.4419,1,100.00,8
1633,9.3200,0.4417,1,50.00,18
1634,9.6200,0.4414,1,23.68,38
1635,9.3100,0.4412,1,63.16,19
1636,9.9200,0.4410,1,75.00,8
1637,8.8300,0.4408,1,52.94,17
1638,9.8600,0.4406,1,42.86,14
1639,9.9800,0.4403,1,100.00,2
1640,8.2900,0.4401,1,47.62,21
1641,8.8700,0.4399,1,30.77,13
1642,9.9100,0.4397,1,55.56,9
1643,9.3000,0.4395,1,40.00,20
1644,7.3100,0.4392,1,52.63,19
1645,9.9100,0.4390,1,33.33,9
1646,9.2900,0.4388,1,57.14,21
1647,9.4400,0.4386,1,50.00,6
1648,8.7300,0.4384,1,40.74,27
1649,9.3800,0.4381,1,91.67,12
1650,9.8400,0.4379,1,43.75,16
1651,7.7100,0.4377,1,44.83,29
1652,9.9500,0.4375,1,100.00,5
1653,9.7600,0.4373,1,33.33,24
1654,9.3400,0.4371,1,62.50,16
1655,9.3200,0.4368,1,38.89,18
1656,9.4300,0.4366,1,28.57,7
1657,8.7400,0.4364,1,42.31,26
1658,7.6100,0.4362,1,30.77,39
1659,9.9400,0.4360,1,100.00,6
1660,7.6900,0.4357,1,38.71,31
1661,9.8800,0.4355,1,66.67,12
1662,9.9100,0.4353,1,100.00,9
1663,9.8200,0.4351,1,77.78,18
1664,9.7700,0.4349,1,65.22,23
1665,9.7200,0.4347,1,35.71,28
1666,9.9100,0.4344,1,11.11,9
1667,9.8700,0.4342,1,84.62,13
1668,9.9200,0.4340,1,50.00,8
1669,9.9700,0.4338,1,100.00,3
1670,9.9000,0.4336,1,100.00,10
1671,9.9300,0.4334,1,85.71,7
1672,9.4400,0.4331,1,83.33,6
1673,9.9100,0.4329,1,100.00,9
1674,9.4000,0.4327,1,50.00,10
1675,7.6800,0.4325,1,31.25,32
1676,8.2100,0.4323,1,41.38,29
1677,9.4000,0.4321,1,50.00,10
1678,9.7900,0.4318,1,61.90,21
1679,9.9000,0.4316,1,100.00,10
1680,9.9000,0.4314,1,60.00,10
1681,9.4000,0.4312,1,90.00,10
1682,9.8000,0.4310,1,50.00,20
1683,9.2200,0.4308,1,32.14,28
1684,9.3200,0.4305,1,61.11,18
1685,9.9800,0.4303,1,100.00,2
1686,9.2300,0.4301,1,44.44,27
1687,9.2200,0.4299,1,39.29,28
1688,9.9400,0.4297,1,66.67,6
1689,9.9100,0.4295,1,55.56,9
1690,7.8200,0.4293,1,33.33,18
1691,9.7100,0.4290,1,24.14,29
1692,9.8900,0.4288,1,45.45,11
1693,9.3200,0.4286,1,50.00,18
1694,8.2900,0.4284,1,47.62,21
1695,9.3600,0.4282,1,64.29,14
1696,9.9200,0.4280,1,62.50,8
1697,9.7400,0.4278,1,30.77,26
1698,9.7700,0.4275,1,47.83,23
1699,9.8100,0.4273,1,63.16,19
1700,8.6700,0.4271,1,42.42,33
1701,9.2900,0.4269,1,47.62,21
1702,9.9600,0.4267,1,50.00,4
1703,9.9600,0.4265,1,100.00,4
1704,9.9300,0.4263,1,42.86,7
1705,9.8800,0.4260,1,66.67,12
1706,9.8200,0.4258,1,83.33,18
1707,9.9000,0.4256,1,80.00,10
1708,9.4600,0.4254,1,75.00,4
1709,9.4000,0.4252,1,50.00,10
1710,9.7400,0.4250,1,46.15,26
1711,9.9400,0.4248,1,66.67,6
1712,9.7800,0.4246,1,36.36,22
1713,8.7400,0.4243,1,38.46,26
1714,9.8500,0.4241,1,46.67,15
1715,9.2700,0.4239,1,34.78,23
1716,7.8600,0.4237,1,42.86,14
1717,9.9300,0.4235,1,42.86,7
1718,9.8500,0.4233,1,86.67,15
1719,9.3700,0.4231,1,46.15,13
1720,8.7800,0.4229,1,36.36,22
1721,8.3200,0.4226,1,61.11,18
1722,9.9400,0.4224,1,66.67,6
1723,9.9700,0.4222,1,100.00,3
1724,9.8900,0.4220,1,81.82,11
1725,9.3200,0.4218,1,61.11,18
1726,8.2500,0.4216,1,32.00,25
1727,8.7500,0.4214,1,48.00,25
1728,9.9600,0.4212,1,100.00,4
1729,9.7800,0.4210,1,27.27,22
1730,8.4200,0.4207,1,62.50,8
1731,9.2600,0.4205,1,45.83,24
1732,8.9400,0.4203,1,66.67,6
1733,9.3400,0.4201,1,43.75,16
1734,9.8300,0.4199,1,64.71,17
1735,9.8700,0.4197,1,69.23,13
1736,8.4200,0.4195,1,62.50,8
1737,9.9600,0.4193,1,100.00,4
1738,9.8500,0.4191,1,100.00,15
1739,9.2000,0.4189,1,36.67,30
1740,9.9500,0.4187,1,80.00,5
1741,8.9400,0.4184,1,66.67,6
1742,8.8600,0.4182,1,71.43,14
1743,9.8100,0.4180,1,31.58,19
1744,9.9500,0.4178,1,100.00,5
1745,9.9100,0.4176,1,88.89,9
1746,8.8300,0.4174,1,52.94,17
1747,9.9100,0.4172,1,77.78,9
1748,9.3300,0.4170,1,35.29,17
1749,9.3000,0.4168,1,55.00,20
1750,9.9200,0.4166,1,50.00,8
1751,9.8200,0.4164,1,55.56,18
1752,9.9100,0.4161,1,55.56,9
1753,9.7900,0.4159,1,52.38,21
1754,9.4200,0.4157,1,87.50,8
1755,9.8800,0.4155,1,83.33,12
1756,8.2700,0.4153,1,56.52,23
1757,9.3200,0.4151,1,50.00,18
1758,9.8300,0.4149,1,76.47,17
1759,9.3400,0.4147,1,56.25,16
1760,9.9700,0.4145,1,33.33,3
1761,9.8500,0.4143,1,60.00,15
1762,9.8700,0.4141,1,69.23,13
1763,9.7400,0.4139,1,46.15,26
1764,9.9700,0.4137,1,100.00,3
1765,9.9300,0.4134,1,100.00,7
1766,9.8800,0.4132,1,83.33,12
1767,9.4300,0.4130,1,57.14,7
1768,9.8300,0.4128,1,64.71,17
1769,9.9700,0.4126,1,100.00,3
1770,9.3000,0.4124,1,45.00,20
1771,8.8200,0.4122,1,66.67,18
1772,8.8600,0.4120,1,50.00,14
1773,9.3300,0.4118,1,70.59,17
1774,9.9000,0.4116,1,80.00,10
1775,8.8300,0.4114,1,52.94,17
1776,9.8700,0.4112,1,84.62,13
1777,8.8800,0.4110,1,50.00,12
1778,9.9500,0.4108,1,100.00,5
1779,9.8800,0.4106,1,66.67,12
1780,9.9800,0.4104,1,100.00,2
1781,9.9000,0.4102,1,60.00,10
1782,9.4200,0.4099,1,87.50,8
1783,9.2000,0.4097,1,36.67,30
1784,9.9700,0.4095,1,100.00,3
1785,9.9400,0.4093,1,83.33,6
1786,8.8400,0.4091,1,62.50,16
1787,8.2800,0.4089,1,50.00,22
1788,8.8600,0.4087,1,42.86,14
1789,9.8300,0.4085,1,35.29,17
1790,9.8900,0.4083,1,45.45,11
1791,9.3100,0.4081,1,63.16,19
1792,9.4100,0.4079,1,66.67,9
1793,9.7900,0.4077,1,52.38,21
1794,9.4400,0.4075,1,83.33,6
1795,9.8400,0.4073,1,75.00,16
1796,9.9800,0.4071,1,100.00,2
1797,9.8500,0.4069,1,73.33,15
1798,9.9200,0.4067,1,50.00,8
1799,9.1100,0.4065,1,35.90,39
1800,9.9900,0.4063,1,100.00,1
1801,9.9300,0.4061,1,28.57,7
1802,8.7500,0.4059,1,40.00,25
1803,9.9200,0.4057,1,75.00,8
1804,8.8100,0.4055,1,57.89,19
1805,9.8100,0.4053,1,63.16,19
1806,9.4100,0.4051,1,88.89,9
1807,9.4400,0.4049,1,83.33,6
1808,9.8900,0.4047,1,63.64,11
1809,9.6800,0.4045,1,31.25,32
1810,9.3000,0.4042,1,65.00,20
1811,8.7600,0.4040,1,58.33,24
1812,9.8700,0.4038,1,69.23,13
1813,9.9900,0.4036,1,100.00,1
1814,9.2100,0.4034,1,34.48,29
1815,8.8000,0.4032,1,60.00,20
1816,9.9200,0.4030,1,87.50,8
1817,8.7700,0.4028,1,39.13,23
1818,7.8300,0.4026,1,64.71,17
1819,8.8400,0.4024,1,37.50,16
1820,9.2500,0.4022,1,40.00,25
1821,9.3100,0.4020,1,52.63,19
1822,9.9800,0.4018,1,100.00,2
1823,8.8600,0.4016,1,57.14,14
1824,9.9900,0.4014,1,100.00,1
1825,9.3100,0.4012,1,63.16,19
1826,9.3300,0.4010,1,58.82,17
1827,9.8700,0.4008,1,84.62,13
1828,8.2800,0.4006,1,50.00,22
1829,9.9800,0.4004,1,100.00,2
1830,7.8200,0.4002,1,33.33,18
1831,8.6400,0.4000,1,33.33,36
1832,9.5000,0.3998,1,18.00,50
1833,9.8800,0.3996,1,50.00,12
1834,9.9800,0.3994,1,100.00,2
1835,9.9300,0.3992,1,71.43,7
1836,9.8100,0.3990,1,78.95,19
1837,9.8000,0.3988,1,60.00,20
1838,9.8100,0.3986,1,68.42,19
1839,9.9800,0.3984,1,100.00,2
1840,9.8800,0.3982,1,66.67,12
1841,8.8300,0.3980,1,52.94,17
1842,9.9100,0.3978,1,77.78,9
1843,9.4000,0.3976,1,30.00,10
1844,9.7800,0.3974,1,27.27,22
1845,9.4100,0.3972,1,66.67,9
1846,9.7400,0.3970,1,30.77,26
1847,9.9100,0.3968,1,55.56,9
1848,9.1100,0.3966,1,25.64,39
1849,9.8600,0.3964,1,42.86,14
1850,9.9600,0.3962,1,100.00,4
1851,9.9300,0.3960,1,14.29,7
1852,9.9100,0.3958,1,100.00,9
1853,9.4000,0.3956,1,90.00,10
1854,9.6700,0.3954,1,27.27,33
1855,9.8100,0.3953,1,36.84,19
1856,9.8300,0.3951,1,52.94,17
1857,9.9500,0.3949,1,100.00,5
1858,9.3600,0.3947,1,64.29,14
1859,9.8000,0.3945,1,60.00,20
1860,9.9200,0.3943,1,75.00,8
1861,9.9400,0.3941,1,100.00,6
1862,9.3000,0.3939,1,55.00,20
1863,8.8500,0.3937,1,46.67,15
1864,9.9900,0.3935,1,100.00,1
1865,9.9700,0.3933,1,100.00,3
1866,9.9100,0.3931,1,100.00,9
1867,9.8900,0.3929,1,81.82,11
1868,9.8100,0.3927,1,36.84,19
1869,9.7700,0.3925,1,47.83,23
1870,9.6600,0.3923,1,41.18,34
1871,9.3300,0.3921,1,76.47,17
1872,9.9600,0.3919,1,100.00,4
1873,9.9000,0.3917,1,70.00,10
1874,9.8400,0.3915,1,25.00,16
1875,9.9200,0.3913,1,75.00,8
1876,9.8600,0.3911,1,71.43,14
1877,8.6900,0.3909,1,41.94,31
1878,9.8600,0.3907,1,42.86,14
1879,9.7200,0.3905,1,46.43,28
1880,9.3600,0.3903,1,64.29,14
1881,9.3600,0.3901,1,78.57,14
1882,9.3400,0.3900,1,68.75,16
1883,9.8800,0.3898,1,83.33,12
1884,9.7300,0.3896,1,51.85,27
1885,9.3500,0.3894,1,53.33,15
1886,9.9100,0.3892,1,77.78,9
1887,8.6900,0.3890,1,35.48,31
1888,8.9300,0.3888,1,42.86,7
1889,9.9900,0.3886,1,100.00,1
1890,9.2800,0.3884,1,50.00,22
1891,9.9900,0.3882,1,100.00,1
1892,9.9500,0.3880,1,60.00,5
1893,9.8600,0.3878,1,42.86,14
1894,9.7800,0.3876,1,45.45,22
1895,9.8900,0.3874,1,45.45,11
1896,9.8400,0.3872,1,75.00,16
1897,9.9700,0.3870,1,100.00,3
1898,9.3500,0.3868,1,46.67,15
1899,9.9000,0.3866,1,60.00,10
1900,9.4100,0.3865,1,66.67,9
1901,9.2900,0.3863,1,47.62,21
1902,9.9300,0.3861,1,71.43,7
1903,9.7800,0.3859,1,36.36,22
1904,9.9800,0.3857,1,100.00,2
1905,8.8800,0.3855,1,50.00,12
1906,9.2900,0.3853,1,38.10,21
1907,9.8800,0.3851,1,50.00,12
1908,9.9300,0.3849,1,100.00,7
1909,9.7800,0.3847,1,54.55,22
1910,9.9500,0.3845,1,100.00,5
1911,9.9400,0.3843,1,66.67,6
1912,9.9600,0.3841,1,100.00,4
1913,9.3000,0.3840,1,45.00,20
1914,9.3200,0.3838,1,44.44,18
1915,8.7300,0.3836,1,44.44,27
1916,9.3400,0.3834,1,68.75,16
1917,9.9000,0.3832,1,100.00,10
1918,9.4500,0.3830,1,40.00,5
1919,9.1400,0.3828,1,25.00,36
1920,9.8800,0.3826,1,66.67,12
1921,9.8400,0.3824,1,68.75,16
1922,9.3000,0.3822,1,35.00,20
1923,8.7100,0.3820,1,31.03,29
1924,9.2900,0.3818,1,57.14,21
1925,9.1700,0.3817,1,36.36,33
1926,9.3400,0.3815,1,68.75,16
1927,9.8100,0.3813,1,42.11,19
1928,9.9000,0.3811,1,60.00,10
1929,9.7700,0.3809,1,60.87,23
1930,9.8800,0.3807,1,66.67,12
1931,9.8800,0.3805,1,83.33,12
1932,9.9500,0.3803,1,60.00,5
1933,9.9900,0.3801,1,100.00,1
1934,9.8800,0.3799,1,66.67,12
1935,9.2600,0.3798,1,54.17,24
1936,9.2400,0.3796,1,46.15,26
1937,9.8200,0.3794,1,55.56,18
1938,9.7900,0.3792,1,61.90,21
1939,9.9200,0.3790,1,100.00,8
1940,9.9100,0.3788,1,100.00,9
1941,9.9300,0.3786,1,42.86,7
1942,7.7700,0.3784,1,47.83,23
1943,9.3800,0.3782,1,91.67,12
1944,9.4500,0.3780,1,80.00,5
1945,9.9200,0.3779,1,50.00,8
1946,9.4200,0.3777,1,62.50,8
1947,9.9400,0.3775,1,100.00,6
1948,9.2900,0.3773,1,61.90,21
1949,9.9300,0.3771,1,57.14,7
1950,9.9900,0.3769,1,100.00,1
1951,9.8600,0.3767,1,57.14,14
1952,9.9200,0.3765,1,100.00,8
1953,9.2800,0.3763,1,50.00,22
1954,9.8700,0.3762,1,69.23,13
1955,9.9800,0.3760,1,100.00,2
1956,9.8500,0.3758,1,66.67,15
1957,9.9700,0.3756,1,33.33,3
1958,9.7900,0.3754,1,61.90,21
1959,9.9100,0.3752,1,77.78,9
1960,9.9000,0.3750,1,50.00,10
1961,9.2800,0.3748,1,27.27,22
1962,9.7100,0.3747,1,17.24,29
1963,8.7300,0.3745,1,48.15,27
1964,9.9500,0.3743,1,60.00,5
1965,9.8800,0.3741,1,50.00,12
1966,9.8600,0.3739,1,42.86,14
1967,9.4600,0.3737,1,75.00,4
1968,8.2000,0.3735,1,36.67,30
1969,9.9600,0.3733,1,100.00,4
1970,9.8600,0.3732,1,71.43,14
1971,9.3000,0.3730,1,45.00,20
1972,9.9200,0.3728,1,50.00,8
1973,9.9000,0.3726,1,100.00,10
1974,9.3700,0.3724,1,76.92,13
1975,9.8800,0.3722,1,66.67,12
1976,9.9200,0.3720,1,75.00,8
1977,9.8700,0.3719,1,84.62,13
1978,9.9800,0.3717,1,100.00,2
1979,9.2800,0.3715,1,40.91,22
1980,9.9000,0.3713,1,40.00,10
1981,9.2400,0.3711,1,38.46,26
1982,9.3800,0.3709,1,41.67,12
1983,9.9200,0.3707,1,50.00,8
1984,9.2000,0.3706,1,40.00,30
1985,9.9600,0.3704,1,100.00,4
1986,9.8500,0.3702,1,60.00,15
1987,9.8600,0.3700,1,35.71,14
1988,8.9000,0.3698,1,60.00,10
1989,9.9000,0.3696,1,80.00,10
1990,9.9200,0.3694,1,100.00,8
1991,9.8900,0.3693,1,36.36,11
1992,9.7600,0.3691,1,50.00,24
1993,9.8900,0.3689,1,81.82,11
1994,9.9500,0.3687,1,100.00,5
1995,9.7900,0.3685,1,61.90,21
1996,9.3500,0.3683,1,80.00,15
1997,8.7600,0.3682,1,45.83,24
1998,9.9900,0.3680,1,100.00,1
1999,9.7400,0.3678,1,38.46,26
2000,9.2900,0.3676,1,47.62,21
2001,9.8700,0.3674,1,69.23,13
2002,9.8700,0.3672,1,84.62,13
2003,8.3500,0.3671,1,66.67,15
2004,9.8600,0.3669,1,57.14,14
2005,8.8500,0.3667,1,73.33,15
2006,9.3100,0.3665,1,52.63,19
2007,9.8100,0.3663,1,68.42,19
2008,9.3200,0.3661,1,38.89,18
2009,9.9000,0.3660,1,70.00,10
2010,9.9400,0.3658,1,100.00,6
2011,9.7700,0.3656,1,56.52,23
2012,9.8200,0.3654,1,77.78,18
2013,9.9700,0.3652,1,100.00,3
2014,9.2800,0.3650,1,50.00,22
2015,9.8600,0.3649,1,57.14,14
2016,9.9500,0.3647,1,20.00,5
2017,9.7000,0.3645,1,33.33,30
2018,9.4100,0.3643,1,22.22,9
2019,9.9700,0.3641,1,100.00,3
2020,8.8300,0.3639,1,29.41,17
2021,9.8900,0.3638,1,100.00,11
2022,9.8700,0.3636,1,84.62,13
2023,9.9700,0.3634,1,100.00,3
2024,9.9800,0.3632,1,100.00,2
2025,9.8100,0.3630,1,42.11,19
2026,9.9400,0.3629,1,100.00,6
2027,8.3300,0.3627,1,35.29,17
2028,9.9600,0.3625,1,100.00,4
2029,9.8700,0.3623,1,84.62,13
2030,9.8000,0.3621,1,45.00,20
2031,9.4100,0.3619,1,44.44,9
2032,9.4600,0.3618,1,75.00,4
2033,9.9600,0.3616,1,100.00,4
2034,9.3300,0.3614,1,41.18,17
2035,9.3800,0.3612,1,41.67,12
2036,9.3000,0.3610,1,35.00,20
2037,9.3600,0.3609,1,64.29,14
2038,9.8700,0.3607,1,69.23,13
2039,9.9900,0.3605,1,100.00,1
2040,9.8400,0.3603,1,62.50,16
2041,9.9200,0.3601,1,50.00,8
2042,9.8400,0.3600,1,50.00,16
2043,9.7100,0.3598,1,24.14,29
2044,9.8900,0.3596,1,63.64,11
2045,8.8700,0.3594,1,69.23,13
2046,9.8200,0.3592,1,50.00,18
2047,9.3200,0.3591,1,50.00,18
2048,9.4200,0.3589,1,62.50,8
2049,9.9000,0.3587,1,60.00,10
2050,9.9500,0.3585,1,100.00,5
2051,9.3100,0.3583,1,78.95,19
2052,9.8300,0.3582,1,64.71,17
2053,9.3500,0.3580,1,53.33,15
2054,9.7400,0.3578,1,38.46,26
2055,9.9200,0.3576,1,100.00,8
2056,9.4100,0.3575,1,66.67,9
2057,9.8200,0.3573,1,44.44,18
2058,9.4500,0.3571,1,60.00,5
2059,9.9400,0.3569,1,66.67,6
2060,9.8300,0.3567,1,41.18,17
2061,8.1600,0.3566,1,32.35,34
2062,9.7800,0.3564,1,45.45,22
2063,9.8200,0.3562,1,55.56,18
2064,9.9800,0.3560,1,100.00,2
2065,9.8500,0.3558,1,60.00,15
2066,9.9000,0.3557,1,80.00,10
2067,9.2100,0.3555,1,51.72,29
2068,9.3800,0.3553,1,83.33,12
2069,9.3400,0.3551,1,50.00,16
2070,9.8100,0.3550,1,36.84,19
2071,9.9700,0.3548,1,100.00,3
2072,9.8300,0.3546,1,64.71,17
2073,9.9700,0.3544,1,100.00,3
2074,9.9400,0.3542,1,100.00,6
2075,9.3000,0.3541,1,45.00,20
2076,9.8200,0.3539,1,55.56,18
2077,9.3900,0.3537,1,54.55,11
2078,9.4300,0.3535,1,57.14,7
2079,9.9000,0.3534,1,80.00,10
2080,9.4100,0.3532,1,88.89,9
2081,9.9900,0.3530,1,100.00,1
2082,9.2900,0.3528,1,52.38,21
2083,8.0000,0.3527,1,14.00,50
2084,8.1600,0.3525,1,17.65,34
2085,9.9000,0.3523,1,100.00,10
2086,9.9000,0.3521,1,40.00,10
2087,9.3100,0.3520,1,63.16,19
2088,9.4200,0.3518,1,87.50,8
2089,9.7500,0.3516,1,48.00,25
2090,9.8100,0.3514,1,57.89,19
2091,8.8900,0.3512,1,45.45,11
2092,9.3200,0.3511,1,61.11,18
2093,8.2900,0.3509,1,66.67,21
2094,8.2700,0.3507,1,34.78,23
2095,8.2300,0.3505,1,37.04,27
2096,9.4400,0.3504,1,83.33,6
2097,9.2500,0.3502,1,40.00,25
2098,9.9000,0.3500,1,80.00,10
2099,9.2400,0.3498,1,34.62,26
2100,9.8600,0.3497,1,85.71,14
2101,9.9100,0.3495,1,55.56,9
2102,9.9900,0.3493,1,100.00,1
2103,9.9600,0.3491,1,100.00,4
2104,8.2400,0.3490,1,26.92,26
2105,9.9000,0.3488,1,80.00,10
2106,9.9300,0.3486,1,42.86,7
2107,9.7500,0.3484,1,28.00,25
2108,8.2800,0.3483,1,59.09,22
2109,9.7000,0.3481,1,26.67,30
2110,9.3300,0.3479,1,47.06,17
2111,8.7300,0.3478,1,51.85,27
2112,9.9000,0.3476,1,80.00,10
2113,9.7800,0.3474,1,68.18,22
2114,9.9100,0.3472,1,100.00,9
2115,9.9000,0.3471,1,80.00,10
2116,8.8800,0.3469,1,83.33,12
2117,9.7800,0.3467,1,27.27,22
2118,9.8400,0.3465,1,50.00,16
2119,9.8900,0.3464,1,81.82,11
2120,9.2400,0.3462,1,42.31,26
2121,9.7400,0.3460,1,57.69,26
2122,9.9100,0.3458,1,77.78,9
2123,9.9300,0.3457,1,71.43,7
2124,9.9100,0.3455,1,33.33,9
2125,8.6500,0.3453,1,25.71,35
2126,9.3400,0.3452,1,43.75,16
2127,9.8100,0.3450,1,47.37,19
2128,9.9900,0.3448,1,100.00,1
2129,9.9500,0.3446,1,100.00,5
2130,9.4000,0.3445,1,60.00,10
2131,9.9000,0.3443,1,80.00,10
2132,9.8800,0.3441,1,91.67,12
2133,9.9000,0.3439,1,60.00,10
2134,9.8400,0.3438,1,62.50,16
2135,9.2900,0.3436,1,38.10,21
2136,9.8800,0.3434,1,16.67,12
2137,8.6200,0.3433,1,28.95,38
2138,9.9300,0.3431,1,71.43,7
2139,9.9400,0.3429,1,66.67,6
2140,9.4200,0.3427,1,87.50,8
2141,9.8700,0.3426,1,69.23,13
2142,9.3300,0.3424,1,52.94,17
2143,8.3900,0.3422,1,72.73,11
2144,8.8800,0.3421,1,41.67,12
2145,9.9000,0.3419,1,60.00,10
2146,9.9200,0.3417,1,100.00,8
2147,9.7300,0.3415,1,48.15,27
2148,9.8800,0.3414,1,50.00,12
2149,9.8800,0.3412,1,66.67,12
2150,9.8500,0.3410,1,73.33,15
2151,9.9800,0.3409,1,100.00,2
2152,9.3500,0.3407,1,40.00,15
2153,9.9000,0.3405,1,80.00,10
2154,9.9300,0.3404,1,71.43,7
2155,9.8300,0.3402,1,76.47,17
2156,9.8000,0.3400,1,50.00,20
2157,9.8600,0.3398,1,71.43,14
2158,9.8100,0.3397,1,78.95,19
2159,8.7900,0.3395,1,66.67,21
2160,9.7500,0.3393,1,52.00,25
2161,9.7800,0.3392,1,68.18,22
2162,9.3900,0.3390,1,72.73,11
2163,9.9100,0.3388,1,55.56,9
2164,9.9700,0.3387,1,100.00,3
2165,9.3000,0.3385,1,65.00,20
2166,8.8300,0.3383,1,64.71,17
2167,9.8300,0.3381,1,52.94,17
2168,9.4400,0.3380,1,83.33,6
2169,9.8100,0.3378,1,57.89,19
2170,9.8500,0.3376,1,60.00,15
2171,9.8700,0.3375,1,76.92,13
2172,8.6600,0.3373,1,29.41,34
2173,9.9600,0.3371,1,100.00,4
2174,9.9600,0.3370,1,50.00,4
2175,8.2500,0.3368,1,40.00,25
2176,9.8000,0.3366,1,45.00,20
2177,9.3900,0.3365,1,90.91,11
2178,9.9000,0.3363,1,80.00,10
2179,9.9200,0.3361,1,100.00,8
2180,9.3800,0.3360,1,33.33,12
2181,9.3500,0.3358,1,53.33,15
2182,9.1200,0.3356,1,28.95,38
2183,9.7400,0.3355,1,38.46,26
2184,7.3400,0.3353,1,7.58,66
2185,7.7700,0.3351,1,47.83,23
2186,9.9700,0.3350,1,100.00,3
2187,9.3000,0.3348,1,55.00,20
2188,9.3500,0.3346,1,66.67,15
2189,9.4100,0.3344,1,55.56,9
2190,9.8700,0.3343,1,84.62,13
2191,9.8500,0.3341,1,73.33,15
2192,9.8900,0.3339,1,54.55,11
2193,9.3400,0.3338,1,68.75,16
2194,8.9300,0.3336,1,71.43,7
2195,8.7400,0.3334,1,38.46,26
2196,9.8400,0.3333,1,62.50,16
2197,9.3900,0.3331,1,18.18,11
2198,8.8400,0.3329,1,62.50,16
2199,8.9500,0.3328,1,20.00,5
2200,9.8600,0.3326,1,71.43,14
2201,9.8600,0.3324,1,85.71,14
2202,9.1900,0.3323,1,35.48,31
2203,9.9900,0.3321,1,100.00,1
2204,9.3700,0.3319,1,61.54,13
2205,9.9000,0.3318,1,60.00,10
2206,9.8800,0.3316,1,50.00,12
2207,9.8900,0.3315,1,90.91,11
2208,9.9100,0.3313,1,77.78,9
2209,9.9500,0.3311,1,100.00,5
2210,9.2900,0.3310,1,66.67,21
2211,9.3300,0.3308,1,76.47,17
2212,9.9400,0.3306,1,66.67,6
2213,9.9300,0.3305,1,100.00,7
2214,9.3800,0.3303,1,58.33,12
2215,9.9800,0.3301,1,100.00,2
2216,9.9000,0.3300,1,40.00,10
2217,9.9400,0.3298,1,100.00,6
2218,9.9300,0.3296,1,85.71,7
2219,9.8900,0.3295,1,100.00,11
2220,9.8700,0.3293,1,84.62,13
2221,9.9700,0.3291,1,100.00,3
2222,9.8400,0.3290,1,62.50,16
2223,9.8200,0.3288,1,66.67,18
2224,9.9500,0.3286,1,60.00,5
2225,9.9800,0.3285,1,100.00,2
2226,9.9200,0.3283,1,62.50,8
2227,9.3000,0.3282,1,55.00,20
2228,7.8100,0.3280,1,36.84,19
2229,9.3700,0.3278,1,76.92,13
2230,9.8700,0.3277,1,53.85,13
2231,9.3600,0.3275,1,78.57,14
2232,9.3400,0.3273,1,81.25,16
2233,9.9600,0.3272,1,100.00,4
2234,9.4500,0.3270,1,80.00,5
2235,8.1500,0.3268,1,31.43,35
2236,7.7700,0.3267,1,47.83,23
2237,9.4000,0.3265,1,50.00,10
2238,9.8400,0.3264,1,75.00,16
2239,9.8900,0.3262,1,63.64,11
2240,9.9600,0.3260,1,100.00,4
2241,9.9200,0.3259,1,50.00,8
2242,9.8600,0.3257,1,57.14,14
2243,9.9100,0.3255,1,100.00,9
2244,9.3400,0.3254,1,75.00,16
2245,9.8500,0.3252,1,73.33,15
2246,9.7700,0.3250,1,47.83,23
2247,9.2600,0.3249,1,45.83,24
2248,9.8500,0.3247,1,60.00,15
2249,9.3100,0.3246,1,52.63,19
2250,9.9300,0.3244,1,100.00,7
2251,9.8300,0.3242,1,64.71,17
2252,9.9400,0.3241,1,66.67,6
2253,9.3300,0.3239,1,76.47,17
2254,9.2900,0.3238,1,38.10,21
2255,9.8800,0.3236,1,66.67,12
2256,9.7900,0.3234,1,61.90,21
2257,9.8900,0.3233,1,81.82,11
2258,9.9100,0.3231,1,100.00,9
2259,9.9700,0.3229,1,100.00,3
2260,9.9400,0.3228,1,83.33,6
2261,9.8400,0.3226,1,62.50,16
2262,9.4200,0.3225,1,87.50,8
2263,9.3800,0.3223,1,75.00,12
2264,9.8700,0.3221,1,84.62,13
2265,9.9200,0.3220,1,100.00,8
2266,9.7000,0.3218,1,33.33,30
2267,9.8800,0.3217,1,83.33,12
2268,9.8800,0.3215,1,33.33,12
2269,9.9600,0.3213,1,50.00,4
2270,9.2600,0.3212,1,58.33,24
2271,8.7800,0.3210,1,45.45,22
2272,9.8900,0.3208,1,100.00,11
2273,9.8800,0.3207,1,66.67,12
2274,9.4200,0.3205,1,50.00,8
2275,9.2600,0.3204,1,45.83,24
2276,8.8200,0.3202,1,55.56,18
2277,8.7700,0.3200,1,47.83,23
2278,9.9100,0.3199,1,100.00,9
2279,9.3600,0.3197,1,50.00,14
2280,9.4000,0.3196,1,70.00,10
2281,9.8800,0.3194,1,66.67,12
2282,8.7900,0.3192,1,61.90,21
2283,9.9400,0.3191,1,100.00,6
2284,9.8700,0.3189,1,69.23,13
2285,9.3000,0.3188,1,35.00,20
2286,9.8300,0.3186,1,64.71,17
2287,9.7900,0.3185,1,52.38,21
2288,9.9000,0.3183,1,80.00,10
2289,9.9000,0.3181,1,100.00,10
2290,9.8400,0.3180,1,62.50,16
2291,9.4400,0.3178,1,83.33,6
2292,9.9000,0.3177,1,40.00,10
2293,9.9900,0.3175,1,100.00,1
2294,9.9000,0.3173,1,100.00,10
2295,9.8000,0.3172,1,50.00,20
2296,9.8100,0.3170,1,42.11,19
2297,9.8300,0.3169,1,64.71,17
2298,9.8400,0.3167,1,75.00,16
2299,9.8600,0.3165,1,85.71,14
2300,9.9600,0.3164,1,100.00,4
2301,9.3300,0.3162,1,70.59,17
2302,9.8300,0.3161,1,76.47,17
2303,7.7800,0.3159,1,45.45,22
2304,9.9000,0.3158,1,100.00,10
2305,9.9800,0.3156,1,100.00,2
2306,9.8600,0.3154,1,71.43,14
2307,9.8700,0.3153,1,69.23,13
2308,9.9100,0.3151,1,77.78,9
2309,9.4200,0.3150,1,87.50,8
2310,9.8000,0.3148,1,40.00,20
2311,9.8400,0.3147,1,87.50,16
2312,9.3100,0.3145,1,63.16,19
2313,9.2000,0.3143,1,30.00,30
2314,9.9200,0.3142,1,100.00,8
2315,9.2900,0.3140,1,38.10,21
2316,9.8200,0.3139,1,55.56,18
2317,9.9400,0.3137,1,100.00,6
2318,9.9300,0.3136,1,71.43,7
2319,9.8600,0.3134,1,85.71,14
2320,9.3200,0.3132,1,50.00,18
2321,9.9000,0.3131,1,60.00,10
2322,9.7900,0.3129,1,61.90,21
2323,9.4100,0.3128,1,88.89,9
2324,9.9000,0.3126,1,60.00,10
2325,9.8700,0.3125,1,84.62,13
2326,9.9900,0.3123,1,100.00,1
2327,9.3600,0.3121,1,78.57,14
2328,9.8500,0.3120,1,80.00,15
2329,9.3400,0.3118,1,81.25,16
2330,9.9400,0.3117,1,100.00,6
2331,9.9100,0.3115,1,33.33,9
2332,9.4600,0.3114,1,50.00,4
2333,9.9900,0.3112,1,100.00,1
2334,9.2200,0.3111,1,35.71,28
2335,9.9900,0.3109,1,100.00,1
2336,9.9800,0.3107,1,100.00,2
2337,9.9300,0.3106,1,14.29,7
2338,9.3500,0.3104,1,53.33,15
2339,8.8500,0.3103,1,73.33,15
2340,9.9500,0.3101,1,60.00,5
2341,8.3900,0.3100,1,36.36,11
2342,9.8700,0.3098,1,46.15,13
2343,7.6800,0.3097,1,31.25,32
2344,9.9800,0.3095,1,100.00,2
2345,9.8300,0.3093,1,52.94,17
2346,9.9200,0.3092,1,75.00,8
2347,9.8400,0.3090,1,75.00,16
2348,9.8600,0.3089,1,64.29,14
2349,9.8100,0.3087,1,47.37,19
2350,9.8300,0.3086,1,52.94,17
2351,9.9500,0.3084,1,100.00,5
2352,9.9400,0.3083,1,66.67,6
2353,9.9400,0.3081,1,100.00,6
2354,9.9900,0.3080,1,100.00,1
2355,9.9900,0.3078,1,100.00,1
2356,9.2200,0.3076,1,46.43,28
2357,9.9800,0.3075,1,100.00,2
2358,9.9400,0.3073,1,33.33,6
2359,9.9600,0.3072,1,100.00,4
2360,9.8400,0.3070,1,75.00,16
2361,9.9200,0.3069,1,50.00,8
2362,9.3600,0.3067,1,78.57,14
2363,9.3200,0.3066,1,72.22,18
2364,8.8500,0.3064,1,73.33,15
2365,8.8200,0.3063,1,33.33,18
2366,9.8500,0.3061,1,73.33,15
2367,9.9800,0.3060,1,100.00,2
2368,9.9300,0.3058,1,42.86,7
2369,9.2900,0.3057,1,42.86,21
2370,9.3600,0.3055,1,50.00,14
2371,9.9100,0.3054,1,66.67,9
2372,9.9000,0.3052,1,60.00,10
2373,8.3500,0.3050,1,66.67,15
2374,9.8600,0.3049,1,85.71,14
2375,9.7700,0.3047,1,60.87,23
2376,9.9000,0.3046,1,80.00,10
2377,9.2100,0.3044,1,27.59,29
2378,9.9800,0.3043,1,100.00,2
2379,9.2700,0.3041,1,60.87,23
2380,9.9100,0.3040,1,77.78,9
2381,9.9300,0.3038,1,71.43,7
2382,9.9500,0.3037,1,100.00,5
2383,9.9200,0.3035,1,100.00,8
2384,9.9600,0.3034,1,25.00,4
2385,8.3200,0.3032,1,50.00,18
2386,9.8800,0.3031,1,75.00,12
2387,9.8600,0.3029,1,42.86,14
2388,9.3800,0.3028,1,91.67,12
2389,9.4000,0.3026,1,50.00,10
2390,9.2300,0.3025,1,48.15,27
2391,7.8400,0.3023,1,50.00,16
2392,9.9900,0.3022,1,100.00,1
2393,9.8600,0.3020,1,100.00,14
2394,9.9000,0.3019,1,80.00,10
2395,9.9800,0.3017,1,100.00,2
2396,9.4500,0.3016,1,80.00,5
2397,9.8700,0.3014,1,69.23,13
2398,8.8500,0.3013,1,60.00,15
2399,9.9600,0.3011,1,100.00,4
2400,9.7900,0.3010,1,33.33,21
2401,9.8400,0.3008,1,75.00,16
2402,9.9200,0.3007,1,62.50,8
2403,9.9500,0.3005,1,100.00,5
2404,9.8100,0.3004,1,57.89,19
2405,9.7900,0.3002,1,52.38,21
2406,8.3300,0.3001,1,23.53,17
2407,9.9600,0.2999,1,100.00,4
2408,9.9500,0.2998,1,100.00,5
2409,9.9200,0.2996,1,75.00,8
2410,9.9900,0.2995,1,100.00,1
2411,9.8500,0.2993,1,86.67,15
2412,9.3100,0.2992,1,52.63,19
2413,9.3200,0.2990,1,72.22,18
2414,9.8300,0.2989,1,64.71,17
2415,9.9300,0.2987,1,71.43,7
2416,9.3100,0.2986,1,52.63,19
2417,9.3300,0.2984,1,70.59,17
2418,9.9300,0.2983,1,100.00,7
2419,9.9700,0.2981,1,100.00,3
2420,9.8700,0.2980,1,84.62,13
2421,9.7900,0.2978,1,66.67,21
2422,9.8700,0.2977,1,53.85,13
2423,9.9700,0.2975,1,66.67,3
2424,9.9400,0.2974,1,66.67,6
2425,8.8500,0.2972,1,73.33,15
2426,9.3700,0.2971,1,61.54,13
2427,9.3500,0.2969,1,80.00,15
2428,9.7100,0.2968,1,37.93,29
2429,9.8900,0.2966,1,81.82,11
2430,9.8400,0.2965,1,93.75,16
2431,9.9200,0.2963,1,75.00,8
2432,9.8400,0.2962,1,75.00,16
2433,9.9400,0.2960,1,83.33,6
2434,9.9600,0.2959,1,100.00,4
2435,9.9300,0.2957,1,100.00,7
2436,9.9900,0.2956,1,100.00,1
2437,9.2500,0.2954,1,56.00,25
2438,9.9000,0.2953,1,80.00,10
2439,9.8800,0.2951,1,83.33,12
2440,9.9300,0.2950,1,71.43,7
2441,9.8500,0.2948,1,60.00,15
2442,9.8700,0.2947,1,84.62,13
2443,9.8900,0.2946,1,81.82,11
2444,9.8100,0.2944,1,78.95,19
2445,9.8900,0.2943,1,63.64,11
2446,7.7200,0.2941,1,42.86,28
2447,9.9700,0.2940,1,66.67,3
2448,8.0200,0.2938,1,14.58,48
2449,9.3100,0.2937,1,73.68,19
2450,9.2400,0.2935,1,30.77,26
2451,9.0200,0.2934,1,16.67,48
2452,9.2900,0.2932,1,52.38,21
2453,9.8800,0.2931,1,66.67,12
2454,6.0200,0.2929,1,4.08,98
2455,8.3900,0.2928,1,3.28,61
2456,9.8600,0.2926,1,57.14,14
2457,9.9100,0.2925,1,77.78,9
2458,9.8700,0.2923,1,69.23,13
2459,9.9100,0.2922,1,77.78,9
2460,9.9200,0.2921,1,100.00,8
2461,9.3100,0.2919,1,36.84,19
2462,9.9600,0.2918,1,100.00,4
2463,9.2900,0.2916,1,47.62,21
2464,9.3800,0.2915,1,75.00,12
2465,9.7700,0.2913,1,65.22,23
2466,9.8700,0.2912,1,69.23,13
2467,9.8600,0.2910,1,71.43,14
2468,9.3900,0.2909,1,90.91,11
2469,9.3900,0.2907,1,90.91,11
2470,9.8800,0.2906,1,83.33,12
2471,9.8500,0.2905,1,86.67,15
2472,9.2600,0.2903,1,54.17,24
2473,8.2500,0.2902,1,48.00,25
2474,9.9200,0.2900,1,100.00,8
2475,9.8600,0.2899,1,85.71,14
2476,9.3300,0.2897,1,82.35,17
2477,9.8900,0.2896,1,63.64,11
2478,8.6700,0.2894,1,27.27,33
2479,9.7100,0.2893,1,51.72,29
2480,9.8800,0.2891,1,83.33,12
2481,9.9000,0.2890,1,100.00,10
2482,9.8800,0.2889,1,100.00,12
2483,9.9300,0.2887,1,100.00,7
2484,9.3000,0.2886,1,60.00,20
2485,9.9300,0.2884,1,71.43,7
2486,9.9400,0.2883,1,66.67,6
2487,9.8700,0.2881,1,61.54,13
2488,9.8700,0.2880,1,69.23,13
2489,9.9300,0.2879,1,71.43,7
2490,9.8300,0.2877,1,64.71,17
2491,9.9800,0.2876,1,100.00,2
2492,9.8700,0.2874,1,61.54,13
2493,9.9200,0.2873,1,75.00,8
2494,9.8600,0.2871,1,85.71,14
2495,9.8000,0.2870,1,65.00,20
2496,9.9900,0.2868,1,100.00,1
2497,9.8600,0.2867,1,71.43,14
2498,8.3200,0.2866,1,50.00,18
2499,9.9300,0.2864,1,71.43,7
2500,9.9200,0.2863,1,100.00,8
2501,9.9900,0.2861,1,100.00,1
2502,9.8400,0.2860,1,75.00,16
2503,9.9900,0.2858,1,100.00,1
2504,9.9100,0.2857,1,77.78,9
2505,9.3000,0.2856,1,55.00,20
2506,8.3500,0.2854,1,66.67,15
2507,9.2900,0.2853,1,47.62,21
2508,9.7800,0.2851,1,45.45,22
2509,9.9000,0.2850,1,80.00,10
2510,9.3500,0.2848,1,53.33,15
2511,9.3500,0.2847,1,66.67,15
2512,9.8400,0.2846,1,75.00,16
2513,9.9500,0.2844,1,100.00,5
2514,9.8900,0.2843,1,81.82,11
2515,9.4400,0.2841,1,83.33,6
2516,8.7400,0.2840,1,53.85,26
2517,9.9100,0.2838,1,66.67,9
2518,9.7900,0.2837,1,61.90,21
2519,9.9500,0.2836,1,100.00,5
2520,9.8500,0.2834,1,60.00,15
2521,9.9300,0.2833,1,71.43,7
2522,9.8300,0.2831,1,76.47,17
2523,9.7100,0.2830,1,31.03,29
2524,9.3400,0.2829,1,56.25,16
2525,9.8700,0.2827,1,100.00,13
2526,8.8500,0.2826,1,73.33,15
2527,9.9700,0.2824,1,100.00,3
2528,9.9600,0.2823,1,100.00,4
2529,9.9100,0.2822,1,100.00,9
2530,9.9700,0.2820,1,66.67,3
2531,9.9000,0.2819,1,80.00,10
2532,9.8100,0.2817,1,36.84,19
2533,9.8700,0.2816,1,84.62,13
2534,9.9000,0.2814,1,60.00,10
2535,9.9400,0.2813,1,100.00,6
2536,9.9200,0.2812,1,75.00,8
2537,9.3100,0.2810,1,73.68,19
2538,9.8100,0.2809,1,36.84,19
2539,9.4000,0.2807,1,70.00,10
2540,9.9900,0.2806,1,100.00,1
2541,9.3100,0.2805,1,63.16,19
2542,9.9000,0.2803,1,80.00,10
2543,9.8300,0.2802,1,64.71,17
2544,9.8900,0.2800,1,27.27,11
2545,9.8900,0.2799,1,45.45,11
2546,9.4000,0.2798,1,70.00,10
2547,9.1900,0.2796,1,45.16,31
2548,9.9300,0.2795,1,100.00,7
2549,9.9000,0.2793,1,80.00,10
2550,9.9700,0.2792,1,100.00,3
2551,9.3400,0.2791,1,68.75,16
2552,9.9200,0.2789,1,100.00,8
2553,9.4000,0.2788,1,70.00,10
2554,8.8300,0.2786,1,64.71,17
2555,9.9500,0.2785,1,100.00,5
2556,9.9100,0.2784,1,77.78,9
2557,9.4200,0.2782,1,37.50,8
2558,9.7700,0.2781,1,34.78,23
2559,9.9600,0.2779,1,100.00,4
2560,9.9600,0.2778,1,100.00,4
2561,9.8800,0.2777,1,66.67,12
2562,9.9000,0.2775,1,80.00,10
2563,9.9200,0.2774,1,75.00,8
2564,9.3000,0.2773,1,45.00,20
2565,9.8800,0.2771,1,66.67,12
2566,8.7100,0.2770,1,44.83,29
2567,8.7900,0.2768,1,52.38,21
2568,8.5200,0.2767,1,29.17,48
2569,9.9100,0.2766,1,77.78,9
2570,9.3100,0.2764,1,73.68,19
2571,9.9200,0.2763,1,100.00,8
2572,9.3300,0.2761,1,76.47,17
2573,9.8500,0.2760,1,73.33,15
2574,9.4200,0.2759,1,62.50,8
2575,8.3600,0.2757,1,35.71,14
2576,9.3400,0.2756,1,68.75,16
2577,9.3800,0.2755,1,91.67,12
2578,9.3200,0.2753,1,83.33,18
2579,9.9900,0.2752,1,100.00,1
2580,9.9400,0.2750,1,33.33,6
2581,9.9700,0.2749,1,100.00,3
2582,9.9200,0.2748,1,50.00,8
2583,9.4300,0.2746,1,57.14,7
2584,9.9100,0.2745,1,100.00,9
2585,9.9500,0.2744,1,100.00,5
2586,8.8100,0.2742,1,47.37,19
2587,9.9000,0.2741,1,60.00,10
2588,9.3300,0.2739,1,64.71,17
2589,9.8800,0.2738,1,66.67,12
2590,9.9400,0.2737,1,100.00,6
2591,9.9500,0.2735,1,100.00,5
2592,9.8600,0.2734,1,71.43,14
2593,9.9200,0.2733,1,100.00,8
2594,9.3700,0.2731,1,61.54,13
2595,9.3400,0.2730,1,68.75,16
2596,9.9700,0.2729,1,100.00,3
2597,9.8900,0.2727,1,81.82,11
2598,8.3100,0.2726,1,63.16,19
2599,9.9600,0.2724,1,100.00,4
2600,9.9800,0.2723,1,100.00,2
2601,9.8500,0.2722,1,73.33,15
2602,9.9200,0.2720,1,75.00,8
2603,9.3600,0.2719,1,50.00,14
2604,9.9900,0.2718,1,100.00,1
2605,9.8700,0.2716,1,69.23,13
2606,9.4200,0.2715,1,87.50,8
2607,9.9100,0.2714,1,77.78,9
2608,9.9000,0.2712,1,60.00,10
2609,9.9000,0.2711,1,60.00,10
2610,9.9400,0.2709,1,100.00,6
2611,9.9500,0.2708,1,100.00,5
2612,9.8800,0.2707,1,83.33,12
2613,8.9200,0.2705,1,50.00,8
2614,9.3400,0.2704,1,75.00,16
2615,9.8900,0.2703,1,81.82,11
2616,9.3300,0.2701,1,70.59,17
2617,9.9400,0.2700,1,100.00,6
2618,9.8700,0.2699,1,69.23,13
2619,9.9300,0.2697,1,100.00,7
2620,9.9300,0.2696,1,71.43,7
2621,9.3700,0.2695,1,61.54,13
2622,9.3000,0.2693,1,10.00,20
2623,9.3700,0.2692,1,69.23,13
2624,9.8500,0.2691,1,73.33,15
2625,9.9100,0.2689,1,55.56,9
2626,9.3600,0.2688,1,78.57,14
2627,9.8200,0.2687,1,61.11,18
2628,9.8300,0.2685,1,58.82,17
2629,9.9900,0.2684,1,100.00,1
2630,9.9300,0.2683,1,100.00,7
2631,9.9500,0.2681,1,60.00,5
2632,9.9400,0.2680,1,66.67,6
2633,9.3800,0.2678,1,41.67,12
2634,9.3300,0.2677,1,64.71,17
2635,9.9100,0.2676,1,55.56,9
2636,9.8400,0.2674,1,87.50,16
2637,9.4300,0.2673,1,57.14,7
2638,9.8200,0.2672,1,77.78,18
2639,9.9700,0.2670,1,100.00,3
2640,9.9400,0.2669,1,83.33,6
2641,9.8300,0.2668,1,88.24,17
2642,9.8900,0.2666,1,45.45,11
2643,9.3900,0.2665,1,90.91,11
2644,9.8400,0.2664,1,75.00,16
2645,9.9800,0.2662,1,100.00,2
2646,9.9500,0.2661,1,60.00,5
2647,9.9000,0.2660,1,100.00,10
2648,9.8400,0.2658,1,62.50,16
2649,9.4400,0.2657,1,83.33,6
2650,9.9700,0.2656,1,100.00,3
2651,9.4200,0.2654,1,37.50,8
2652,9.9000,0.2653,1,80.00,10
2653,9.9500,0.2652,1,60.00,5
2654,9.8300,0.2651,1,64.71,17
2655,9.8900,0.2649,1,100.00,11
2656,8.4000,0.2648,1,30.00,10
2657,9.8800,0.2647,1,66.67,12
2658,9.9700,0.2645,1,33.33,3
2659,8.7400,0.2644,1,53.85,26
2660,8.7700,0.2643,1,39.13,23
2661,9.4100,0.2641,1,44.44,9
2662,9.9900,0.2640,1,100.00,1
2663,9.9800,0.2639,1,100.00,2
2664,9.3500,0.2637,1,80.00,15
2665,9.9800,0.2636,1,100.00,2
2666,9.4500,0.2635,1,60.00,5
2667,8.8800,0.2633,1,66.67,12
2668,9.9400,0.2632,1,100.00,6
2669,9.9500,0.2631,1,100.00,5
2670,9.9400,0.2629,1,100.00,6
2671,9.8100,0.2628,1,57.89,19
2672,9.8800,0.2627,1,66.67,12
2673,9.8500,0.2625,1,60.00,15
2674,9.9900,0.2624,1,100.00,1
2675,9.9000,0.2623,1,80.00,10
2676,9.9000,0.2622,1,80.00,10
2677,9.8800,0.2620,1,66.67,12
2678,9.4100,0.2619,1,66.67,9
2679,9.4100,0.2618,1,88.89,9
2680,9.3600,0.2616,1,78.57,14
2681,9.8800,0.2615,1,75.00,12
2682,9.9700,0.2614,1,100.00,3
2683,9.8700,0.2612,1,84.62,13
2684,8.9200,0.2611,1,50.00,8
2685,9.9900,0.2610,1,100.00,1
2686,9.8200,0.2608,1,55.56,18
2687,9.8000,0.2607,1,70.00,20
2688,9.8100,0.2606,1,68.42,19
2689,9.9600,0.2605,1,100.00,4
2690,9.3300,0.2603,1,70.59,17
2691,9.9200,0.2602,1,100.00,8
2692,9.8800,0.2601,1,83.33,12
2693,9.9500,0.2599,1,100.00,5
2694,9.8400,0.2598,1,62.50,16
2695,9.8700,0.2597,1,69.23,13
2696,9.8900,0.2595,1,81.82,11
2697,9.9700,0.2594,1,100.00,3
2698,9.8300,0.2593,1,64.71,17
2699,9.8700,0.2592,1,84.62,13
2700,9.4100,0.2590,1,44.44,9
2701,9.9300,0.2589,1,85.71,7
2702,9.4000,0.2588,1,90.00,10
2703,9.9300,0.2586,1,100.00,7
2704,9.9000,0.2585,1,100.00,10
2705,9.9500,0.2584,1,60.00,5
2706,9.8500,0.2582,1,86.67,15
2707,9.8100,0.2581,1,57.89,19
2708,9.9500,0.2580,1,100.00,5
2709,9.9800,0.2579,1,100.00,2
2710,9.9000,0.2577,1,40.00,10
2711,9.4700,0.2576,1,66.67,3
2712,9.9500,0.2575,1,100.00,5
2713,8.3000,0.2573,1,45.00,20
2714,9.8500,0.2572,1,73.33,15
2715,9.8500,0.2571,1,60.00,15
2716,9.9700,0.2570,1,33.33,3
2717,9.9100,0.2568,1,66.67,9
2718,9.9400,0.2567,1,100.00,6
2719,9.9600,0.2566,1,100.00,4
2720,9.9200,0.2564,1,75.00,8
2721,9.8100,0.2563,1,68.42,19
2722,9.9200,0.2562,1,100.00,8
2723,9.8600,0.2561,1,57.14,14
2724,9.8500,0.2559,1,86.67,15
2725,9.3800,0.2558,1,58.33,12
2726,9.9200,0.2557,1,100.00,8
2727,9.8500,0.2555,1,60.00,15
2728,9.9500,0.2554,1,100.00,5
2729,9.3200,0.2553,1,38.89,18
2730,9.9500,0.2552,1,100.00,5
2731,9.9500,0.2550,1,60.00,5
2732,9.8300,0.2549,1,64.71,17
2733,9.4400,0.2548,1,83.33,6
2734,9.8600,0.2547,1,85.71,14
2735,9.3500,0.2545,1,66.67,15
2736,9.9500,0.2544,1,100.00,5
2737,9.9000,0.2543,1,80.00,10
2738,8.8600,0.2541,1,57.14,14
2739,9.3400,0.2540,1,43.75,16
2740,9.7600,0.2539,1,58.33,24
2741,9.8600,0.2538,1,71.43,14
2742,8.7500,0.2536,1,40.00,25
2743,9.8500,0.2535,1,80.00,15
2744,9.9200,0.2534,1,100.00,8
2745,9.3400,0.2533,1,31.25,16
2746,9.3800,0.2531,1,91.67,12
2747,9.8600,0.2530,1,71.43,14
2748,9.9300,0.2529,1,100.00,7
2749,9.4000,0.2528,1,70.00,10
2750,9.8800,0.2526,1,66.67,12
2751,9.8800,0.2525,1,83.33,12
2752,9.9600,0.2524,1,100.00,4
2753,9.8200,0.2522,1,55.56,18
2754,9.3700,0.2521,1,92.31,13
2755,7.6000,0.2520,1,20.00,40
2756,9.7000,0.2519,1,30.00,30
2757,7.9500,0.2517,1,1.82,55
2758,9.8800,0.2516,1,66.67,12
2759,9.9000,0.2515,1,50.00,10
2760,9.8600,0.2514,1,35.71,14
2761,8.4000,0.2512,1,6.67,60
2762,9.3600,0.2511,1,92.86,14
2763,9.3200,0.2510,1,61.11,18
2764,9.8200,0.2509,1,44.44,18
2765,9.9200,0.2507,1,75.00,8
2766,9.9500,0.2506,1,100.00,5
2767,9.8800,0.2505,1,50.00,12
2768,9.8900,0.2504,1,45.45,11
2769,9.3100,0.2502,1,73.68,19
2770,9.3700,0.2501,1,76.92,13
2771,9.9200,0.2500,1,75.00,8
2772,9.9300,0.2499,1,100.00,7
2773,8.7600,0.2497,1,45.83,24
2774,9.3400,0.2496,1,81.25,16
2775,9.8300,0.2495,1,64.71,17
2776,9.9600,0.2494,1,100.00,4
2777,8.8200,0.2492,1,55.56,18
2778,9.8600,0.2491,1,92.86,14
2779,9.9200,0.2490,1,75.00,8
2780,9.9300,0.2489,1,100.00,7
2781,9.8700,0.2487,1,69.23,13
2782,9.8800,0.2486,1,66.67,12
2783,9.9700,0.2485,1,100.00,3
2784,9.8100,0.2484,1,57.89,19
2785,9.2800,0.2482,1,45.45,22
2786,9.9500,0.2481,1,100.00,5
2787,8.7500,0.2480,1,44.00,25
2788,9.4100,0.2479,1,55.56,9
2789,9.8400,0.2477,1,75.00,16
2790,9.8600,0.2476,1,71.43,14
2791,9.8700,0.2475,1,84.62,13
2792,9.8400,0.2474,1,62.50,16
2793,9.9000,0.2473,1,60.00,10
2794,9.3000,0.2471,1,55.00,20
2795,9.8800,0.2470,1,83.33,12
2796,9.9500,0.2469,1,100.00,5
2797,9.9100,0.2468,1,77.78,9
2798,9.3700,0.2466,1,76.92,13
2799,9.9400,0.2465,1,66.67,6
2800,9.9800,0.2464,1,100.00,2
2801,9.9700,0.2463,1,100.00,3
2802,9.9000,0.2461,1,80.00,10
2803,9.9000,0.2460,1,60.00,10
2804,9.8700,0.2459,1,69.23,13
2805,9.9500,0.2458,1,100.00,5
2806,9.9600,0.2456,1,100.00,4
2807,9.9000,0.2455,1,80.00,10
2808,9.8700,0.2454,1,84.62,13
2809,9.3700,0.2453,1,46.15,13
2810,9.9000,0.2452,1,100.00,10
2811,9.8300,0.2450,1,41.18,17
2812,9.9500,0.2449,1,100.00,5
2813,9.9200,0.2448,1,75.00,8
2814,9.3900,0.2447,1,54.55,11
2815,9.9700,0.2445,1,100.00,3
2816,9.8700,0.2444,1,100.00,13
2817,9.8600,0.2443,1,71.43,14
2818,9.9100,0.2442,1,100.00,9
2819,9.3800,0.2441,1,75.00,12
2820,9.9100,0.2439,1,55.56,9
2821,9.8900,0.2438,1,63.64,11
2822,9.8800,0.2437,1,83.33,12
2823,9.9800,0.2436,1,100.00,2
2824,9.9700,0.2434,1,100.00,3
2825,8.9100,0.2433,1,55.56,9
2826,9.3000,0.2432,1,65.00,20
2827,9.9100,0.2431,1,77.78,9
2828,9.8900,0.2430,1,81.82,11
2829,9.9600,0.2428,1,100.00,4
2830,9.8400,0.2427,1,18.75,16
2831,9.8700,0.2426,1,69.23,13
2832,9.9800,0.2425,1,100.00,2
2833,7.7700,0.2424,1,47.83,23
2834,9.9800,0.2422,1,100.00,2
2835,8.7300,0.2421,1,33.33,27
2836,9.9600,0.2420,1,100.00,4
2837,9.7800,0.2419,1,45.45,22
2838,9.8300,0.2417,1,76.47,17
2839,9.3500,0.2416,1,66.67,15
2840,9.3800,0.2415,1,50.00,12
2841,9.3700,0.2414,1,76.92,13
2842,9.8100,0.2413,1,10.53,19
2843,9.9400,0.2411,1,33.33,6
2844,9.8800,0.2410,1,66.67,12
2845,9.9400,0.2409,1,66.67,6
2846,9.9400,0.2408,1,100.00,6
2847,9.9100,0.2407,1,77.78,9
2848,9.2300,0.2405,1,33.33,27
2849,9.8700,0.2404,1,69.23,13
2850,9.9000,0.2403,1,90.00,10
2851,9.8700,0.2402,1,69.23,13
2852,9.9500,0.2401,1,100.00,5
2853,9.8900,0.2399,1,100.00,11
2854,9.8400,0.2398,1,62.50,16
2855,9.8900,0.2397,1,81.82,11
2856,9.8500,0.2396,1,73.33,15
2857,9.3800,0.2395,1,75.00,12
2858,8.8500,0.2393,1,73.33,15
2859,9.8600,0.2392,1,71.43,14
2860,9.8800,0.2391,1,83.33,12
2861,9.8600,0.2390,1,71.43,14
2862,9.9700,0.2389,1,100.00,3
2863,9.8300,0.2387,1,52.94,17
2864,9.8800,0.2386,1,83.33,12
2865,9.9500,0.2385,1,60.00,5
2866,9.9000,0.2384,1,80.00,10
2867,9.9000,0.2383,1,60.00,10
2868,9.9600,0.2381,1,50.00,4
2869,9.9100,0.2380,1,100.00,9
2870,9.8900,0.2379,1,63.64,11
2871,9.9600,0.2378,1,100.00,4
2872,9.9900,0.2377,1,100.00,1
2873,9.9400,0.2376,1,66.67,6
2874,9.9500,0.2374,1,100.00,5
2875,9.9400,0.2373,1,66.67,6
2876,9.9300,0.2372,1,71.43,7
2877,9.8600,0.2371,1,85.71,14
2878,9.8300,0.2370,1,76.47,17
2879,9.9600,0.2368,1,100.00,4
2880,9.9200,0.2367,1,50.00,8
2881,9.9100,0.2366,1,100.00,9
2882,9.9000,0.2365,1,100.00,10
2883,9.8900,0.2364,1,81.82,11
2884,9.9800,0.2363,1,100.00,2
2885,9.8200,0.2361,1,44.44,18
2886,9.9400,0.2360,1,100.00,6
2887,9.8900,0.2359,1,90.91,11
2888,9.8700,0.2358,1,84.62,13
2889,9.9400,0.2357,1,100.00,6
2890,8.2600,0.2355,1,62.50,24
2891,9.8700,0.2354,1,53.85,13
2892,9.8700,0.2353,1,84.62,13
2893,9.9100,0.2352,1,100.00,9
2894,9.8700,0.2351,1,69.23,13
2895,8.7700,0.2350,1,65.22,23
2896,9.3500,0.2348,1,80.00,15
2897,9.9800,0.2347,1,100.00,2
2898,9.8300,0.2346,1,64.71,17
2899,9.8600,0.2345,1,71.43,14
2900,9.8400,0.2344,1,62.50,16
2901,9.3400,0.2343,1,81.25,16
2902,9.9200,0.2341,1,100.00,8
2903,9.8200,0.2340,1,33.33,18
2904,8.7400,0.2339,1,46.15,26
2905,9.9800,0.2338,1,100.00,2
2906,9.9700,0.2337,1,100.00,3
2907,9.9800,0.2335,1,100.00,2
2908,9.9200,0.2334,1,75.00,8
2909,9.3400,0.2333,1,68.75,16
2910,9.9200,0.2332,1,100.00,8
2911,9.3200,0.2331,1,72.22,18
2912,9.8900,0.2330,1,81.82,11
2913,9.9600,0.2328,1,100.00,4
2914,9.9100,0.2327,1,100.00,9
2915,9.4100,0.2326,1,66.67,9
2916,9.9100,0.2325,1,88.89,9
2917,9.8900,0.2324,1,100.00,11
2918,9.8300,0.2323,1,76.47,17
2919,9.8900,0.2322,1,81.82,11
2920,9.4300,0.2320,1,57.14,7
2921,9.8500,0.2319,1,86.67,15
2922,9.9100,0.2318,1,100.00,9
2923,9.4200,0.2317,1,87.50,8
2924,9.8600,0.2316,1,71.43,14
2925,9.8700,0.2315,1,84.62,13
2926,9.9500,0.2313,1,100.00,5
2927,9.8600,0.2312,1,71.43,14
2928,9.9100,0.2311,1,100.00,9
2929,9.9600,0.2310,1,100.00,4
2930,9.8700,0.2309,1,53.85,13
2931,9.4300,0.2308,1,57.14,7
2932,9.9800,0.2306,1,100.00,2
2933,9.2800,0.2305,1,50.00,22
2934,9.9300,0.2304,1,71.43,7
2935,9.9900,0.2303,1,100.00,1
2936,9.9200,0.2302,1,75.00,8
2937,9.9600,0.2301,1,100.00,4
2938,9.3700,0.2300,1,46.15,13
2939,9.8700,0.2298,1,84.62,13
2940,9.9900,0.2297,1,100.00,1
2941,9.9400,0.2296,1,66.67,6
2942,9.8800,0.2295,1,83.33,12
2943,9.9500,0.2294,1,60.00,5
2944,9.3600,0.2293,1,78.57,14
2945,9.9400,0.2292,1,66.67,6
2946,9.8900,0.2290,1,100.00,11
2947,9.9100,0.2289,1,55.56,9
2948,9.9500,0.2288,1,100.00,5
2949,9.9400,0.2287,1,66.67,6
2950,9.8500,0.2286,1,86.67,15
2951,9.8700,0.2285,1,100.00,13
2952,9.9000,0.2284,1,80.00,10
2953,9.8800,0.2282,1,83.33,12
2954,9.9400,0.2281,1,100.00,6
2955,9.9000,0.2280,1,100.00,10
2956,8.8600,0.2279,1,71.43,14
2957,9.3900,0.2278,1,72.73,11
2958,9.9700,0.2277,1,100.00,3
2959,9.8900,0.2276,1,63.64,11
2960,9.3900,0.2274,1,72.73,11
2961,9.8600,0.2273,1,50.00,14
2962,9.9900,0.2272,1,100.00,1
2963,9.8400,0.2271,1,50.00,16
2964,9.9200,0.2270,1,100.00,8
2965,9.4000,0.2269,1,90.00,10
2966,9.8700,0.2268,1,69.23,13
2967,9.3800,0.2266,1,75.00,12
2968,9.8900,0.2265,1,100.00,11
2969,9.8600,0.2264,1,71.43,14
2970,9.9000,0.2263,1,50.00,10
2971,9.8900,0.2262,1,63.64,11
2972,9.8400,0.2261,1,68.75,16
2973,9.9800,0.2260,1,100.00,2
2974,9.8900,0.2259,1,100.00,11
2975,9.4400,0.2257,1,50.00,6
2976,9.8800,0.2256,1,58.33,12
2977,9.9800,0.2255,1,100.00,2
2978,9.9600,0.2254,1,100.00,4
2979,9.9600,0.2253,1,100.00,4
2980,9.8600,0.2252,1,85.71,14
2981,9.9400,0.2251,1,100.00,6
2982,9.9800,0.2250,1,100.00,2
2983,9.9400,0.2248,1,100.00,6
2984,9.9000,0.2247,1,80.00,10
2985,9.8700,0.2246,1,84.62,13
2986,9.8700,0.2245,1,84.62,13
2987,9.9800,0.2244,1,100.00,2
2988,9.4700,0.2243,1,66.67,3
2989,9.9900,0.2242,1,100.00,1
2990,9.9100,0.2241,1,100.00,9
2991,9.3300,0.2239,1,64.71,17
2992,9.9500,0.2238,1,60.00,5
2993,9.3200,0.2237,1,61.11,18
2994,9.8800,0.2236,1,100.00,12
2995,9.8600,0.2235,1,71.43,14
2996,9.8700,0.2234,1,84.62,13
2997,9.8800,0.2233,1,83.33,12
2998,8.3100,0.2232,1,42.11,19
2999,9.8000,0.2230,1,70.00,20
3000,8.8600,0.2229,1,71.43,14
3001,9.8900,0.2228,1,100.00,11
3002,9.7300,0.2227,1,48.15,27
3003,9.4200,0.2226,1,87.50,8
3004,8.2100,0.2225,1,24.14,29
3005,9.9000,0.2224,1,100.00,10
3006,9.9800,0.2223,1,100.00,2
3007,9.9000,0.2222,1,80.00,10
3008,9.8400,0.2220,1,81.25,16
3009,9.2800,0.2219,1,59.09,22
3010,9.8800,0.2218,1,100.00,12
3011,9.3500,0.2217,1,40.00,15
3012,9.9000,0.2216,1,100.00,10
3013,9.8500,0.2215,1,73.33,15
3014,9.9600,0.2214,1,100.00,4
3015,9.4500,0.2213,1,80.00,5
3016,9.3700,0.2212,1,92.31,13
3017,9.4600,0.2210,1,75.00,4
3018,9.9100,0.2209,1,100.00,9
3019,9.9000,0.2208,1,80.00,10
3020,9.9500,0.2207,1,60.00,5
3021,9.9600,0.2206,1,100.00,4
3022,9.9400,0.2205,1,100.00,6
3023,9.8600,0.2204,1,57.14,14
3024,9.8400,0.2203,1,62.50,16
3025,9.8300,0.2202,1,76.47,17
3026,9.2800,0.2201,1,50.00,22
3027,9.8400,0.2199,1,75.00,16
3028,8.9300,0.2198,1,42.86,7
3029,9.9700,0.2197,1,33.33,3
3030,9.3300,0.2196,1,70.59,17
3031,9.8600,0.2195,1,85.71,14
3032,9.4100,0.2194,1,88.89,9
3033,9.9000,0.2193,1,80.00,10
3034,9.3800,0.2192,1,58.33,12
3035,9.9400,0.2191,1,100.00,6
3036,9.9100,0.2190,1,55.56,9
3037,9.9300,0.2188,1,71.43,7
3038,9.9400,0.2187,1,66.67,6
3039,9.9600,0.2186,1,100.00,4
3040,9.8600,0.2185,1,71.43,14
3041,9.9000,0.2184,1,80.00,10
3042,9.9000,0.2183,1,60.00,10
3043,9.9600,0.2182,1,100.00,4
3044,9.8100,0.2181,1,68.42,19
3045,9.9400,0.2180,1,100.00,6
3046,9.3800,0.2179,1,91.67,12
3047,9.9200,0.2178,1,75.00,8
3048,9.9300,0.2176,1,100.00,7
3049,9.9000,0.2175,1,100.00,10
3050,9.9500,0.2174,1,60.00,5
3051,9.9000,0.2173,1,60.00,10
3052,9.2700,0.2172,1,52.17,23
3053,9.8700,0.2171,1,69.23,13
3054,9.9200,0.2170,1,75.00,8
3055,9.8800,0.2169,1,100.00,12
3056,9.9400,0.2168,1,100.00,6
3057,9.9900,0.2167,1,100.00,1
3058,9.8500,0.2166,1,86.67,15
3059,9.3800,0.2165,1,58.33,12
3060,9.9600,0.2163,1,100.00,4
3061,9.8200,0.2162,1,55.56,18
3062,9.9500,0.2161,1,100.00,5
3063,9.2900,0.2160,1,57.14,21
3064,9.3700,0.2159,1,76.92,13
3065,9.4100,0.2158,1,88.89,9
3066,9.8900,0.2157,1,81.82,11
3067,9.8600,0.2156,1,42.86,14
3068,9.8700,0.2155,1,84.62,13
3069,9.9300,0.2154,1,100.00,7
3070,9.9700,0.2153,1,100.00,3
3071,9.8700,0.2152,1,84.62,13
3072,9.9700,0.2151,1,100.00,3
3073,9.9600,0.2149,1,100.00,4
3074,9.9600,0.2148,1,100.00,4
3075,9.9200,0.2147,1,100.00,8
3076,9.9500,0.2146,1,100.00,5
3077,9.9400,0.2145,1,100.00,6
3078,9.8700,0.2144,1,84.62,13
3079,9.9000,0.2143,1,100.00,10
3080,9.9900,0.2142,1,100.00,1
3081,9.9200,0.2141,1,62.50,8
3082,9.8800,0.2140,1,91.67,12
3083,9.9500,0.2139,1,80.00,5
3084,9.9200,0.2138,1,100.00,8
3085,9.8500,0.2137,1,100.00,15
3086,9.8900,0.2135,1,81.82,11
3087,9.9000,0.2134,1,80.00,10
3088,9.9500,0.2133,1,60.00,5
3089,8.8200,0.2132,1,55.56,18
3090,9.8800,0.2131,1,83.33,12
3091,9.8300,0.2130,1,76.47,17
3092,9.9600,0.2129,1,100.00,4
3093,9.8300,0.2128,1,64.71,17
3094,9.9300,0.2127,1,100.00,7
3095,9.8700,0.2126,1,84.62,13
3096,9.8700,0.2125,1,69.23,13
3097,9.8100,0.2124,1,68.42,19
3098,9.8300,0.2123,1,64.71,17
3099,9.4300,0.2122,1,57.14,7
3100,9.8900,0.2121,1,81.82,11
3101,9.9800,0.2120,1,100.00,2
3102,9.2800,0.2118,1,50.00,22
3103,9.8900,0.2117,1,63.64,11
3104,9.9600,0.2116,1,100.00,4
3105,9.9600,0.2115,1,100.00,4
3106,9.8500,0.2114,1,73.33,15
3107,9.8000,0.2113,1,50.00,20
3108,9.9300,0.2112,1,100.00,7
3109,9.9200,0.2111,1,75.00,8
3110,9.8800,0.2110,1,83.33,12
3111,9.9300,0.2109,1,71.43,7
3112,9.9800,0.2108,1,100.00,2
3113,8.3300,0.2107,1,70.59,17
3114,9.3700,0.2106,1,61.54,13
3115,9.9800,0.2105,1,100.00,2
3116,9.8600,0.2104,1,71.43,14
3117,9.9300,0.2103,1,100.00,7
3118,9.8900,0.2102,1,100.00,11
3119,9.9000,0.2101,1,100.00,10
3120,9.8600,0.2099,1,85.71,14
3121,9.8700,0.2098,1,69.23,13
3122,9.4000,0.2097,1,90.00,10
3123,9.8400,0.2096,1,87.50,16
3124,9.9600,0.2095,1,50.00,4
3125,9.8600,0.2094,1,100.00,14
3126,9.9400,0.2093,1,66.67,6
3127,9.9600,0.2092,1,100.00,4
3128,9.8700,0.2091,1,69.23,13
3129,9.8300,0.2090,1,76.47,17
3130,9.9600,0.2089,1,100.00,4
3131,9.8600,0.2088,1,57.14,14
3132,9.9700,0.2087,1,100.00,3
3133,9.8900,0.2086,1,81.82,11
3134,9.8800,0.2085,1,83.33,12
3135,9.7900,0.2084,1,71.43,21
3136,9.8700,0.2083,1,84.62,13
3137,9.9700,0.2082,1,100.00,3
3138,9.2600,0.2081,1,45.83,24
3139,9.9900,0.2080,1,100.00,1
3140,9.8800,0.2079,1,83.33,12
3141,9.9900,0.2078,1,100.00,1
3142,9.8600,0.2077,1,85.71,14
3143,9.8400,0.2075,1,62.50,16
3144,9.3400,0.2074,1,68.75,16
3145,9.9000,0.2073,1,80.00,10
3146,9.9000,0.2072,1,60.00,10
3147,9.9200,0.2071,1,100.00,8
3148,9.8800,0.2070,1,83.33,12
3149,9.9200,0.2069,1,100.00,8
3150,9.9700,0.2068,1,100.00,3
3151,9.9600,0.2067,1,100.00,4
3152,9.9900,0.2066,1,100.00,1
3153,9.8600,0.2065,1,71.43,14
3154,9.8800,0.2064,1,75.00,12
3155,9.8600,0.2063,1,85.71,14
3156,9.8800,0.2062,1,83.33,12
3157,8.7900,0.2061,1,61.90,21
3158,9.8900,0.2060,1,100.00,11
3159,8.9200,0.2059,1,62.50,8
3160,9.8900,0.2058,1,100.00,11
3161,9.9400,0.2057,1,100.00,6
3162,9.3700,0.2056,1,76.92,13
3163,9.3700,0.2055,1,92.31,13
3164,9.9000,0.2054,1,80.00,10
3165,9.9900,0.2053,1,100.00,1
3166,9.3700,0.2052,1,92.31,13
3167,9.8800,0.2051,1,83.33,12
3168,9.9400,0.2050,1,100.00,6
3169,9.9400,0.2049,1,100.00,6
3170,9.8800,0.2048,1,100.00,12
3171,9.8500,0.2047,1,73.33,15
3172,9.9200,0.2046,1,100.00,8
3173,9.8200,0.2045,1,55.56,18
3174,9.9400,0.2044,1,100.00,6
3175,9.9400,0.2043,1,66.67,6
3176,9.9000,0.2042,1,80.00,10
3177,9.8500,0.2040,1,73.33,15
3178,9.9000,0.2039,1,60.00,10
3179,9.9600,0.2038,1,100.00,4
3180,9.8800,0.2037,1,83.33,12
3181,9.9700,0.2036,1,100.00,3
3182,9.8400,0.2035,1,62.50,16
3183,9.9900,0.2034,1,100.00,1
3184,9.9800,0.2033,1,100.00,2
3185,9.7900,0.2032,1,52.38,21
3186,9.8700,0.2031,1,53.85,13
3187,9.9100,0.2030,1,100.00,9
3188,9.9400,0.2029,1,66.67,6
3189,9.8600,0.2028,1,85.71,14
3190,9.9300,0.2027,1,71.43,7
3191,9.4500,0.2026,1,80.00,5
3192,9.8900,0.2025,1,81.82,11
3193,9.8500,0.2024,1,86.67,15
3194,9.9400,0.2023,1,100.00,6
3195,9.9700,0.2022,1,100.00,3
3196,9.4200,0.2021,1,87.50,8
3197,9.3600,0.2020,1,92.86,14
3198,9.9400,0.2019,1,100.00,6
3199,9.8700,0.2018,1,69.23,13
3200,9.4000,0.2017,1,80.00,10
3201,9.8700,0.2016,1,69.23,13
3202,9.3900,0.2015,1,72.73,11
3203,8.8000,0.2014,1,50.00,20
3204,9.9000,0.2013,1,80.00,10
3205,9.7700,0.2012,1,65.22,23
3206,9.8800,0.2011,1,100.00,12
3207,9.9100,0.2010,1,77.78,9
3208,9.9300,0.2009,1,71.43,7
3209,9.8700,0.2008,1,53.85,13
3210,9.8800,0.2007,1,66.67,12
3211,9.8700,0.2006,1,100.00,13
3212,9.3200,0.2005,1,61.11,18
3213,9.9300,0.2004,1,100.00,7
3214,9.8900,0.2003,1,100.00,11
3215,9.9800,0.2002,1,100.00,2
3216,9.4200,0.2001,1,87.50,8
3217,9.3600,0.2000,1,78.57,14
3218,9.8300,0.1999,1,64.71,17
3219,9.9900,0.1998,1,100.00,1
3220,9.8700,0.1997,1,84.62,13
3221,9.9600,0.1996,1,100.00,4
3222,9.9600,0.1995,1,100.00,4
3223,9.8600,0.1994,1,71.43,14
3224,9.8800,0.1993,1,83.33,12
3225,9.9000,0.1992,1,100.00,10
3226,9.9700,0.1991,1,100.00,3
3227,9.9100,0.1990,1,100.00,9
3228,9.8200,0.1989,1,66.67,18
3229,9.9600,0.1988,1,50.00,4
3230,9.4000,0.1987,1,90.00,10
3231,9.3700,0.1986,1,92.31,13
3232,9.9900,0.1985,1,100.00,1
3233,9.9200,0.1984,1,75.00,8
3234,9.9800,0.1983,1,100.00,2
3235,9.9000,0.1982,1,100.00,10
3236,9.9800,0.1981,1,100.00,2
3237,9.3700,0.1980,1,76.92,13
3238,9.9300,0.1979,1,71.43,7
3239,9.8500,0.1978,1,86.67,15
3240,9.9300,0.1977,1,100.00,7
3241,9.9300,0.1976,1,100.00,7
3242,9.8900,0.1975,1,100.00,11
3243,9.9700,0.1974,1,100.00,3
3244,9.9100,0.1973,1,55.56,9
3245,9.9300,0.1972,1,71.43,7
3246,9.9200,0.1971,1,100.00,8
3247,9.9300,0.1970,1,100.00,7
3248,9.4400,0.1969,1,83.33,6
3249,9.9100,0.1968,1,100.00,9
3250,9.9700,0.1967,1,100.00,3
3251,9.8600,0.1966,1,92.86,14
3252,9.9500,0.1965,1,100.00,5
3253,9.9100,0.1964,1,100.00,9
3254,9.3700,0.1963,1,30.77,13
3255,8.8700,0.1962,1,84.62,13
3256,9.3600,0.1961,1,85.71,14
3257,9.9000,0.1960,1,100.00,10
3258,9.8800,0.1959,1,100.00,12
3259,9.8900,0.1958,1,100.00,11
3260,9.8700,0.1958,1,69.23,13
3261,8.9000,0.1957,1,80.00,10
3262,9.8600,0.1956,1,71.43,14
3263,9.8300,0.1955,1,76.47,17
3264,9.8800,0.1954,1,83.33,12
3265,9.9000,0.1953,1,80.00,10
3266,9.8300,0.1952,1,64.71,17
3267,9.9300,0.1951,1,42.86,7
3268,9.9500,0.1950,1,80.00,5
3269,9.9300,0.1949,1,100.00,7
3270,9.8400,0.1948,1,81.25,16
3271,9.9200,0.1947,1,75.00,8
3272,9.9900,0.1946,1,100.00,1
3273,9.9800,0.1945,1,100.00,2
3274,9.8500,0.1944,1,73.33,15
3275,9.8800,0.1943,1,83.33,12
3276,9.8700,0.1942,1,84.62,13
3277,9.9200,0.1941,1,75.00,8
3278,9.9600,0.1940,1,75.00,4
3279,9.3300,0.1939,1,70.59,17
3280,9.7900,0.1938,1,57.14,21
3281,9.3200,0.1937,1,61.11,18
3282,9.9500,0.1936,1,60.00,5
3283,9.4200,0.1935,1,62.50,8
3284,9.8500,0.1934,1,86.67,15
3285,9.9000,0.1933,1,100.00,10
3286,9.3600,0.1932,1,78.57,14
3287,9.9600,0.1931,1,100.00,4
3288,9.9500,0.1930,1,60.00,5
3289,9.9700,0.1929,1,100.00,3
3290,9.9600,0.1928,1,100.00,4
3291,9.9200,0.1927,1,100.00,8
3292,9.9100,0.1926,1,33.33,9
3293,9.8100,0.1925,1,57.89,19
3294,9.8600,0.1925,1,71.43,14
3295,9.8400,0.1924,1,68.75,16
3296,9.9600,0.1923,1,50.00,4
3297,9.9400,0.1922,1,66.67,6
3298,8.8000,0.1921,1,70.00,20
3299,9.9500,0.1920,1,100.00,5
3300,9.8900,0.1919,1,63.64,11
3301,9.8900,0.1918,1,100.00,11
3302,9.9900,0.1917,1,100.00,1
3303,9.9300,0.1916,1,71.43,7
3304,9.9400,0.1915,1,66.67,6
3305,9.9400,0.1914,1,66.67,6
3306,9.9000,0.1913,1,40.00,10
3307,9.8500,0.1912,1,86.67,15
3308,9.8100,0.1911,1,36.84,19
3309,9.8500,0.1910,1,46.67,15
3310,9.3500,0.1909,1,80.00,15
3311,9.9000,0.1908,1,100.00,10
3312,9.8000,0.1907,1,60.00,20
3313,9.9200,0.1906,1,100.00,8
3314,9.9000,0.1905,1,80.00,10
3315,9.8700,0.1904,1,100.00,13
3316,9.8900,0.1903,1,63.64,11
3317,9.9500,0.1903,1,100.00,5
3318,9.7800,0.1902,1,59.09,22
3319,8.8300,0.1901,1,41.18,17
3320,9.9700,0.1900,1,100.00,3
3321,9.9100,0.1899,1,77.78,9
3322,9.8600,0.1898,1,100.00,14
3323,9.9300,0.1897,1,100.00,7
3324,9.9300,0.1896,1,100.00,7
3325,9.9600,0.1895,1,100.00,4
3326,9.9000,0.1894,1,100.00,10
3327,9.9600,0.1893,1,50.00,4
3328,9.3800,0.1892,1,75.00,12
3329,9.8900,0.1891,1,63.64,11
3330,9.8400,0.1890,1,62.50,16
3331,9.3500,0.1889,1,53.33,15
3332,9.9800,0.1888,1,100.00,2
3333,9.9300,0.1887,1,71.43,7
3334,9.8500,0.1886,1,100.00,15
3335,9.3900,0.1885,1,90.91,11
3336,9.8900,0.1885,1,100.00,11
3337,9.9400,0.1884,1,66.67,6
3338,9.8500,0.1883,1,73.33,15
3339,9.9100,0.1882,1,77.78,9
3340,9.3600,0.1881,1,78.57,14
3341,9.8400,0.1880,1,75.00,16
3342,9.9300,0.1879,1,71.43,7
3343,9.4500,0.1878,1,80.00,5
3344,9.9000,0.1877,1,80.00,10
3345,9.9100,0.1876,1,77.78,9
3346,9.9600,0.1875,1,100.00,4
3347,9.9400,0.1874,1,100.00,6
3348,9.8900,0.1873,1,100.00,11
3349,9.9300,0.1872,1,100.00,7
3350,9.9000,0.1871,1,100.00,10
3351,9.8700,0.1870,1,100.00,13
3352,9.8400,0.1869,1,75.00,16
3353,9.9100,0.1869,1,100.00,9
3354,9.9700,0.1868,1,100.00,3
3355,9.8900,0.1867,1,100.00,11
3356,9.9400,0.1866,1,100.00,6
3357,9.9100,0.1865,1,100.00,9
3358,9.9100,0.1864,1,66.67,9
3359,9.9500,0.1863,1,100.00,5
3360,9.9100,0.1862,1,33.33,9
3361,9.9200,0.1861,1,75.00,8
3362,9.9300,0.1860,1,100.00,7
3363,9.8000,0.1859,1,70.00,20
3364,9.9100,0.1858,1,100.00,9
3365,9.9600,0.1857,1,100.00,4
3366,9.9000,0.1856,1,90.00,10
3367,9.8800,0.1856,1,100.00,12
3368,9.8900,0.1855,1,100.00,11
3369,9.8600,0.1854,1,57.14,14
3370,9.9500,0.1853,1,100.00,5
3371,9.8600,0.1852,1,71.43,14
3372,9.8800,0.1851,1,100.00,12
3373,9.7800,0.1850,1,63.64,22
3374,9.4100,0.1849,1,66.67,9
3375,9.3800,0.1848,1,91.67,12
3376,9.9500,0.1847,1,100.00,5
3377,9.8900,0.1846,1,81.82,11
3378,9.9900,0.1845,1,100.00,1
3379,9.8300,0.1844,1,64.71,17
3380,9.9100,0.1843,1,100.00,9
3381,9.8300,0.1843,1,52.94,17
3382,9.9200,0.1842,1,100.00,8
3383,9.8800,0.1841,1,100.00,12
3384,9.9200,0.1840,1,50.00,8
3385,9.9200,0.1839,1,100.00,8
3386,9.9600,0.1838,1,50.00,4
3387,9.8800,0.1837,1,83.33,12
3388,9.9100,0.1836,1,100.00,9
3389,9.8800,0.1835,1,75.00,12
3390,9.4600,0.1834,1,75.00,4
3391,9.9100,0.1833,1,100.00,9
3392,9.9500,0.1832,1,100.00,5
3393,9.9300,0.1832,1,100.00,7
3394,8.3000,0.1831,1,65.00,20
3395,9.8100,0.1830,1,73.68,19
3396,9.8400,0.1829,1,87.50,16
3397,9.9500,0.1828,1,80.00,5
3398,9.8900,0.1827,1,81.82,11
3399,9.3700,0.1826,1,61.54,13
3400,9.8600,0.1825,1,85.71,14
3401,9.8600,0.1824,1,57.14,14
3402,9.3400,0.1823,1,68.75,16
3403,9.3800,0.1822,1,75.00,12
3404,8.3200,0.1821,1,72.22,18
3405,9.9400,0.1821,1,100.00,6
3406,9.9600,0.1820,1,100.00,4
3407,9.9000,0.1819,1,100.00,10
3408,9.9600,0.1818,1,100.00,4
3409,9.9400,0.1817,1,100.00,6
3410,9.9700,0.1816,1,66.67,3
3411,9.8700,0.1815,1,84.62,13
3412,9.8600,0.1814,1,71.43,14
3413,9.8800,0.1813,1,83.33,12
3414,9.9100,0.1812,1,77.78,9
3415,9.9800,0.1812,1,100.00,2
3416,9.8900,0.1811,1,100.00,11
3417,9.9500,0.1810,1,60.00,5
3418,9.9900,0.1809,1,100.00,1
3419,9.9500,0.1808,1,80.00,5
3420,9.9000,0.1807,1,80.00,10
3421,9.3700,0.1806,1,92.31,13
3422,9.9600,0.1805,1,100.00,4
3423,9.9400,0.1804,1,66.67,6
3424,9.9200,0.1803,1,100.00,8
3425,9.9900,0.1802,1,100.00,1
3426,9.9500,0.1802,1,100.00,5
3427,9.3500,0.1801,1,80.00,15
3428,9.9400,0.1800,1,100.00,6
3429,9.9500,0.1799,1,100.00,5
3430,9.9400,0.1798,1,66.67,6
3431,9.9000,0.1797,1,60.00,10
3432,9.9300,0.1796,1,71.43,7
3433,9.9200,0.1795,1,75.00,8
3434,9.8900,0.1794,1,100.00,11
3435,9.3700,0.1793,1,92.31,13
3436,9.8500,0.1793,1,86.67,15
3437,9.8500,0.1792,1,73.33,15
3438,9.9200,0.1791,1,75.00,8
3439,9.4200,0.1790,1,87.50,8
3440,9.3300,0.1789,1,82.35,17
3441,9.8200,0.1788,1,66.67,18
3442,9.9700,0.1787,1,66.67,3
3443,9.9500,0.1786,1,100.00,5
3444,9.8700,0.1785,1,100.00,13
3445,9.4500,0.1785,1,80.00,5
3446,9.4200,0.1784,1,87.50,8
3447,9.8800,0.1783,1,83.33,12
3448,9.9900,0.1782,1,100.00,1
3449,9.8500,0.1781,1,73.33,15
3450,9.8600,0.1780,1,85.71,14
3451,9.8800,0.1779,1,83.33,12
3452,9.9100,0.1778,1,77.78,9
3453,9.9000,0.1777,1,100.00,10
3454,9.9600,0.1777,1,100.00,4
3455,9.9000,0.1776,1,100.00,10
3456,9.9400,0.1775,1,83.33,6
3457,9.8900,0.1774,1,100.00,11
3458,9.9700,0.1773,1,100.00,3
3459,9.8900,0.1772,1,72.73,11
3460,9.9000,0.1771,1,80.00,10
3461,9.9100,0.1770,1,100.00,9
3462,9.9600,0.1769,1,100.00,4
3463,9.7700,0.1769,1,47.83,23
3464,9.8900,0.1768,1,81.82,11
3465,9.9600,0.1767,1,100.00,4
3466,9.8300,0.1766,1,76.47,17
3467,9.9000,0.1765,1,90.00,10
3468,9.9800,0.1764,1,100.00,2
3469,9.9200,0.1763,1,100.00,8
3470,9.8600,0.1762,1,85.71,14
3471,9.8800,0.1761,1,66.67,12
3472,9.9100,0.1761,1,77.78,9
3473,9.8600,0.1760,1,85.71,14
3474,9.8500,0.1759,1,86.67,15
3475,9.8100,0.1758,1,57.89,19
3476,9.9600,0.1757,1,100.00,4
3477,9.9400,0.1756,1,66.67,6
3478,9.8900,0.1755,1,45.45,11
3479,9.9400,0.1754,1,66.67,6
3480,9.8900,0.1754,1,100.00,11
3481,9.8600,0.1753,1,85.71,14
3482,9.9300,0.1752,1,100.00,7
3483,9.9500,0.1751,1,100.00,5
3484,9.9600,0.1750,1,100.00,4
3485,9.8800,0.1749,1,100.00,12
3486,9.4300,0.1748,1,85.71,7
3487,9.8500,0.1747,1,73.33,15
3488,9.9100,0.1747,1,100.00,9
3489,9.8900,0.1746,1,100.00,11
3490,9.3300,0.1745,1,58.82,17
3491,9.9700,0.1744,1,100.00,3
3492,9.9600,0.1743,1,100.00,4
3493,9.9500,0.1742,1,100.00,5
3494,9.8100,0.1741,1,63.16,19
3495,9.8900,0.1740,1,81.82,11
3496,9.9200,0.1740,1,75.00,8
3497,9.9600,0.1739,1,100.00,4
3498,9.8800,0.1738,1,83.33,12
3499,9.8900,0.1737,1,63.64,11
3500,9.8900,0.1736,1,100.00,11
3501,9.9300,0.1735,1,100.00,7
3502,9.8700,0.1734,1,84.62,13
3503,9.8600,0.1734,1,71.43,14
3504,9.9500,0.1733,1,100.00,5
3505,9.9100,0.1732,1,77.78,9
3506,9.9300,0.1731,1,100.00,7
3507,9.9500,0.1730,1,100.00,5
3508,9.7800,0.1729,1,68.18,22
3509,9.9700,0.1728,1,100.00,3
3510,9.4000,0.1727,1,90.00,10
3511,9.8600,0.1727,1,85.71,14
3512,9.8400,0.1726,1,62.50,16
3513,9.9500,0.1725,1,100.00,5
3514,9.3300,0.1724,1,88.24,17
3515,9.9300,0.1723,1,42.86,7
3516,9.8900,0.1722,1,100.00,11
3517,9.9500,0.1721,1,100.00,5
3518,9.8700,0.1721,1,100.00,13
3519,9.9600,0.1720,1,100.00,4
3520,9.3200,0.1719,1,72.22,18
3521,9.8700,0.1718,1,84.62,13
3522,9.9100,0.1717,1,100.00,9
3523,9.4100,0.1716,1,88.89,9
3524,9.9500,0.1715,1,100.00,5
3525,9.9100,0.1715,1,100.00,9
3526,9.8900,0.1714,1,100.00,11
3527,9.8300,0.1713,1,76.47,17
3528,9.8700,0.1712,1,84.62,13
3529,9.8600,0.1711,1,71.43,14
3530,9.9900,0.1710,1,100.00,1
3531,9.9700,0.1709,1,100.00,3
3532,9.8700,0.1709,1,84.62,13
3533,9.8200,0.1708,1,77.78,18
3534,9.9400,0.1707,1,100.00,6
3535,9.8800,0.1706,1,100.00,12
3536,9.8800,0.1705,1,83.33,12
3537,9.8700,0.1704,1,38.46,13
3538,9.4300,0.1703,1,85.71,7
3539,9.4400,0.1703,1,83.33,6
3540,9.8500,0.1702,1,86.67,15
3541,9.8700,0.1701,1,84.62,13
3542,9.9500,0.1700,1,100.00,5
3543,9.9100,0.1699,1,100.00,9
3544,9.9400,0.1698,1,100.00,6
3545,9.9300,0.1697,1,100.00,7
3546,9.9100,0.1697,1,100.00,9
3547,9.9600,0.1696,1,100.00,4
3548,9.9400,0.1695,1,100.00,6
3549,9.9600,0.1694,1,100.00,4
3550,8.8400,0.1693,1,75.00,16
3551,9.8300,0.1692,1,64.71,17
3552,9.3500,0.1692,1,80.00,15
3553,9.8900,0.1691,1,81.82,11
3554,9.3500,0.1690,1,80.00,15
3555,9.9200,0.1689,1,100.00,8
3556,9.9500,0.1688,1,100.00,5
3557,9.9800,0.1687,1,100.00,2
3558,9.8800,0.1686,1,100.00,12
3559,9.8600,0.1686,1,64.29,14
3560,9.3400,0.1685,1,75.00,16
3561,9.9600,0.1684,1,100.00,4
3562,9.8300,0.1683,1,76.47,17
3563,9.9600,0.1682,1,50.00,4
3564,9.8800,0.1681,1,100.00,12
3565,9.9300,0.1681,1,42.86,7
3566,9.9800,0.1680,1,50.00,2
3567,9.9800,0.1679,1,100.00,2
3568,9.9700,0.1678,1,100.00,3
3569,9.9400,0.1677,1,100.00,6
3570,9.8700,0.1676,1,84.62,13
3571,9.9800,0.1676,1,100.00,2
3572,9.3600,0.1675,1,78.57,14
3573,9.8900,0.1674,1,81.82,11
3574,9.9000,0.1673,1,80.00,10
3575,9.8000,0.1672,1,70.00,20
3576,9.9000,0.1671,1,80.00,10
3577,9.9300,0.1671,1,100.00,7
3578,9.8900,0.1670,1,81.82,11
3579,9.9600,0.1669,1,50.00,4
3580,9.9200,0.1668,1,100.00,8
3581,9.9200,0.1667,1,75.00,8
3582,9.9300,0.1666,1,100.00,7
3583,9.9800,0.1666,1,100.00,2
3584,9.9100,0.1665,1,100.00,9
3585,9.8900,0.1664,1,100.00,11
3586,9.8800,0.1663,1,83.33,12
3587,9.3500,0.1662,1,73.33,15
3588,9.9500,0.1661,1,100.00,5
3589,9.9800,0.1661,1,100.00,2
3590,9.9600,0.1660,1,100.00,4
3591,9.8800,0.1659,1,100.00,12
3592,9.9700,0.1658,1,100.00,3
3593,8.8000,0.1657,1,60.00,20
3594,9.9300,0.1656,1,100.00,7
3595,9.8200,0.1656,1,72.22,18
3596,9.8700,0.1655,1,100.00,13
3597,9.8700,0.1654,1,84.62,13
3598,9.8500,0.1653,1,73.33,15
3599,9.8700,0.1652,1,92.31,13
3600,9.8300,0.1651,1,52.94,17
3601,9.8800,0.1651,1,83.33,12
3602,9.9900,0.1650,1,100.00,1
3603,9.4300,0.1649,1,85.71,7
3604,9.8600,0.1648,1,71.43,14
3605,9.9500,0.1647,1,100.00,5
3606,9.8600,0.1646,1,57.14,14
3607,9.9300,0.1646,1,100.00,7
3608,9.9300,0.1645,1,85.71,7
3609,9.8700,0.1644,1,84.62,13
3610,9.8800,0.1643,1,100.00,12
3611,9.9000,0.1642,1,100.00,10
3612,9.9800,0.1642,1,100.00,2
3613,9.9900,0.1641,1,100.00,1
3614,9.9900,0.1640,1,100.00,1
3615,9.9100,0.1639,1,100.00,9
3616,9.8600,0.1638,1,100.00,14
3617,9.7500,0.1637,1,60.00,25
3618,9.9500,0.1637,1,100.00,5
3619,9.8400,0.1636,1,62.50,16
3620,9.9000,0.1635,1,100.00,10
3621,9.8700,0.1634,1,69.23,13
3622,9.8700,0.1633,1,69.23,13
3623,9.8600,0.1633,1,85.71,14
3624,9.9400,0.1632,1,66.67,6
3625,9.8800,0.1631,1,100.00,12
3626,9.9000,0.1630,1,80.00,10
3627,9.8700,0.1629,1,84.62,13
3628,9.8600,0.1628,1,78.57,14
3629,9.9200,0.1628,1,100.00,8
3630,9.3900,0.1627,1,54.55,11
3631,9.9100,0.1626,1,77.78,9
3632,9.8600,0.1625,1,100.00,14
3633,9.8500,0.1624,1,60.00,15
3634,9.9600,0.1624,1,100.00,4
3635,9.9200,0.1623,1,75.00,8
3636,9.8900,0.1622,1,81.82,11
3637,9.9400,0.1621,1,100.00,6
3638,9.9400,0.1620,1,100.00,6
3639,9.4300,0.1620,1,85.71,7
3640,9.3700,0.1619,1,92.31,13
3641,9.9200,0.1618,1,75.00,8
3642,9.9100,0.1617,1,77.78,9
3643,9.8700,0.1616,1,84.62,13
3644,9.8500,0.1615,1,100.00,15
3645,9.9000,0.1615,1,100.00,10
3646,9.4000,0.1614,1,90.00,10
3647,9.9500,0.1613,1,60.00,5
3648,9.3600,0.1612,1,92.86,14
3649,9.9500,0.1611,1,100.00,5
3650,9.9500,0.1611,1,60.00,5
3651,9.8600,0.1610,1,71.43,14
3652,9.8900,0.1609,1,81.82,11
3653,9.9200,0.1608,1,75.00,8
3654,9.8700,0.1607,1,84.62,13
3655,9.3300,0.1607,1,58.82,17
3656,9.8100,0.1606,1,78.95,19
3657,9.9900,0.1605,1,100.00,1
3658,9.9700,0.1604,1,100.00,3
3659,9.9400,0.1603,1,100.00,6
3660,9.9500,0.1603,1,100.00,5
3661,9.9000,0.1602,1,100.00,10
3662,9.9200,0.1601,1,75.00,8
3663,9.9300,0.1600,1,71.43,7
3664,9.9000,0.1599,1,80.00,10
3665,9.9400,0.1599,1,100.00,6
3666,9.8300,0.1598,1,58.82,17
3667,9.9300,0.1597,1,71.43,7
3668,9.4200,0.1596,1,87.50,8
3669,9.4200,0.1595,1,62.50,8
3670,9.8000,0.1595,1,50.00,20
3671,9.9300,0.1594,1,100.00,7
3672,9.8800,0.1593,1,66.67,12
3673,9.4100,0.1592,1,88.89,9
3674,9.9800,0.1591,1,100.00,2
3675,9.8800,0.1591,1,100.00,12
3676,9.9200,0.1590,1,75.00,8
3677,9.8600,0.1589,1,78.57,14
3678,9.3800,0.1588,1,91.67,12
3679,9.8800,0.1587,1,83.33,12
3680,9.8600,0.1587,1,71.43,14
3681,9.9700,0.1586,1,100.00,3
3682,9.9400,0.1585,1,100.00,6
3683,9.8900,0.1584,1,100.00,11
3684,8.8700,0.1583,1,84.62,13
3685,9.8500,0.1583,1,60.00,15
3686,9.8500,0.1582,1,73.33,15
3687,9.9800,0.1581,1,100.00,2
3688,9.3800,0.1580,1,75.00,12
3689,9.9700,0.1580,1,100.00,3
3690,9.8700,0.1579,1,84.62,13
3691,9.8000,0.1578,1,70.00,20
3692,9.3600,0.1577,1,78.57,14
3693,9.8500,0.1576,1,60.00,15
3694,9.9000,0.1576,1,100.00,10
3695,9.4000,0.1575,1,90.00,10
3696,9.9000,0.1574,1,100.00,10
3697,9.9400,0.1573,1,66.67,6
3698,9.8700,0.1572,1,76.92,13
3699,9.9300,0.1572,1,71.43,7
3700,9.8500,0.1571,1,73.33,15
3701,9.8600,0.1570,1,85.71,14
3702,9.9200,0.1569,1,100.00,8
3703,9.8600,0.1569,1,71.43,14
3704,9.8300,0.1568,1,76.47,17
3705,9.9200,0.1567,1,75.00,8
3706,9.8700,0.1566,1,69.23,13
3707,9.8400,0.1565,1,87.50,16
3708,9.9300,0.1565,1,100.00,7
3709,9.8000,0.1564,1,70.00,20
3710,9.8900,0.1563,1,81.82,11
3711,8.8400,0.1562,1,75.00,16
3712,8.8400,0.1561,1,75.00,16
3713,9.4500,0.1561,1,80.00,5
3714,9.9200,0.1560,1,100.00,8
3715,9.9900,0.1559,1,100.00,1
3716,9.8600,0.1558,1,85.71,14
3717,9.8100,0.1558,1,78.95,19
3718,9.9600,0.1557,1,100.00,4
3719,9.3400,0.1556,1,68.75,16
3720,9.8900,0.1555,1,100.00,11
3721,9.8100,0.1554,1,47.37,19
3722,9.8200,0.1554,1,66.67,18
3723,9.4600,0.1553,1,75.00,4
3724,9.9600,0.1552,1,100.00,4
3725,9.8200,0.1551,1,66.67,18
3726,9.9900,0.1551,1,100.00,1
3727,9.9000,0.1550,1,80.00,10
3728,9.9300,0.1549,1,100.00,7
3729,9.9000,0.1548,1,100.00,10
3730,9.9800,0.1547,1,100.00,2
3731,9.9100,0.1547,1,100.00,9
3732,9.8600,0.1546,1,85.71,14
3733,9.8500,0.1545,1,73.33,15
3734,9.9900,0.1544,1,100.00,1
3735,9.8900,0.1544,1,63.64,11
3736,9.9200,0.1543,1,75.00,8
3737,8.8800,0.1542,1,83.33,12
3738,9.8800,0.1541,1,83.33,12
3739,9.9000,0.1541,1,100.00,10
3740,9.9800,0.1540,1,100.00,2
3741,9.9000,0.1539,1,80.00,10
3742,9.3700,0.1538,1,76.92,13
3743,9.9000,0.1537,1,80.00,10
3744,9.3800,0.1537,1,91.67,12
3745,9.8700,0.1536,1,84.62,13
3746,9.9200,0.1535,1,75.00,8
3747,9.8600,0.1534,1,64.29,14
3748,9.9200,0.1534,1,75.00,8
3749,9.9700,0.1533,1,33.33,3
3750,9.9400,0.1532,1,100.00,6
3751,9.9500,0.1531,1,100.00,5
3752,9.9200,0.1531,1,100.00,8
3753,9.9000,0.1530,1,100.00,10
3754,9.8400,0.1529,1,87.50,16
3755,9.9800,0.1528,1,100.00,2
3756,9.8800,0.1527,1,100.00,12
3757,9.9600,0.1527,1,100.00,4
3758,9.8700,0.1526,1,69.23,13
3759,9.4200,0.1525,1,87.50,8
3760,9.3400,0.1524,1,68.75,16
3761,9.9100,0.1524,1,100.00,9
3762,9.8900,0.1523,1,100.00,11
3763,9.9200,0.1522,1,100.00,8
3764,9.9200,0.1521,1,50.00,8
3765,9.9100,0.1521,1,77.78,9
3766,9.9600,0.1520,1,100.00,4
3767,9.8600,0.1519,1,71.43,14
3768,9.8700,0.1518,1,69.23,13
3769,9.9500,0.1518,1,100.00,5
3770,9.9600,0.1517,1,100.00,4
3771,9.8800,0.1516,1,50.00,12
3772,9.9300,0.1515,1,100.00,7
3773,9.8400,0.1515,1,75.00,16
3774,9.8800,0.1514,1,83.33,12
3775,9.8800,0.1513,1,83.33,12
3776,9.9300,0.1512,1,42.86,7
3777,9.8500,0.1512,1,86.67,15
3778,9.3600,0.1511,1,64.29,14
3779,9.8900,0.1510,1,100.00,11
3780,9.8800,0.1509,1,100.00,12
3781,9.9000,0.1508,1,100.00,10
3782,9.8900,0.1508,1,100.00,11
3783,9.9300,0.1507,1,100.00,7
3784,9.9600,0.1506,1,100.00,4
3785,9.8600,0.1505,1,100.00,14
3786,9.9600,0.1505,1,100.00,4
3787,9.9800,0.1504,1,100.00,2
3788,9.4000,0.1503,1,70.00,10
3789,9.9900,0.1502,1,100.00,1
3790,9.9100,0.1502,1,100.00,9
3791,9.8400,0.1501,1,62.50,16
3792,9.9100,0.1500,1,55.56,9
3793,9.9300,0.1499,1,100.00,7
3794,9.9400,0.1499,1,66.67,6
3795,9.9700,0.1498,1,100.00,3
3796,9.4200,0.1497,1,87.50,8
3797,9.9800,0.1496,1,100.00,2
3798,9.9600,0.1496,1,100.00,4
3799,9.3700,0.1495,1,76.92,13
3800,9.8800,0.1494,1,83.33,12
3801,9.9900,0.1493,1,100.00,1
3802,9.8900,0.1493,1,100.00,11
3803,9.9900,0.1492,1,100.00,1
3804,9.9200,0.1491,1,100.00,8
3805,9.9100,0.1490,1,55.56,9
3806,9.9600,0.1490,1,100.00,4
3807,9.4100,0.1489,1,66.67,9
3808,9.9100,0.1488,1,100.00,9
3809,9.8400,0.1488,1,62.50,16
3810,9.4100,0.1487,1,88.89,9
3811,9.9600,0.1486,1,100.00,4
3812,9.9700,0.1485,1,100.00,3
3813,8.8900,0.1485,1,81.82,11
3814,9.4300,0.1484,1,85.71,7
3815,9.4400,0.1483,1,83.33,6
3816,9.9300,0.1482,1,100.00,7
3817,9.9500,0.1482,1,100.00,5
3818,9.9600,0.1481,1,100.00,4
3819,9.9400,0.1480,1,100.00,6
3820,9.9200,0.1479,1,75.00,8
3821,9.8600,0.1479,1,85.71,14
3822,9.8500,0.1478,1,73.33,15
3823,9.9600,0.1477,1,100.00,4
3824,9.8700,0.1476,1,84.62,13
3825,9.4000,0.1476,1,40.00,10
3826,9.9500,0.1475,1,100.00,5
3827,9.8300,0.1474,1,64.71,17
3828,9.8900,0.1473,1,100.00,11
3829,9.9500,0.1473,1,100.00,5
3830,9.8300,0.1472,1,76.47,17
3831,9.8700,0.1471,1,100.00,13
3832,9.9600,0.1471,1,100.00,4
3833,9.3800,0.1470,1,91.67,12
3834,9.9300,0.1469,1,100.00,7
3835,9.8200,0.1468,1,83.33,18
3836,9.3900,0.1468,1,90.91,11
3837,9.9200,0.1467,1,100.00,8
3838,9.8900,0.1466,1,63.64,11
3839,9.9200,0.1465,1,100.00,8
3840,9.3800,0.1465,1,91.67,12
3841,9.8800,0.1464,1,100.00,12
3842,9.9300,0.1463,1,71.43,7
3843,9.9900,0.1462,1,100.00,1
3844,9.8700,0.1462,1,84.62,13
3845,9.8400,0.1461,1,62.50,16
3846,9.9400,0.1460,1,83.33,6
3847,9.3800,0.1460,1,66.67,12
3848,9.8600,0.1459,1,71.43,14
3849,9.9400,0.1458,1,66.67,6
3850,9.9100,0.1457,1,100.00,9
3851,9.8900,0.1457,1,81.82,11
3852,9.9400,0.1456,1,100.00,6
3853,9.8800,0.1455,1,100.00,12
3854,9.9300,0.1454,1,100.00,7
3855,9.9600,0.1454,1,100.00,4
3856,9.9200,0.1453,1,75.00,8
3857,9.9500,0.1452,1,100.00,5
3858,9.8700,0.1452,1,84.62,13
3859,9.9400,0.1451,1,100.00,6
3860,9.8900,0.1450,1,81.82,11
3861,9.8400,0.1449,1,87.50,16
3862,9.9300,0.1449,1,71.43,7
3863,9.9900,0.1448,1,100.00,1
3864,9.8500,0.1447,1,73.33,15
3865,9.9200,0.1446,1,100.00,8
3866,9.8600,0.1446,1,85.71,14
3867,9.8500,0.1445,1,73.33,15
3868,9.4300,0.1444,1,57.14,7
3869,9.4100,0.1444,1,88.89,9
3870,9.9300,0.1443,1,71.43,7
3871,9.8600,0.1442,1,71.43,14
3872,9.9300,0.1441,1,100.00,7
3873,9.8400,0.1441,1,87.50,16
3874,9.9800,0.1440,1,100.00,2
3875,9.9700,0.1439,1,100.00,3
3876,9.3800,0.1438,1,91.67,12
3877,9.9000,0.1438,1,80.00,10
3878,9.9700,0.1437,1,100.00,3
3879,9.3300,0.1436,1,52.94,17
3880,9.3800,0.1436,1,91.67,12
3881,9.8300,0.1435,1,76.47,17
3882,9.8300,0.1434,1,58.82,17
3883,9.4000,0.1433,1,70.00,10
3884,9.9600,0.1433,1,100.00,4
3885,9.9200,0.1432,1,100.00,8
3886,9.9000,0.1431,1,80.00,10
3887,9.8800,0.1431,1,100.00,12
3888,9.8500,0.1430,1,73.33,15
3889,9.4100,0.1429,1,88.89,9
3890,9.9400,0.1428,1,66.67,6
3891,9.9400,0.1428,1,100.00,6
3892,9.8500,0.1427,1,86.67,15
3893,9.9100,0.1426,1,100.00,9
3894,9.9200,0.1426,1,100.00,8
3895,9.9100,0.1425,1,77.78,9
3896,9.9700,0.1424,1,100.00,3
3897,9.9500,0.1423,1,100.00,5
3898,9.9200,0.1423,1,75.00,8
3899,9.9000,0.1422,1,80.00,10
3900,9.9000,0.1421,1,100.00,10
3901,9.8500,0.1421,1,73.33,15
3902,9.9400,0.1420,1,100.00,6
3903,9.9400,0.1419,1,100.00,6
3904,9.8400,0.1418,1,87.50,16
3905,9.8700,0.1418,1,69.23,13
3906,9.9200,0.1417,1,100.00,8
3907,9.9600,0.1416,1,100.00,4
3908,9.9800,0.1416,1,100.00,2
3909,9.8900,0.1415,1,81.82,11
3910,9.9400,0.1414,1,100.00,6
3911,9.8900,0.1414,1,81.82,11
3912,9.9900,0.1413,1,100.00,1
3913,9.9400,0.1412,1,100.00,6
3914,9.8800,0.1411,1,66.67,12
3915,9.9400,0.1411,1,100.00,6
3916,9.9100,0.1410,1,100.00,9
3917,9.9300,0.1409,1,100.00,7
3918,9.3700,0.1409,1,61.54,13
3919,9.8800,0.1408,1,83.33,12
3920,9.8600,0.1407,1,85.71,14
3921,9.8600,0.1406,1,92.86,14
3922,9.8900,0.1406,1,81.82,11
3923,9.8500,0.1405,1,86.67,15
3924,9.9400,0.1404,1,100.00,6
3925,9.9100,0.1404,1,100.00,9
3926,9.8700,0.1403,1,84.62,13
3927,9.9100,0.1402,1,100.00,9
3928,9.9100,0.1402,1,100.00,9
3929,9.9100,0.1401,1,77.78,9
3930,9.8500,0.1400,1,86.67,15
3931,9.8900,0.1399,1,81.82,11
3932,9.3500,0.1399,1,93.33,15
3933,9.9400,0.1398,1,100.00,6
3934,9.8900,0.1397,1,100.00,11
3935,9.9300,0.1397,1,71.43,7
3936,9.8700,0.1396,1,84.62,13
3937,9.8800,0.1395,1,100.00,12
3938,9.9100,0.1395,1,100.00,9
3939,9.8500,0.1394,1,73.33,15
3940,9.9500,0.1393,1,100.00,5
3941,9.8800,0.1392,1,83.33,12
3942,9.9700,0.1392,1,100.00,3
3943,9.9100,0.1391,1,100.00,9
3944,9.4000,0.1390,1,70.00,10
3945,9.9200,0.1390,1,100.00,8
3946,9.9700,0.1389,1,100.00,3
3947,8.8800,0.1388,1,83.33,12
3948,9.9000,0.1388,1,80.00,10
3949,9.4300,0.1387,1,57.14,7
3950,9.9600,0.1386,1,100.00,4
3951,9.9800,0.1386,1,100.00,2
3952,9.4000,0.1385,1,90.00,10
3953,9.8900,0.1384,1,81.82,11
3954,9.8900,0.1383,1,100.00,11
3955,9.9000,0.1383,1,100.00,10
3956,9.8600,0.1382,1,85.71,14
3957,9.8900,0.1381,1,100.00,11
3958,9.8500,0.1381,1,60.00,15
3959,9.9300,0.1380,1,100.00,7
3960,9.4000,0.1379,1,90.00,10
3961,9.9500,0.1379,1,100.00,5
3962,9.4000,0.1378,1,90.00,10
3963,9.9200,0.1377,1,75.00,8
3964,9.8800,0.1377,1,50.00,12
3965,9.9100,0.1376,1,100.00,9
3966,9.8300,0.1375,1,70.59,17
3967,9.9600,0.1374,1,100.00,4
3968,9.9500,0.1374,1,100.00,5
3969,9.3700,0.1373,1,76.92,13
3970,9.9000,0.1372,1,60.00,10
3971,9.9200,0.1372,1,75.00,8
3972,9.4100,0.1371,1,44.44,9
3973,9.8800,0.1370,1,83.33,12
3974,9.8600,0.1370,1,71.43,14
3975,9.9000,0.1369,1,100.00,10
3976,9.9300,0.1368,1,100.00,7
3977,9.8900,0.1368,1,63.64,11
3978,9.9200,0.1367,1,75.00,8
3979,9.9300,0.1366,1,100.00,7
3980,9.9100,0.1366,1,100.00,9
3981,9.9700,0.1365,1,100.00,3
3982,9.8900,0.1364,1,81.82,11
3983,9.8900,0.1364,1,81.82,11
3984,9.8400,0.1363,1,62.50,16
3985,9.7900,0.1362,1,71.43,21
3986,9.3800,0.1361,1,91.67,12
3987,9.9300,0.1361,1,100.00,7
3988,9.9600,0.1360,1,100.00,4
3989,9.4100,0.1359,1,88.89,9
3990,9.8200,0.1359,1,77.78,18
3991,9.9200,0.1358,1,100.00,8
3992,9.9300,0.1357,1,85.71,7
3993,9.9500,0.1357,1,100.00,5
3994,9.9400,0.1356,1,100.00,6
3995,9.9400,0.1355,1,100.00,6
3996,9.9200,0.1355,1,100.00,8
3997,9.8800,0.1354,1,83.33,12
3998,9.9300,0.1353,1,100.00,7
3999,9.8600,0.1353,1,85.71,14
4000,9.9200,0.1352,1,50.00,8
4001,9.8500,0.1351,1,86.67,15
4002,9.8600,0.1351,1,85.71,14
4003,9.4300,0.1350,1,85.71,7
4004,9.3500,0.1349,1,93.33,15
4005,9.9500,0.1349,1,60.00,5
4006,9.9200,0.1348,1,100.00,8
4007,9.9400,0.1347,1,66.67,6
4008,9.8700,0.1347,1,69.23,13
4009,9.9700,0.1346,1,100.00,3
4010,9.9600,0.1345,1,100.00,4
4011,9.9000,0.1345,1,80.00,10
4012,9.8900,0.1344,1,100.00,11
4013,9.9700,0.1343,1,100.00,3
4014,9.9500,0.1343,1,100.00,5
4015,9.9500,0.1342,1,100.00,5
4016,9.9500,0.1341,1,100.00,5
4017,9.8900,0.1341,1,100.00,11
4018,9.8800,0.1340,1,100.00,12
4019,9.9900,0.1339,1,100.00,1
4020,9.8700,0.1339,1,84.62,13
4021,9.3900,0.1338,1,90.91,11
4022,9.9600,0.1337,1,100.00,4
4023,9.9000,0.1337,1,80.00,10
4024,9.9300,0.1336,1,100.00,7
4025,9.9000,0.1335,1,80.00,10
4026,9.9500,0.1335,1,100.00,5
4027,9.9800,0.1334,1,100.00,2
4028,9.9700,0.1333,1,66.67,3
4029,9.9500,0.1333,1,100.00,5
4030,9.9800,0.1332,1,100.00,2
4031,9.4200,0.1331,1,75.00,8
4032,9.9600,0.1331,1,100.00,4
4033,9.8800,0.1330,1,83.33,12
4034,9.9000,0.1329,1,100.00,10
4035,9.9900,0.1329,1,100.00,1
4036,9.9900,0.1328,1,100.00,1
4037,9.9000,0.1327,1,80.00,10
4038,8.8200,0.1327,1,61.11,18
4039,9.9200,0.1326,1,100.00,8
4040,9.9000,0.1325,1,100.00,10
4041,9.8300,0.1325,1,76.47,17
4042,9.4800,0.1324,1,50.00,2
4043,9.8900,0.1323,1,81.82,11
4044,9.3300,0.1323,1,82.35,17
4045,9.8900,0.1322,1,100.00,11
4046,9.9000,0.1321,1,60.00,10
4047,9.9000,0.1321,1,60.00,10
4048,9.9100,0.1320,1,100.00,9
4049,9.9300,0.1319,1,100.00,7
4050,9.8600,0.1319,1,100.00,14
4051,9.3800,0.1318,1,91.67,12
4052,9.9400,0.1317,1,100.00,6
4053,9.8900,0.1317,1,100.00,11
4054,9.8800,0.1316,1,100.00,12
4055,9.8500,0.1315,1,73.33,15
4056,9.9200,0.1315,1,100.00,8
4057,9.8700,0.1314,1,84.62,13
4058,9.9400,0.1313,1,100.00,6
4059,9.9400,0.1313,1,83.33,6
4060,8.3400,0.1312,1,68.75,16
4061,9.9400,0.1311,1,100.00,6
4062,9.9000,0.1311,1,80.00,10
4063,9.9200,0.1310,1,75.00,8
4064,9.9500,0.1309,1,100.00,5
4065,9.4700,0.1309,1,66.67,3
4066,9.9400,0.1308,1,100.00,6
4067,9.3900,0.1307,1,90.91,11
4068,9.8800,0.1307,1,83.33,12
4069,9.9200,0.1306,1,75.00,8
4070,9.9300,0.1305,1,100.00,7
4071,9.9900,0.1305,1,100.00,1
4072,9.9400,0.1304,1,100.00,6
4073,9.4000,0.1304,1,50.00,10
4074,9.9000,0.1303,1,100.00,10
4075,9.8700,0.1302,1,100.00,13
4076,9.9500,0.1302,1,100.00,5
4077,9.9700,0.1301,1,100.00,3
4078,9.8800,0.1300,1,83.33,12
4079,9.9700,0.1300,1,100.00,3
4080,9.8800,0.1299,1,100.00,12
4081,9.8500,0.1298,1,86.67,15
4082,9.9500,0.1298,1,100.00,5
4083,9.9900,0.1297,1,100.00,1
4084,9.9800,0.1296,1,100.00,2
4085,9.3700,0.1296,1,92.31,13
4086,9.8800,0.1295,1,66.67,12
4087,9.9000,0.1294,1,100.00,10
4088,9.9800,0.1294,1,100.00,2
4089,9.9300,0.1293,1,100.00,7
4090,9.9400,0.1292,1,100.00,6
4091,9.9200,0.1292,1,100.00,8
4092,9.9500,0.1291,1,100.00,5
4093,9.3600,0.1291,1,78.57,14
4094,9.3600,0.1290,1,78.57,14
4095,9.9800,0.1289,1,100.00,2
4096,9.8300,0.1289,1,76.47,17
4097,9.8700,0.1288,1,100.00,13
4098,9.9300,0.1287,1,100.00,7
4099,9.9400,0.1287,1,100.00,6
4100,9.8800,0.1286,1,66.67,12
4101,9.9200,0.1285,1,100.00,8
4102,9.8700,0.1285,1,100.00,13
4103,9.8200,0.1284,1,77.78,18
4104,9.9600,0.1283,1,100.00,4
4105,9.9500,0.1283,1,40.00,5
4106,9.9400,0.1282,1,100.00,6
4107,9.9400,0.1282,1,100.00,6
4108,9.8900,0.1281,1,81.82,11
4109,9.9100,0.1280,1,55.56,9
4110,9.3800,0.1280,1,58.33,12
4111,9.9300,0.1279,1,71.43,7
4112,9.8900,0.1278,1,100.00,11
4113,9.9200,0.1278,1,100.00,8
4114,9.8900,0.1277,1,100.00,11
4115,9.3700,0.1276,1,76.92,13
4116,9.9100,0.1276,1,100.00,9
4117,9.9200,0.1275,1,87.50,8
4118,9.8100,0.1275,1,57.89,19
4119,9.9100,0.1274,1,77.78,9
4120,9.8900,0.1273,1,81.82,11
4121,9.8900,0.1273,1,100.00,11
4122,9.9700,0.1272,1,100.00,3
4123,9.9400,0.1271,1,100.00,6
4124,9.9100,0.1271,1,100.00,9
4125,9.9500,0.1270,1,100.00,5
4126,9.9300,0.1269,1,71.43,7
4127,9.9000,0.1269,1,100.00,10
4128,9.9800,0.1268,1,100.00,2
4129,9.9300,0.1268,1,71.43,7
4130,9.9400,0.1267,1,100.00,6
4131,9.8900,0.1266,1,100.00,11
4132,9.9100,0.1266,1,100.00,9
4133,9.8800,0.1265,1,83.33,12
4134,9.9000,0.1264,1,100.00,10
4135,9.9000,0.1264,1,100.00,10
4136,9.8800,0.1263,1,100.00,12
4137,9.9000,0.1262,1,100.00,10
4138,9.8500,0.1262,1,73.33,15
4139,9.9600,0.1261,1,100.00,4
4140,9.4000,0.1261,1,50.00,10
4141,9.9100,0.1260,1,77.78,9
4142,9.3700,0.1259,1,92.31,13
4143,9.9200,0.1259,1,100.00,8
4144,9.9400,0.1258,1,100.00,6
4145,9.8600,0.1257,1,85.71,14
4146,9.8700,0.1257,1,100.00,13
4147,9.9500,0.1256,1,60.00,5
4148,9.9000,0.1256,1,60.00,10
4149,9.8900,0.1255,1,100.00,11
4150,9.9900,0.1254,1,100.00,1
4151,9.9000,0.1254,1,100.00,10
4152,9.9400,0.1253,1,100.00,6
4153,9.8900,0.1252,1,100.00,11
4154,9.9000,0.1252,1,80.00,10
4155,9.8600,0.1251,1,85.71,14
4156,9.8800,0.1251,1,100.00,12
4157,9.9200,0.1250,1,100.00,8
4158,9.8500,0.1249,1,73.33,15
4159,9.9100,0.1249,1,100.00,9
4160,9.8900,0.1248,1,81.82,11
4161,9.9400,0.1247,1,100.00,6
4162,9.8800,0.1247,1,83.33,12
4163,9.8900,0.1246,1,100.00,11
4164,9.8300,0.1246,1,76.47,17
4165,9.8500,0.1245,1,73.33,15
4166,9.8900,0.1244,1,100.00,11
4167,9.9000,0.1244,1,100.00,10
4168,9.8900,0.1243,1,100.00,11
4169,9.3600,0.1242,1,78.57,14
4170,9.8500,0.1242,1,86.67,15
4171,9.8900,0.1241,1,100.00,11
4172,9.8700,0.1241,1,84.62,13
4173,9.9600,0.1240,1,100.00,4
4174,9.9200,0.1239,1,100.00,8
4175,9.9100,0.1239,1,100.00,9
4176,9.9200,0.1238,1,100.00,8
4177,9.9500,0.1237,1,20.00,5
4178,9.9000,0.1237,1,70.00,10
4179,9.9500,0.1236,1,100.00,5
4180,9.9100,0.1236,1,100.00,9
4181,9.9100,0.1235,1,77.78,9
4182,9.8900,0.1234,1,100.00,11
4183,9.8800,0.1234,1,83.33,12
4184,9.9400,0.1233,1,100.00,6
4185,9.8700,0.1233,1,100.00,13
4186,9.9600,0.1232,1,100.00,4
4187,9.4300,0.1231,1,57.14,7
4188,9.4000,0.1231,1,90.00,10
4189,9.4100,0.1230,1,88.89,9
4190,9.9900,0.1229,1,100.00,1
4191,9.9300,0.1229,1,100.00,7
4192,9.9900,0.1228,1,100.00,1
4193,9.8600,0.1228,1,85.71,14
4194,9.8600,0.1227,1,92.86,14
4195,9.9600,0.1226,1,100.00,4
4196,9.9400,0.1226,1,100.00,6
4197,9.8900,0.1225,1,81.82,11
4198,9.9100,0.1225,1,77.78,9
4199,9.8600,0.1224,1,71.43,14
4200,9.9400,0.1223,1,100.00,6
4201,9.3800,0.1223,1,91.67,12
4202,9.9300,0.1222,1,100.00,7
4203,9.9100,0.1221,1,100.00,9
4204,9.4100,0.1221,1,88.89,9
4205,9.8600,0.1220,1,100.00,14
4206,9.9000,0.1220,1,100.00,10
4207,9.9400,0.1219,1,100.00,6
4208,9.9500,0.1218,1,100.00,5
4209,9.9600,0.1218,1,100.00,4
4210,9.9300,0.1217,1,100.00,7
4211,9.9700,0.1217,1,100.00,3
4212,9.9600,0.1216,1,100.00,4
4213,9.8700,0.1215,1,84.62,13
4214,9.9400,0.1215,1,100.00,6
4215,9.9500,0.1214,1,100.00,5
4216,9.9400,0.1214,1,100.00,6
4217,8.8700,0.1213,1,69.23,13
4218,9.4000,0.1212,1,90.00,10
4219,9.8900,0.1212,1,100.00,11
4220,9.9300,0.1211,1,100.00,7
4221,9.3500,0.1211,1,66.67,15
4222,9.9300,0.1210,1,100.00,7
4223,9.9600,0.1209,1,100.00,4
4224,9.9300,0.1209,1,100.00,7
4225,9.9700,0.1208,1,100.00,3
4226,9.3700,0.1208,1,76.92,13
4227,9.8200,0.1207,1,66.67,18
4228,9.8900,0.1206,1,81.82,11
4229,9.8600,0.1206,1,85.71,14
4230,9.9500,0.1205,1,100.00,5
4231,9.9900,0.1204,1,100.00,1
4232,9.3700,0.1204,1,76.92,13
4233,9.9200,0.1203,1,100.00,8
4234,9.9600,0.1203,1,100.00,4
4235,9.4200,0.1202,1,62.50,8
4236,9.8600,0.1201,1,100.00,14
4237,9.8300,0.1201,1,64.71,17
4238,9.8600,0.1200,1,71.43,14
4239,9.9000,0.1200,1,70.00,10
4240,9.8700,0.1199,1,69.23,13
4241,9.8800,0.1198,1,83.33,12
4242,9.9300,0.1198,1,100.00,7
4243,9.8900,0.1197,1,81.82,11
4244,9.8500,0.1197,1,73.33,15
4245,9.8700,0.1196,1,84.62,13
4246,9.9600,0.1195,1,100.00,4
4247,9.8600,0.1195,1,100.00,14
4248,9.8900,0.1194,1,100.00,11
4249,9.3700,0.1194,1,92.31,13
4250,9.9400,0.1193,1,66.67,6
4251,9.9600,0.1193,1,100.00,4
4252,9.8700,0.1192,1,84.62,13
4253,9.8900,0.1191,1,100.00,11
4254,9.9100,0.1191,1,100.00,9
4255,9.4100,0.1190,1,88.89,9
4256,9.8500,0.1190,1,73.33,15
4257,9.9000,0.1189,1,80.00,10
4258,9.9000,0.1188,1,100.00,10
4259,9.9500,0.1188,1,100.00,5
4260,9.9000,0.1187,1,100.00,10
4261,9.8500,0.1187,1,73.33,15
4262,9.9500,0.1186,1,100.00,5
4263,9.9300,0.1185,1,100.00,7
4264,9.8800,0.1185,1,83.33,12
4265,9.8700,0.1184,1,69.23,13
4266,9.9100,0.1184,1,100.00,9
4267,9.8900,0.1183,1,81.82,11
4268,9.9000,0.1182,1,80.00,10
4269,9.4000,0.1182,1,90.00,10
4270,9.4000,0.1181,1,90.00,10
4271,9.8900,0.1181,1,81.82,11
4272,9.9100,0.1180,1,100.00,9
4273,9.9500,0.1179,1,100.00,5
4274,9.8800,0.1179,1,83.33,12
4275,9.9200,0.1178,1,100.00,8
4276,9.4400,0.1178,1,83.33,6
4277,9.9800,0.1177,1,100.00,2
4278,9.4200,0.1177,1,87.50,8
4279,9.9400,0.1176,1,100.00,6
4280,9.9600,0.1175,1,100.00,4
4281,9.9900,0.1175,1,100.00,1
4282,9.8300,0.1174,1,88.24,17
4283,9.9900,0.1174,1,100.00,1
4284,9.8600,0.1173,1,100.00,14
4285,9.9900,0.1172,1,100.00,1
4286,9.9500,0.1172,1,100.00,5
4287,8.3600,0.1171,1,78.57,14
4288,9.8500,0.1171,1,93.33,15
4289,9.9200,0.1170,1,100.00,8
4290,9.8700,0.1169,1,84.62,13
4291,9.9300,0.1169,1,100.00,7
4292,9.9100,0.1168,1,55.56,9
4293,9.9000,0.1168,1,100.00,10
4294,9.9300,0.1167,1,100.00,7
4295,9.8700,0.1167,1,84.62,13
4296,9.8800,0.1166,1,83.33,12
4297,9.4400,0.1165,1,83.33,6
4298,9.4000,0.1165,1,50.00,10
4299,9.8200,0.1164,1,66.67,18
4300,9.8900,0.1164,1,81.82,11
4301,9.3900,0.1163,1,90.91,11
4302,9.8800,0.1162,1,83.33,12
4303,9.9200,0.1162,1,100.00,8
4304,9.8700,0.1161,1,100.00,13
4305,9.9500,0.1161,1,100.00,5
4306,9.9000,0.1160,1,100.00,10
4307,9.9100,0.1160,1,100.00,9
4308,9.4300,0.1159,1,57.14,7
4309,9.8900,0.1158,1,81.82,11
4310,9.9900,0.1158,1,100.00,1
4311,9.8800,0.1157,1,100.00,12
4312,9.4200,0.1157,1,87.50,8
4313,9.9000,0.1156,1,100.00,10
4314,9.9300,0.1156,1,100.00,7
4315,9.9400,0.1155,1,66.67,6
4316,9.9200,0.1154,1,100.00,8
4317,9.9200,0.1154,1,75.00,8
4318,9.9800,0.1153,1,100.00,2
4319,9.4100,0.1153,1,88.89,9
4320,9.9400,0.1152,1,100.00,6
4321,9.9100,0.1151,1,55.56,9
4322,9.8700,0.1151,1,84.62,13
4323,9.8800,0.1150,1,83.33,12
4324,9.9200,0.1150,1,75.00,8
4325,9.8900,0.1149,1,63.64,11
4326,9.3400,0.1149,1,68.75,16
4327,9.9400,0.1148,1,66.67,6
4328,9.4400,0.1147,1,83.33,6
4329,9.9300,0.1147,1,100.00,7
4330,9.8900,0.1146,1,100.00,11
4331,9.9400,0.1146,1,100.00,6
4332,9.9000,0.1145,1,80.00,10
4333,9.9500,0.1145,1,100.00,5
4334,9.9400,0.1144,1,100.00,6
4335,9.9900,0.1143,1,100.00,1
4336,9.8800,0.1143,1,83.33,12
4337,9.9600,0.1142,1,100.00,4
4338,9.9500,0.1142,1,100.00,5
4339,9.8900,0.1141,1,81.82,11
4340,9.8900,0.1141,1,100.00,11
4341,9.9100,0.1140,1,100.00,9
4342,9.9500,0.1139,1,100.00,5
4343,9.9600,0.1139,1,50.00,4
4344,9.8800,0.1138,1,91.67,12
4345,9.9400,0.1138,1,100.00,6
4346,9.9500,0.1137,1,100.00,5
4347,9.3700,0.1137,1,92.31,13
4348,9.9000,0.1136,1,100.00,10
4349,9.9000,0.1135,1,100.00,10
4350,9.8900,0.1135,1,100.00,11
4351,9.9800,0.1134,1,100.00,2
4352,9.9100,0.1134,1,100.00,9
4353,9.9000,0.1133,1,80.00,10
4354,9.9700,0.1133,1,100.00,3
4355,9.4500,0.1132,1,80.00,5
4356,9.9600,0.1131,1,100.00,4
4357,9.9400,0.1131,1,100.00,6
4358,9.9200,0.1130,1,87.50,8
4359,9.8500,0.1130,1,73.33,15
4360,9.8900,0.1129,1,81.82,11
4361,9.9300,0.1129,1,100.00,7
4362,9.9200,0.1128,1,100.00,8
4363,9.9400,0.1128,1,100.00,6
4364,9.8700,0.1127,1,69.23,13
4365,9.9000,0.1126,1,100.00,10
4366,9.8700,0.1126,1,69.23,13
4367,9.8700,0.1125,1,69.23,13
4368,9.8500,0.1125,1,86.67,15
4369,9.8600,0.1124,1,85.71,14
4370,9.8300,0.1124,1,58.82,17
4371,9.9000,0.1123,1,60.00,10
4372,9.9600,0.1122,1,100.00,4
4373,9.8400,0.1122,1,75.00,16
4374,9.9700,0.1121,1,100.00,3
4375,9.9000,0.1121,1,100.00,10
4376,9.9900,0.1120,1,100.00,1
4377,9.9600,0.1120,1,100.00,4
4378,9.9200,0.1119,1,100.00,8
4379,9.9600,0.1119,1,100.00,4
4380,9.8900,0.1118,1,100.00,11
4381,9.9300,0.1117,1,100.00,7
4382,9.9600,0.1117,1,100.00,4
4383,9.8500,0.1116,1,73.33,15
4384,9.8800,0.1116,1,100.00,12
4385,9.9900,0.1115,1,100.00,1
4386,9.9800,0.1115,1,100.00,2
4387,9.8600,0.1114,1,85.71,14
4388,9.8600,0.1114,1,71.43,14
4389,9.9300,0.1113,1,100.00,7
4390,9.8300,0.1112,1,88.24,17
4391,9.9500,0.1112,1,100.00,5
4392,9.9200,0.1111,1,100.00,8
4393,9.9100,0.1111,1,100.00,9
4394,8.3700,0.1110,1,76.92,13
4395,9.9800,0.1110,1,100.00,2
4396,9.9900,0.1109,1,100.00,1
4397,9.9200,0.1109,1,100.00,8
4398,9.9600,0.1108,1,100.00,4
4399,9.9100,0.1107,1,77.78,9
4400,9.9100,0.1107,1,100.00,9
4401,9.8900,0.1106,1,100.00,11
4402,9.4200,0.1106,1,62.50,8
4403,9.8900,0.1105,1,100.00,11
4404,9.8900,0.1105,1,100.00,11
4405,9.9500,0.1104,1,100.00,5
4406,9.9400,0.1104,1,66.67,6
4407,9.9200,0.1103,1,100.00,8
4408,9.9700,0.1102,1,100.00,3
4409,9.8900,0.1102,1,81.82,11
4410,9.9300,0.1101,1,100.00,7
4411,9.8600,0.1101,1,71.43,14
4412,9.9000,0.1100,1,100.00,10
4413,9.9200,0.1100,1,100.00,8
4414,9.9200,0.1099,1,75.00,8
4415,9.9500,0.1099,1,100.00,5
4416,9.9600,0.1098,1,100.00,4
4417,9.8600,0.1097,1,100.00,14
4418,9.9200,0.1097,1,100.00,8
4419,9.8900,0.1096,1,100.00,11
4420,9.9000,0.1096,1,100.00,10
4421,9.4300,0.1095,1,85.71,7
4422,9.4000,0.1095,1,70.00,10
4423,9.9200,0.1094,1,50.00,8
4424,9.9600,0.1094,1,100.00,4
4425,9.9300,0.1093,1,100.00,7
4426,9.9700,0.1093,1,100.00,3
4427,9.9900,0.1092,1,100.00,1
4428,9.8600,0.1091,1,100.00,14
4429,9.8700,0.1091,1,84.62,13
4430,9.9200,0.1090,1,100.00,8
4431,9.8900,0.1090,1,100.00,11
4432,9.9900,0.1089,1,100.00,1
4433,9.9600,0.1089,1,100.00,4
4434,9.8800,0.1088,1,100.00,12
4435,9.9400,0.1088,1,100.00,6
4436,9.8800,0.1087,1,83.33,12
4437,9.8700,0.1087,1,100.00,13
4438,9.9200,0.1086,1,100.00,8
4439,9.9000,0.1085,1,100.00,10
4440,9.9200,0.1085,1,75.00,8
4441,9.9500,0.1084,1,60.00,5
4442,9.9900,0.1084,1,100.00,1
4443,9.8600,0.1083,1,85.71,14
4444,9.9200,0.1083,1,100.00,8
4445,9.8600,0.1082,1,85.71,14
4446,9.8800,0.1082,1,100.00,12
4447,9.9000,0.1081,1,100.00,10
4448,9.8900,0.1081,1,100.00,11
4449,9.9500,0.1080,1,100.00,5
4450,9.9800,0.1080,1,100.00,2
4451,9.8700,0.1079,1,100.00,13
4452,9.8700,0.1078,1,69.23,13
4453,9.9100,0.1078,1,77.78,9
4454,9.8800,0.1077,1,100.00,12
4455,9.8600,0.1077,1,85.71,14
4456,9.9100,0.1076,1,100.00,9
4457,9.9000,0.1076,1,100.00,10
4458,9.4200,0.1075,1,87.50,8
4459,9.9000,0.1075,1,100.00,10
4460,9.8800,0.1074,1,83.33,12
4461,9.8800,0.1074,1,83.33,12
4462,9.9100,0.1073,1,100.00,9
4463,9.9300,0.1073,1,100.00,7
4464,9.9800,0.1072,1,100.00,2
4465,9.9100,0.1071,1,77.78,9
4466,9.8700,0.1071,1,84.62,13
4467,9.9900,0.1070,1,100.00,1
4468,9.9200,0.1070,1,100.00,8
4469,9.9800,0.1069,1,100.00,2
4470,9.9400,0.1069,1,100.00,6
4471,9.9200,0.1068,1,87.50,8
4472,9.9300,0.1068,1,100.00,7
4473,9.9100,0.1067,1,100.00,9
4474,9.9100,0.1067,1,100.00,9
4475,8.8600,0.1066,1,85.71,14
4476,9.8800,0.1066,1,83.33,12
4477,9.8700,0.1065,1,84.62,13
4478,9.9300,0.1065,1,71.43,7
4479,9.9600,0.1064,1,100.00,4
4480,9.3900,0.1063,1,54.55,11
4481,9.3700,0.1063,1,76.92,13
4482,9.8700,0.1062,1,69.23,13
4483,9.9600,0.1062,1,50.00,4
4484,9.9900,0.1061,1,100.00,1
4485,9.3800,0.1061,1,91.67,12
4486,9.3700,0.1060,1,76.92,13
4487,9.9700,0.1060,1,33.33,3
4488,9.9800,0.1059,1,100.00,2
4489,9.8700,0.1059,1,100.00,13
4490,9.8900,0.1058,1,100.00,11
4491,9.9900,0.1058,1,100.00,1
4492,9.8900,0.1057,1,100.00,11
4493,9.9300,0.1057,1,100.00,7
4494,9.9500,0.1056,1,100.00,5
4495,9.9100,0.1056,1,100.00,9
4496,9.8800,0.1055,1,66.67,12
4497,9.8800,0.1054,1,100.00,12
4498,9.3000,0.1054,1,75.00,20
4499,9.9900,0.1053,1,100.00,1
4500,9.3500,0.1053,1,80.00,15
4501,9.9200,0.1052,1,87.50,8
4502,9.9600,0.1052,1,100.00,4
4503,9.9100,0.1051,1,100.00,9
4504,9.9700,0.1051,1,100.00,3
4505,9.8900,0.1050,1,100.00,11
4506,9.9500,0.1050,1,60.00,5
4507,9.8900,0.1049,1,100.00,11
4508,9.8300,0.1049,1,88.24,17
4509,9.8400,0.1048,1,87.50,16
4510,9.9500,0.1048,1,100.00,5
4511,9.3700,0.1047,1,92.31,13
4512,9.9000,0.1047,1,100.00,10
4513,9.3700,0.1046,1,76.92,13
4514,9.8500,0.1046,1,86.67,15
4515,9.9600,0.1045,1,50.00,4
4516,9.8900,0.1044,1,100.00,11
4517,9.9000,0.1044,1,100.00,10
4518,9.9900,0.1043,1,100.00,1
4519,9.9300,0.1043,1,71.43,7
4520,9.9600,0.1042,1,100.00,4
4521,9.9700,0.1042,1,33.33,3
4522,9.9300,0.1041,1,71.43,7
4523,9.9200,0.1041,1,100.00,8
4524,9.9400,0.1040,1,83.33,6
4525,9.8200,0.1040,1,77.78,18
4526,9.9300,0.1039,1,100.00,7
4527,9.9600,0.1039,1,50.00,4
4528,9.9100,0.1038,1,100.00,9
4529,9.9200,0.1038,1,100.00,8
4530,9.9800,0.1037,1,100.00,2
4531,9.9400,0.1037,1,100.00,6
4532,9.9000,0.1036,1,100.00,10
4533,9.8500,0.1036,1,100.00,15
4534,9.9700,0.1035,1,100.00,3
4535,9.9000,0.1035,1,100.00,10
4536,9.8900,0.1034,1,81.82,11
4537,9.9700,0.1034,1,100.00,3
4538,9.9100,0.1033,1,100.00,9
4539,9.8900,0.1033,1,100.00,11
4540,9.9800,0.1032,1,100.00,2
4541,9.9000,0.1032,1,80.00,10
4542,9.8800,0.1031,1,83.33,12
4543,9.9200,0.1030,1,100.00,8
4544,9.3300,0.1030,1,58.82,17
4545,9.8800,0.1029,1,100.00,12
4546,9.9300,0.1029,1,100.00,7
4547,9.8700,0.1028,1,100.00,13
4548,9.9200,0.1028,1,100.00,8
4549,9.8700,0.1027,1,69.23,13
4550,9.9000,0.1027,1,100.00,10
4551,9.9300,0.1026,1,71.43,7
4552,9.9100,0.1026,1,77.78,9
4553,9.9800,0.1025,1,100.00,2
4554,9.8800,0.1025,1,83.33,12
4555,9.9000,0.1024,1,60.00,10
4556,9.9300,0.1024,1,100.00,7
4557,9.3900,0.1023,1,90.91,11
4558,9.8900,0.1023,1,81.82,11
4559,9.4600,0.1022,1,75.00,4
4560,9.9400,0.1022,1,100.00,6
4561,9.9100,0.1021,1,100.00,9
4562,9.9800,0.1021,1,100.00,2
4563,9.9300,0.1020,1,85.71,7
4564,9.9700,0.1020,1,100.00,3
4565,9.8900,0.1019,1,81.82,11
4566,9.9600,0.1019,1,100.00,4
4567,9.9800,0.1018,1,100.00,2
4568,9.8800,0.1018,1,83.33,12
4569,9.8800,0.1017,1,83.33,12
4570,9.4100,0.1017,1,66.67,9
4571,9.9600,0.1016,1,100.00,4
4572,9.8800,0.1016,1,83.33,12
4573,9.9200,0.1015,1,100.00,8
4574,9.9400,0.1015,1,66.67,6
4575,9.8900,0.1014,1,100.00,11
4576,9.9400,0.1014,1,100.00,6
4577,9.9900,0.1013,1,100.00,1
4578,9.9200,0.1013,1,100.00,8
4579,9.9200,0.1012,1,100.00,8
4580,9.9000,0.1012,1,100.00,10
4581,9.9200,0.1011,1,75.00,8
4582,9.9600,0.1011,1,100.00,4
4583,9.9300,0.1010,1,100.00,7
4584,9.9400,0.1010,1,100.00,6
4585,9.9400,0.1009,1,100.00,6
4586,9.9100,0.1009,1,77.78,9
4587,9.9100,0.1008,1,100.00,9
4588,9.9000,0.1008,1,100.00,10
4589,9.8900,0.1007,1,100.00,11
4590,9.3900,0.1007,1,90.91,11
4591,9.9100,0.1006,1,77.78,9
4592,9.9900,0.1006,1,100.00,1
4593,9.8500,0.1005,1,73.33,15
4594,9.9100,0.1005,1,100.00,9
4595,9.8500,0.1004,1,86.67,15
4596,9.9600,0.1004,1,100.00,4
4597,9.9800,0.1003,1,100.00,2
4598,9.4600,0.1003,1,75.00,4
4599,9.9100,0.1002,1,100.00,9
4600,9.8900,0.1002,1,100.00,11
4601,9.8800,0.1001,1,83.33,12
4602,9.9000,0.1001,1,100.00,10
4603,9.9900,0.1000,1,100.00,1
4604,9.9400,0.1000,1,100.00,6
4605,9.9400,0.0999,1,100.00,6
4606,9.9800,0.0999,1,100.00,2
4607,9.9600,0.0998,1,100.00,4
4608,9.8700,0.0998,1,84.62,13
4609,9.8500,0.0997,1,60.00,15
4610,9.4400,0.0997,1,83.33,6
4611,9.9400,0.0996,1,100.00,6
4612,9.9700,0.0996,1,100.00,3
4613,8.8100,0.0995,1,52.63,19
4614,9.9300,0.0995,1,100.00,7
4615,9.9000,0.0994,1,100.00,10
4616,9.8900,0.0994,1,81.82,11
4617,9.8600,0.0993,1,85.71,14
4618,9.9500,0.0993,1,100.00,5
4619,9.9100,0.0992,1,100.00,9
4620,9.8900,0.0992,1,81.82,11
4621,9.9500,0.0991,1,100.00,5
4622,9.9000,0.0991,1,80.00,10
4623,9.8600,0.0990,1,71.43,14
4624,9.9200,0.0990,1,100.00,8
4625,9.3400,0.0989,1,81.25,16
4626,9.9700,0.0989,1,100.00,3
4627,9.3800,0.0988,1,91.67,12
4628,9.8500,0.0988,1,73.33,15
4629,9.9200,0.0987,1,75.00,8
4630,9.9200,0.0987,1,100.00,8
4631,9.8700,0.0986,1,69.23,13
4632,9.9100,0.0986,1,77.78,9
4633,9.8700,0.0985,1,69.23,13
4634,9.9100,0.0985,1,77.78,9
4635,9.9200,0.0984,1,100.00,8
4636,9.8500,0.0984,1,100.00,15
4637,9.8700,0.0983,1,84.62,13
4638,9.9000,0.0983,1,100.00,10
4639,9.9300,0.0982,1,100.00,7
4640,9.9500,0.0982,1,100.00,5
4641,9.9300,0.0981,1,100.00,7
4642,9.8600,0.0981,1,85.71,14
4643,9.9100,0.0980,1,100.00,9
4644,9.9400,0.0980,1,100.00,6
4645,9.9600,0.0979,1,100.00,4
4646,9.9100,0.0979,1,77.78,9
4647,9.9400,0.0978,1,100.00,6
4648,9.8900,0.0978,1,100.00,11
4649,9.9600,0.0977,1,100.00,4
4650,9.9700,0.0977,1,100.00,3
4651,9.9300,0.0976,1,100.00,7
4652,9.8900,0.0976,1,100.00,11
4653,9.9300,0.0975,1,71.43,7
4654,9.9400,0.0975,1,100.00,6
4655,9.9800,0.0974,1,100.00,2
4656,9.9700,0.0974,1,100.00,3
4657,9.8900,0.0973,1,100.00,11
4658,9.9100,0.0973,1,100.00,9
4659,9.8500,0.0972,1,73.33,15
4660,9.9400,0.0972,1,100.00,6
4661,9.9000,0.0971,1,100.00,10
4662,9.8700,0.0971,1,84.62,13
4663,9.9500,0.0970,1,100.00,5
4664,9.8900,0.0970,1,81.82,11
4665,9.8800,0.0969,1,100.00,12
4666,8.4200,0.0969,1,62.50,8
4667,9.9600,0.0969,1,100.00,4
4668,9.9300,0.0968,1,100.00,7
4669,9.9300,0.0968,1,71.43,7
4670,9.9100,0.0967,1,100.00,9
4671,9.9300,0.0967,1,71.43,7
4672,9.9800,0.0966,1,100.00,2
4673,9.3100,0.0966,1,73.68,19
4674,9.8000,0.0965,1,70.00,20
4675,9.8900,0.0965,1,100.00,11
4676,9.8700,0.0964,1,69.23,13
4677,9.9700,0.0964,1,100.00,3
4678,9.8900,0.0963,1,81.82,11
4679,9.9400,0.0963,1,100.00,6
4680,9.9500,0.0962,1,100.00,5
4681,9.9500,0.0962,1,100.00,5
4682,9.9800,0.0961,1,100.00,2
4683,9.9500,0.0961,1,100.00,5
4684,9.4000,0.0960,1,90.00,10
4685,9.9500,0.0960,1,60.00,5
4686,9.9900,0.0959,1,100.00,1
4687,9.9300,0.0959,1,100.00,7
4688,9.9900,0.0958,1,100.00,1
4689,9.8500,0.0958,1,73.33,15
4690,9.9200,0.0957,1,100.00,8
4691,9.9100,0.0957,1,100.00,9
4692,9.9600,0.0956,1,100.00,4
4693,9.8900,0.0956,1,100.00,11
4694,9.8800,0.0956,1,100.00,12
4695,9.9500,0.0955,1,100.00,5
4696,9.8900,0.0955,1,100.00,11
4697,9.9100,0.0954,1,100.00,9
4698,9.9000,0.0954,1,100.00,10
4699,9.8700,0.0953,1,84.62,13
4700,9.9000,0.0953,1,60.00,10
4701,9.9400,0.0952,1,100.00,6
4702,9.3300,0.0952,1,70.59,17
4703,9.9200,0.0951,1,100.00,8
4704,9.9200,0.0951,1,100.00,8
4705,9.9100,0.0950,1,100.00,9
4706,9.9900,0.0950,1,100.00,1
4707,9.9000,0.0949,1,80.00,10
4708,9.9500,0.0949,1,100.00,5
4709,9.8600,0.0948,1,71.43,14
4710,9.8800,0.0948,1,83.33,12
4711,9.9100,0.0947,1,100.00,9
4712,9.8400,0.0947,1,93.75,16
4713,9.8600,0.0946,1,85.71,14
4714,9.9700,0.0946,1,100.00,3
4715,9.8700,0.0946,1,84.62,13
4716,9.8900,0.0945,1,90.91,11
4717,9.8700,0.0945,1,84.62,13
4718,9.9200,0.0944,1,75.00,8
4719,9.9400,0.0944,1,66.67,6
4720,9.8500,0.0943,1,100.00,15
4721,9.9300,0.0943,1,100.00,7
4722,9.8800,0.0942,1,100.00,12
4723,9.9700,0.0942,1,100.00,3
4724,9.9200,0.0941,1,100.00,8
4725,9.9000,0.0941,1,60.00,10
4726,9.9200,0.0940,1,100.00,8
4727,9.9600,0.0940,1,100.00,4
4728,9.9400,0.0939,1,100.00,6
4729,9.8900,0.0939,1,63.64,11
4730,9.8800,0.0938,1,83.33,12
4731,9.3800,0.0938,1,91.67,12
4732,9.9800,0.0938,1,100.00,2
4733,9.9700,0.0937,1,100.00,3
4734,9.8800,0.0937,1,100.00,12
4735,9.8500,0.0936,1,86.67,15
4736,9.9900,0.0936,1,100.00,1
4737,9.9500,0.0935,1,100.00,5
4738,9.9100,0.0935,1,77.78,9
4739,9.9300,0.0934,1,100.00,7
4740,9.9400,0.0934,1,100.00,6
4741,9.9000,0.0933,1,80.00,10
4742,9.9100,0.0933,1,100.00,9
4743,9.8900,0.0932,1,81.82,11
4744,9.9700,0.0932,1,100.00,3
4745,9.8300,0.0931,1,64.71,17
4746,9.9500,0.0931,1,100.00,5
4747,9.8800,0.0931,1,100.00,12
4748,9.3800,0.0930,1,91.67,12
4749,9.8900,0.0930,1,81.82,11
4750,9.8700,0.0929,1,100.00,13
4751,9.9500,0.0929,1,80.00,5
4752,9.9500,0.0928,1,100.00,5
4753,9.4000,0.0928,1,90.00,10
4754,9.8900,0.0927,1,100.00,11
4755,9.9400,0.0927,1,100.00,6
4756,9.9600,0.0926,1,100.00,4
4757,9.9000,0.0926,1,80.00,10
4758,9.8700,0.0925,1,100.00,13
4759,9.9300,0.0925,1,100.00,7
4760,9.9100,0.0924,1,77.78,9
4761,9.8700,0.0924,1,100.00,13
4762,9.9500,0.0924,1,100.00,5
4763,9.8500,0.0923,1,73.33,15
4764,9.3800,0.0923,1,75.00,12
4765,9.9900,0.0922,1,100.00,1
4766,9.9700,0.0922,1,100.00,3
4767,9.9100,0.0921,1,100.00,9
4768,9.9500,0.0921,1,100.00,5
4769,9.3600,0.0920,1,78.57,14
4770,9.9600,0.0920,1,100.00,4
4771,9.8700,0.0919,1,84.62,13
4772,9.9100,0.0919,1,100.00,9
4773,9.8100,0.0919,1,78.95,19
4774,9.9800,0.0918,1,50.00,2
4775,9.9200,0.0918,1,100.00,8
4776,9.9100,0.0917,1,100.00,9
4777,9.9200,0.0917,1,62.50,8
4778,9.8900,0.0916,1,100.00,11
4779,9.9400,0.0916,1,100.00,6
4780,9.4200,0.0915,1,75.00,8
4781,9.9900,0.0915,1,100.00,1
4782,9.9600,0.0914,1,100.00,4
4783,9.9000,0.0914,1,60.00,10
4784,9.9400,0.0913,1,100.00,6
4785,9.8500,0.0913,1,100.00,15
4786,9.9800,0.0913,1,100.00,2
4787,9.8900,0.0912,1,100.00,11
4788,9.9100,0.0912,1,100.00,9
4789,9.4400,0.0911,1,83.33,6
4790,9.9100,0.0911,1,77.78,9
4791,9.9700,0.0910,1,100.00,3
4792,9.8800,0.0910,1,91.67,12
4793,9.8900,0.0909,1,81.82,11
4794,9.9500,0.0909,1,100.00,5
4795,9.3100,0.0908,1,52.63,19
4796,9.8500,0.0908,1,73.33,15
4797,9.9100,0.0908,1,88.89,9
4798,9.9300,0.0907,1,100.00,7
4799,9.9600,0.0907,1,100.00,4
4800,9.9600,0.0906,1,100.00,4
4801,9.9200,0.0906,1,75.00,8
4802,9.3600,0.0905,1,78.57,14
4803,9.8500,0.0905,1,73.33,15
4804,9.9600,0.0904,1,100.00,4
4805,9.8800,0.0904,1,66.67,12
4806,9.9100,0.0903,1,100.00,9
4807,9.9500,0.0903,1,100.00,5
4808,9.9200,0.0903,1,100.00,8
4809,9.8800,0.0902,1,100.00,12
4810,9.3700,0.0902,1,76.92,13
4811,9.8800,0.0901,1,83.33,12
4812,9.8800,0.0901,1,100.00,12
4813,9.9500,0.0900,1,100.00,5
4814,9.9100,0.0900,1,55.56,9
4815,9.9800,0.0899,1,100.00,2
4816,9.9800,0.0899,1,100.00,2
4817,9.8900,0.0899,1,100.00,11
4818,9.9200,0.0898,1,75.00,8
4819,9.9900,0.0898,1,100.00,1
4820,9.9300,0.0897,1,100.00,7
4821,9.9500,0.0897,1,100.00,5
4822,9.9000,0.0896,1,100.00,10
4823,9.8700,0.0896,1,84.62,13
4824,9.8700,0.0895,1,84.62,13
4825,9.9200,0.0895,1,100.00,8
4826,9.9100,0.0894,1,100.00,9
4827,9.8800,0.0894,1,100.00,12
4828,9.9000,0.0894,1,100.00,10
4829,9.9600,0.0893,1,100.00,4
4830,9.9900,0.0893,1,100.00,1
4831,9.9400,0.0892,1,100.00,6
4832,9.9300,0.0892,1,100.00,7
4833,9.8400,0.0891,1,87.50,16
4834,9.9400,0.0891,1,66.67,6
4835,9.8700,0.0890,1,100.00,13
4836,9.8900,0.0890,1,100.00,11
4837,9.9500,0.0890,1,100.00,5
4838,9.9400,0.0889,1,100.00,6
4839,9.8700,0.0889,1,100.00,13
4840,9.3700,0.0888,1,92.31,13
4841,9.9200,0.0888,1,87.50,8
4842,9.9600,0.0887,1,100.00,4
4843,9.9300,0.0887,1,85.71,7
4844,9.9300,0.0886,1,85.71,7
4845,9.9300,0.0886,1,100.00,7
4846,9.9300,0.0886,1,42.86,7
4847,9.8600,0.0885,1,100.00,14
4848,9.9800,0.0885,1,100.00,2
4849,9.8600,0.0884,1,85.71,14
4850,9.8900,0.0884,1,100.00,11
4851,9.9500,0.0883,1,100.00,5
4852,9.9500,0.0883,1,100.00,5
4853,9.9700,0.0882,1,100.00,3
4854,9.4300,0.0882,1,85.71,7
4855,9.9200,0.0882,1,87.50,8
4856,9.8800,0.0881,1,83.33,12
4857,9.3500,0.0881,1,93.33,15
4858,9.9800,0.0880,1,100.00,2
4859,9.9700,0.0880,1,100.00,3
4860,9.8800,0.0879,1,100.00,12
4861,9.9200,0.0879,1,100.00,8
4862,9.9500,0.0879,1,100.00,5
4863,9.8600,0.0878,1,85.71,14
4864,9.9300,0.0878,1,71.43,7
4865,9.9200,0.0877,1,75.00,8
4866,9.9700,0.0877,1,66.67,3
4867,9.9300,0.0876,1,100.00,7
4868,9.8600,0.0876,1,85.71,14
4869,9.9400,0.0875,1,100.00,6
4870,9.9300,0.0875,1,100.00,7
4871,9.8300,0.0875,1,76.47,17
4872,9.9100,0.0874,1,100.00,9
4873,9.9800,0.0874,1,100.00,2
4874,9.9800,0.0873,1,100.00,2
4875,9.8700,0.0873,1,100.00,13
4876,9.9000,0.0872,1,100.00,10
4877,9.9500,0.0872,1,100.00,5
4878,9.9400,0.0872,1,100.00,6
4879,9.9800,0.0871,1,100.00,2
4880,9.4100,0.0871,1,88.89,9
4881,9.8900,0.0870,1,100.00,11
4882,9.9200,0.0870,1,100.00,8
4883,9.9700,0.0869,1,100.00,3
4884,9.9600,0.0869,1,100.00,4
4885,9.3500,0.0868,1,66.67,15
4886,9.8800,0.0868,1,100.00,12
4887,9.9400,0.0868,1,66.67,6
4888,9.9900,0.0867,1,100.00,1
4889,9.9100,0.0867,1,100.00,9
4890,9.8300,0.0866,1,76.47,17
4891,9.3300,0.0866,1,82.35,17
4892,9.9500,0.0865,1,100.00,5
4893,9.8600,0.0865,1,85.71,14
4894,9.9700,0.0865,1,33.33,3
4895,9.9500,0.0864,1,100.00,5
4896,9.9800,0.0864,1,100.00,2
4897,9.8800,0.0863,1,83.33,12
4898,9.3800,0.0863,1,91.67,12
4899,9.8800,0.0862,1,100.00,12
4900,9.9600,0.0862,1,100.00,4
4901,9.9600,0.0862,1,100.00,4
4902,9.8700,0.0861,1,84.62,13
4903,9.9600,0.0861,1,100.00,4
4904,9.9400,0.0860,1,100.00,6
4905,9.9700,0.0860,1,100.00,3
4906,9.9900,0.0859,1,100.00,1
4907,9.9700,0.0859,1,100.00,3
4908,9.9400,0.0859,1,66.67,6
4909,9.9000,0.0858,1,80.00,10
4910,9.9400,0.0858,1,66.67,6
4911,9.9300,0.0857,1,100.00,7
4912,9.9800,0.0857,1,100.00,2
4913,9.8900,0.0856,1,81.82,11
4914,9.9000,0.0856,1,100.00,10
4915,9.9700,0.0856,1,100.00,3
4916,9.9400,0.0855,1,100.00,6
4917,9.9200,0.0855,1,100.00,8
4918,9.8800,0.0854,1,100.00,12
4919,9.8900,0.0854,1,100.00,11
4920,9.8700,0.0853,1,100.00,13
4921,9.9100,0.0853,1,100.00,9
4922,9.9600,0.0853,1,100.00,4
4923,9.9300,0.0852,1,100.00,7
4924,9.9000,0.0852,1,100.00,10
4925,9.8900,0.0851,1,100.00,11
4926,9.9600,0.0851,1,100.00,4
4927,9.8300,0.0850,1,76.47,17
4928,9.8800,0.0850,1,100.00,12
4929,9.9000,0.0850,1,100.00,10
4930,9.9500,0.0849,1,100.00,5
4931,9.8900,0.0849,1,100.00,11
4932,9.9000,0.0848,1,100.00,10
4933,9.8900,0.0848,1,100.00,11
4934,9.9100,0.0847,1,77.78,9
4935,9.8500,0.0847,1,86.67,15
4936,9.9300,0.0847,1,71.43,7
4937,9.9800,0.0846,1,100.00,2
4938,9.9500,0.0846,1,100.00,5
4939,9.9900,0.0845,1,100.00,1
4940,9.3900,0.0845,1,90.91,11
4941,9.9000,0.0844,1,100.00,10
4942,9.9800,0.0844,1,100.00,2
4943,9.8900,0.0844,1,100.00,11
4944,9.9200,0.0843,1,100.00,8
4945,9.9500,0.0843,1,100.00,5
4946,9.9600,0.0842,1,100.00,4
4947,9.8600,0.0842,1,100.00,14
4948,9.9800,0.0842,1,100.00,2
4949,9.4300,0.0841,1,85.71,7
4950,9.8400,0.0841,1,62.50,16
4951,9.8900,0.0840,1,100.00,11
4952,9.4600,0.0840,1,75.00,4
4953,9.9400,0.0839,1,100.00,6
4954,9.9400,0.0839,1,100.00,6
4955,9.8900,0.0839,1,81.82,11
4956,9.9800,0.0838,1,100.00,2
4957,9.3800,0.0838,1,91.67,12
4958,9.9400,0.0837,1,100.00,6
4959,9.9200,0.0837,1,100.00,8
4960,9.9000,0.0836,1,100.00,10
4961,9.9700,0.0836,1,100.00,3
4962,9.8900,0.0836,1,100.00,11
4963,9.9400,0.0835,1,100.00,6
4964,9.8200,0.0835,1,77.78,18
4965,9.9100,0.0834,1,100.00,9
4966,9.9400,0.0834,1,100.00,6
4967,9.8900,0.0834,1,100.00,11
4968,9.8700,0.0833,1,100.00,13
4969,9.9300,0.0833,1,42.86,7
4970,9.8300,0.0832,1,88.24,17
4971,9.8600,0.0832,1,85.71,14
4972,9.3800,0.0831,1,75.00,12
4973,9.8800,0.0831,1,91.67,12
4974,9.9100,0.0831,1,100.00,9
4975,9.8800,0.0830,1,100.00,12
4976,9.9600,0.0830,1,100.00,4
4977,9.4500,0.0829,1,80.00,5
4978,9.8800,0.0829,1,66.67,12
4979,9.9000,0.0829,1,100.00,10
4980,9.8900,0.0828,1,100.00,11
4981,9.8900,0.0828,1,100.00,11
4982,9.9500,0.0827,1,100.00,5
4983,9.9800,0.0827,1,100.00,2
4984,9.9000,0.0827,1,100.00,10
4985,9.9800,0.0826,1,100.00,2
4986,9.9400,0.0826,1,100.00,6
4987,9.9000,0.0825,1,80.00,10
4988,9.8600,0.0825,1,85.71,14
4989,9.9000,0.0824,1,80.00,10
4990,9.8900,0.0824,1,100.00,11
4991,9.9400,0.0824,1,100.00,6
4992,9.9100,0.0823,1,100.00,9
4993,9.9100,0.0823,1,77.78,9
4994,9.9200,0.0822,1,100.00,8
4995,9.8900,0.0822,1,63.64,11
4996,9.9500,0.0822,1,100.00,5
4997,9.8600,0.0821,1,85.71,14
4998,9.9300,0.0821,1,100.00,7
4999,9.8900,0.0820,1,100.00,11
5000,9.9300,0.0820,1,100.00,7
5001,9.9500,0.0820,1,100.00,5
5002,9.9700,0.0819,1,100.00,3
5003,9.8400,0.0819,1,87.50,16
5004,9.9600,0.0818,1,100.00,4
5005,9.9100,0.0818,1,100.00,9
5006,9.8900,0.0817,1,81.82,11
5007,9.9000,0.0817,1,100.00,10
5008,9.9100,0.0817,1,100.00,9
5009,9.8900,0.0816,1,100.00,11
5010,9.9400,0.0816,1,100.00,6
5011,9.9700,0.0815,1,100.00,3
5012,9.8800,0.0815,1,100.00,12
5013,9.9300,0.0815,1,100.00,7
5014,9.9200,0.0814,1,100.00,8
5015,9.8900,0.0814,1,100.00,11
5016,9.9000,0.0813,1,100.00,10
5017,9.9000,0.0813,1,100.00,10
5018,9.9100,0.0813,1,100.00,9
5019,9.3400,0.0812,1,81.25,16
5020,9.8800,0.0812,1,83.33,12
5021,9.9700,0.0811,1,100.00,3
5022,9.9000,0.0811,1,80.00,10
5023,9.3600,0.0811,1,78.57,14
5024,9.9700,0.0810,1,100.00,3
5025,9.9600,0.0810,1,100.00,4
5026,9.9600,0.0809,1,100.00,4
5027,9.9500,0.0809,1,100.00,5
5028,9.9400,0.0809,1,100.00,6
5029,9.9800,0.0808,1,100.00,2
5030,9.9100,0.0808,1,100.00,9
5031,9.8700,0.0807,1,84.62,13
5032,9.9300,0.0807,1,100.00,7
5033,9.8900,0.0807,1,100.00,11
5034,9.9100,0.0806,1,77.78,9
5035,9.9300,0.0806,1,71.43,7
5036,9.9100,0.0805,1,100.00,9
5037,8.8300,0.0805,1,64.71,17
5038,9.9300,0.0804,1,100.00,7
5039,9.8700,0.0804,1,84.62,13
5040,9.8900,0.0804,1,45.45,11
5041,9.4400,0.0803,1,83.33,6
5042,9.8700,0.0803,1,84.62,13
5043,9.9300,0.0802,1,71.43,7
5044,9.9100,0.0802,1,100.00,9
5045,9.9400,0.0802,1,100.00,6
5046,9.9700,0.0801,1,100.00,3
5047,9.9800,0.0801,1,100.00,2
5048,9.9400,0.0800,1,100.00,6
5049,9.9400,0.0800,1,100.00,6
5050,9.9700,0.0800,1,100.00,3
5051,9.8800,0.0799,1,100.00,12
5052,9.8600,0.0799,1,100.00,14
5053,9.8700,0.0798,1,100.00,13
5054,9.9100,0.0798,1,77.78,9
5055,9.9700,0.0798,1,100.00,3
5056,9.9100,0.0797,1,100.00,9
5057,9.8700,0.0797,1,100.00,13
5058,9.3800,0.0796,1,91.67,12
5059,9.8700,0.0796,1,100.00,13
5060,9.8900,0.0796,1,100.00,11
5061,9.9200,0.0795,1,75.00,8
5062,9.9100,0.0795,1,100.00,9
5063,9.8800,0.0794,1,100.00,12
5064,9.9600,0.0794,1,100.00,4
5065,9.9000,0.0794,1,80.00,10
5066,9.8900,0.0793,1,100.00,11
5067,9.9200,0.0793,1,100.00,8
5068,9.9100,0.0793,1,77.78,9
5069,9.8500,0.0792,1,73.33,15
5070,9.9500,0.0792,1,100.00,5
5071,9.9300,0.0791,1,100.00,7
5072,9.8700,0.0791,1,84.62,13
5073,9.9400,0.0791,1,100.00,6
5074,9.9800,0.0790,1,100.00,2
5075,9.8900,0.0790,1,81.82,11
5076,9.9300,0.0789,1,100.00,7
5077,9.9700,0.0789,1,100.00,3
5078,9.9400,0.0789,1,100.00,6
5079,9.8900,0.0788,1,81.82,11
5080,9.9000,0.0788,1,100.00,10
5081,9.4400,0.0787,1,83.33,6
5082,9.9200,0.0787,1,75.00,8
5083,9.8900,0.0787,1,100.00,11
5084,9.9100,0.0786,1,100.00,9
5085,9.9600,0.0786,1,100.00,4
5086,9.9700,0.0785,1,100.00,3
5087,9.8700,0.0785,1,100.00,13
5088,9.8800,0.0785,1,83.33,12
5089,9.8400,0.0784,1,62.50,16
5090,9.9800,0.0784,1,100.00,2
5091,9.9500,0.0783,1,100.00,5
5092,9.9500,0.0783,1,100.00,5
5093,9.8800,0.0783,1,100.00,12
5094,9.8400,0.0782,1,75.00,16
5095,9.3600,0.0782,1,92.86,14
5096,9.9700,0.0781,1,100.00,3
5097,9.3900,0.0781,1,90.91,11
5098,9.9100,0.0781,1,100.00,9
5099,9.9700,0.0780,1,100.00,3
5100,9.9600,0.0780,1,100.00,4
5101,9.9300,0.0780,1,71.43,7
5102,9.8700,0.0779,1,84.62,13
5103,9.9500,0.0779,1,100.00,5
5104,9.8600,0.0778,1,85.71,14
5105,9.3900,0.0778,1,90.91,11
5106,9.9200,0.0778,1,100.00,8
5107,9.9000,0.0777,1,100.00,10
5108,9.9000,0.0777,1,80.00,10
5109,9.9400,0.0776,1,100.00,6
5110,9.9000,0.0776,1,100.00,10
5111,9.9000,0.0776,1,60.00,10
5112,9.9100,0.0775,1,100.00,9
5113,9.9800,0.0775,1,100.00,2
5114,9.9900,0.0774,1,100.00,1
5115,9.8900,0.0774,1,100.00,11
5116,9.9000,0.0774,1,80.00,10
5117,9.9200,0.0773,1,100.00,8
5118,9.9200,0.0773,1,100.00,8
5119,9.9500,0.0773,1,100.00,5
5120,9.9400,0.0772,1,100.00,6
5121,9.9000,0.0772,1,80.00,10
5122,9.9000,0.0771,1,80.00,10
5123,9.9400,0.0771,1,100.00,6
5124,9.9100,0.0771,1,100.00,9
5125,9.9600,0.0770,1,100.00,4
5126,9.8600,0.0770,1,100.00,14
5127,9.8600,0.0769,1,85.71,14
5128,9.9100,0.0769,1,100.00,9
5129,9.8500,0.0769,1,73.33,15
5130,9.9100,0.0768,1,100.00,9
5131,9.9400,0.0768,1,100.00,6
5132,9.9000,0.0768,1,100.00,10
5133,9.9500,0.0767,1,100.00,5
5134,9.8800,0.0767,1,100.00,12
5135,9.9200,0.0766,1,100.00,8
5136,9.4400,0.0766,1,83.33,6
5137,9.9400,0.0766,1,100.00,6
5138,9.9600,0.0765,1,100.00,4
5139,9.9600,0.0765,1,100.00,4
5140,9.9100,0.0764,1,100.00,9
5141,9.9000,0.0764,1,80.00,10
5142,9.9000,0.0764,1,100.00,10
5143,9.9700,0.0763,1,100.00,3
5144,9.3300,0.0763,1,70.59,17
5145,9.8800,0.0763,1,83.33,12
5146,9.9600,0.0762,1,100.00,4
5147,9.9900,0.0762,1,100.00,1
5148,9.9300,0.0761,1,100.00,7
5149,9.9200,0.0761,1,75.00,8
5150,9.9700,0.0761,1,100.00,3
5151,9.8800,0.0760,1,83.33,12
5152,9.9300,0.0760,1,100.00,7
5153,9.9400,0.0760,1,100.00,6
5154,9.8700,0.0759,1,100.00,13
5155,9.9400,0.0759,1,100.00,6
5156,9.8800,0.0758,1,100.00,12
5157,9.9300,0.0758,1,100.00,7
5158,9.9100,0.0758,1,100.00,9
5159,9.8800,0.0757,1,83.33,12
5160,9.9800,0.0757,1,100.00,2
5161,9.9800,0.0756,1,100.00,2
5162,9.8600,0.0756,1,71.43,14
5163,9.9400,0.0756,1,100.00,6
5164,9.8800,0.0755,1,83.33,12
5165,9.9100,0.0755,1,77.78,9
5166,9.9400,0.0755,1,100.00,6
5167,9.9000,0.0754,1,100.00,10
5168,9.8800,0.0754,1,100.00,12
5169,9.9600,0.0753,1,100.00,4
5170,9.9100,0.0753,1,100.00,9
5171,9.9700,0.0753,1,100.00,3
5172,9.8700,0.0752,1,84.62,13
5173,9.9200,0.0752,1,75.00,8
5174,9.9000,0.0752,1,100.00,10
5175,9.9600,0.0751,1,100.00,4
5176,9.8300,0.0751,1,76.47,17
5177,9.9000,0.0750,1,100.00,10
5178,9.9600,0.0750,1,100.00,4
5179,9.9500,0.0750,1,100.00,5
5180,9.9500,0.0749,1,100.00,5
5181,9.9300,0.0749,1,100.00,7
5182,9.8800,0.0749,1,83.33,12
5183,9.9300,0.0748,1,100.00,7
5184,9.9100,0.0748,1,100.00,9
5185,9.9100,0.0747,1,100.00,9
5186,9.9000,0.0747,1,100.00,10
5187,9.9500,0.0747,1,100.00,5
5188,9.9200,0.0746,1,100.00,8
5189,9.9100,0.0746,1,100.00,9
5190,9.9000,0.0746,1,80.00,10
5191,9.8800,0.0745,1,100.00,12
5192,9.9100,0.0745,1,100.00,9
5193,9.9300,0.0744,1,100.00,7
5194,9.9000,0.0744,1,100.00,10
5195,9.9200,0.0744,1,75.00,8
5196,9.9300,0.0743,1,100.00,7
5197,9.8900,0.0743,1,81.82,11
5198,9.9200,0.0743,1,100.00,8
5199,9.9300,0.0742,1,100.00,7
5200,9.9300,0.0742,1,100.00,7
5201,9.9800,0.0742,1,100.00,2
5202,9.9200,0.0741,1,100.00,8
5203,9.9400,0.0741,1,66.67,6
5204,9.8700,0.0740,1,100.00,13
5205,9.9400,0.0740,1,66.67,6
5206,9.4500,0.0740,1,80.00,5
5207,9.4000,0.0739,1,90.00,10
5208,9.9800,0.0739,1,100.00,2
5209,9.9500,0.0739,1,100.00,5
5210,9.9200,0.0738,1,100.00,8
5211,9.9300,0.0738,1,100.00,7
5212,9.8800,0.0737,1,83.33,12
5213,9.8700,0.0737,1,69.23,13
5214,9.9200,0.0737,1,100.00,8
5215,9.9200,0.0736,1,100.00,8
5216,9.9300,0.0736,1,100.00,7
5217,9.8600,0.0736,1,100.00,14
5218,9.9800,0.0735,1,100.00,2
5219,9.9600,0.0735,1,100.00,4
5220,9.9100,0.0734,1,100.00,9
5221,9.9400,0.0734,1,100.00,6
5222,9.9500,0.0734,1,100.00,5
5223,9.8900,0.0733,1,100.00,11
5224,9.9700,0.0733,1,100.00,3
5225,9.9100,0.0733,1,100.00,9
5226,9.8700,0.0732,1,84.62,13
5227,9.8800,0.0732,1,83.33,12
5228,9.9700,0.0732,1,100.00,3
5229,9.9500,0.0731,1,100.00,5
5230,9.9100,0.0731,1,77.78,9
5231,9.9600,0.0730,1,100.00,4
5232,9.9600,0.0730,1,100.00,4
5233,9.9400,0.0730,1,100.00,6
5234,9.3600,0.0729,1,92.86,14
5235,9.8900,0.0729,1,100.00,11
5236,9.9000,0.0729,1,100.00,10
5237,9.9800,0.0728,1,100.00,2
5238,9.9400,0.0728,1,100.00,6
5239,9.4400,0.0728,1,83.33,6
5240,9.8900,0.0727,1,81.82,11
5241,9.9400,0.0727,1,100.00,6
5242,9.8500,0.0726,1,86.67,15
5243,9.9300,0.0726,1,100.00,7
5244,9.8300,0.0726,1,76.47,17
5245,9.9100,0.0725,1,100.00,9
5246,9.9400,0.0725,1,100.00,6
5247,9.9800,0.0725,1,100.00,2
5248,9.9500,0.0724,1,100.00,5
5249,9.9700,0.0724,1,100.00,3
5250,9.8700,0.0724,1,84.62,13
5251,9.9300,0.0723,1,100.00,7
5252,9.8900,0.0723,1,100.00,11
5253,9.8700,0.0722,1,100.00,13
5254,9.8700,0.0722,1,84.62,13
5255,9.9800,0.0722,1,100.00,2
5256,9.8200,0.0721,1,66.67,18
5257,9.8700,0.0721,1,69.23,13
5258,9.8900,0.0721,1,100.00,11
5259,9.4500,0.0720,1,80.00,5
5260,9.9400,0.0720,1,100.00,6
5261,9.3900,0.0720,1,90.91,11
5262,9.9700,0.0719,1,100.00,3
5263,9.9200,0.0719,1,100.00,8
5264,9.3700,0.0719,1,76.92,13
5265,9.9900,0.0718,1,100.00,1
5266,9.9100,0.0718,1,100.00,9
5267,8.9100,0.0717,1,77.78,9
5268,9.9100,0.0717,1,77.78,9
5269,9.8900,0.0717,1,100.00,11
5270,9.9500,0.0716,1,100.00,5
5271,9.8800,0.0716,1,83.33,12
5272,9.8900,0.0716,1,100.00,11
5273,9.9700,0.0715,1,33.33,3
5274,9.8900,0.0715,1,100.00,11
5275,9.8800,0.0715,1,100.00,12
5276,9.8900,0.0714,1,100.00,11
5277,9.9400,0.0714,1,100.00,6
5278,9.9600,0.0713,1,100.00,4
5279,9.8800,0.0713,1,91.67,12
5280,9.9400,0.0713,1,100.00,6
5281,9.9300,0.0712,1,100.00,7
5282,9.9400,0.0712,1,100.00,6
5283,9.9100,0.0712,1,100.00,9
5284,9.8800,0.0711,1,100.00,12
5285,9.9600,0.0711,1,100.00,4
5286,9.9000,0.0711,1,100.00,10
5287,9.9100,0.0710,1,100.00,9
5288,9.8700,0.0710,1,100.00,13
5289,9.3800,0.0710,1,91.67,12
5290,9.9300,0.0709,1,100.00,7
5291,9.9000,0.0709,1,100.00,10
5292,9.8900,0.0709,1,100.00,11
5293,9.8900,0.0708,1,100.00,11
5294,9.9400,0.0708,1,100.00,6
5295,9.8600,0.0707,1,100.00,14
5296,9.8500,0.0707,1,100.00,15
5297,9.8600,0.0707,1,85.71,14
5298,9.8800,0.0706,1,83.33,12
5299,9.8800,0.0706,1,100.00,12
5300,9.8600,0.0706,1,85.71,14
5301,9.9100,0.0705,1,100.00,9
5302,9.9400,0.0705,1,100.00,6
5303,9.8700,0.0705,1,84.62,13
5304,9.8500,0.0704,1,86.67,15
5305,9.9600,0.0704,1,100.00,4
5306,9.9600,0.0704,1,100.00,4
5307,9.9200,0.0703,1,75.00,8
5308,9.9500,0.0703,1,100.00,5
5309,9.8500,0.0703,1,100.00,15
5310,9.9400,0.0702,1,100.00,6
5311,9.9300,0.0702,1,100.00,7
5312,9.9400,0.0701,1,100.00,6
5313,9.8800,0.0701,1,100.00,12
5314,9.9300,0.0701,1,100.00,7
5315,9.9000,0.0700,1,80.00,10
5316,9.9500,0.0700,1,100.00,5
5317,9.9000,0.0700,1,100.00,10
5318,9.9900,0.0699,1,100.00,1
5319,9.8800,0.0699,1,83.33,12
5320,9.8800,0.0699,1,100.00,12
5321,9.9000,0.0698,1,100.00,10
5322,9.8800,0.0698,1,100.00,12
5323,9.8300,0.0698,1,76.47,17
5324,9.9500,0.0697,1,100.00,5
5325,9.9600,0.0697,1,100.00,4
5326,9.9600,0.0697,1,100.00,4
5327,9.8800,0.0696,1,100.00,12
5328,9.9300,0.0696,1,100.00,7
5329,9.8900,0.0696,1,100.00,11
5330,9.8900,0.0695,1,81.82,11
5331,9.8800,0.0695,1,83.33,12
5332,9.9200,0.0694,1,100.00,8
5333,9.9600,0.0694,1,100.00,4
5334,9.3800,0.0694,1,91.67,12
5335,9.9300,0.0693,1,100.00,7
5336,9.8800,0.0693,1,100.00,12
5337,9.8900,0.0693,1,81.82,11
5338,9.9700,0.0692,1,100.00,3
5339,9.9200,0.0692,1,100.00,8
5340,9.8900,0.0692,1,100.00,11
5341,9.9600,0.0691,1,100.00,4
5342,9.9100,0.0691,1,100.00,9
5343,9.4000,0.0691,1,70.00,10
5344,9.9600,0.0690,1,50.00,4
5345,9.9100,0.0690,1,100.00,9
5346,9.8800,0.0690,1,100.00,12
5347,9.8800,0.0689,1,66.67,12
5348,9.9100,0.0689,1,100.00,9
5349,9.9400,0.0689,1,100.00,6
5350,9.4100,0.0688,1,88.89,9
5351,9.8600,0.0688,1,71.43,14
5352,9.9500,0.0688,1,100.00,5
5353,9.9000,0.0687,1,80.00,10
5354,9.9000,0.0687,1,80.00,10
5355,9.9700,0.0687,1,100.00,3
5356,9.9000,0.0686,1,80.00,10
5357,9.9300,0.0686,1,71.43,7
5358,9.8600,0.0686,1,85.71,14
5359,9.8500,0.0685,1,100.00,15
5360,9.9000,0.0685,1,100.00,10
5361,9.9300,0.0684,1,100.00,7
5362,9.8900,0.0684,1,81.82,11
5363,9.9900,0.0684,1,100.00,1
5364,9.9000,0.0683,1,100.00,10
5365,9.8700,0.0683,1,100.00,13
5366,9.8700,0.0683,1,69.23,13
5367,9.9400,0.0682,1,100.00,6
5368,9.8700,0.0682,1,84.62,13
5369,9.9800,0.0682,1,100.00,2
5370,9.9900,0.0681,1,100.00,1
5371,9.9100,0.0681,1,100.00,9
5372,9.8500,0.0681,1,100.00,15
5373,9.9700,0.0680,1,100.00,3
5374,9.9800,0.0680,1,100.00,2
5375,9.9600,0.0680,1,100.00,4
5376,9.3500,0.0679,1,93.33,15
5377,9.9200,0.0679,1,75.00,8
5378,9.9000,0.0679,1,80.00,10
5379,9.9100,0.0678,1,100.00,9
5380,9.8900,0.0678,1,81.82,11
5381,9.9200,0.0678,1,100.00,8
5382,9.9200,0.0677,1,100.00,8
5383,9.8900,0.0677,1,100.00,11
5384,9.9500,0.0677,1,100.00,5
5385,9.8600,0.0676,1,100.00,14
5386,9.9100,0.0676,1,100.00,9
5387,9.9000,0.0676,1,100.00,10
5388,9.8300,0.0675,1,82.35,17
5389,9.8500,0.0675,1,100.00,15
5390,9.9100,0.0675,1,100.00,9
5391,9.8900,0.0674,1,100.00,11
5392,9.3800,0.0674,1,91.67,12
5393,9.9700,0.0674,1,100.00,3
5394,9.9400,0.0673,1,100.00,6
5395,9.9600,0.0673,1,100.00,4
5396,9.9000,0.0673,1,100.00,10
5397,9.8900,0.0672,1,100.00,11
5398,9.9400,0.0672,1,100.00,6
5399,9.8700,0.0672,1,84.62,13
5400,9.9700,0.0671,1,100.00,3
5401,9.9100,0.0671,1,100.00,9
5402,9.8800,0.0671,1,83.33,12
5403,9.9200,0.0670,1,100.00,8
5404,9.8500,0.0670,1,73.33,15
5405,9.9000,0.0670,1,100.00,10
5406,9.9700,0.0669,1,100.00,3
5407,9.9300,0.0669,1,100.00,7
5408,9.9100,0.0669,1,100.00,9
5409,9.7700,0.0668,1,47.83,23
5410,9.9300,0.0668,1,100.00,7
5411,9.9100,0.0668,1,100.00,9
5412,9.8800,0.0667,1,100.00,12
5413,9.8800,0.0667,1,100.00,12
5414,9.9000,0.0667,1,100.00,10
5415,9.9900,0.0666,1,100.00,1
5416,9.8900,0.0666,1,100.00,11
5417,9.9600,0.0666,1,100.00,4
5418,9.8800,0.0665,1,83.33,12
5419,9.9200,0.0665,1,100.00,8
5420,9.9000,0.0665,1,100.00,10
5421,9.9200,0.0664,1,100.00,8
5422,9.9600,0.0664,1,100.00,4
5423,9.9600,0.0664,1,100.00,4
5424,9.9200,0.0663,1,100.00,8
5425,9.9700,0.0663,1,100.00,3
5426,9.8700,0.0663,1,100.00,13
5427,9.8200,0.0662,1,66.67,18
5428,9.9400,0.0662,1,100.00,6
5429,9.9400,0.0662,1,100.00,6
5430,9.8900,0.0661,1,100.00,11
5431,9.8800,0.0661,1,100.00,12
5432,9.8800,0.0661,1,83.33,12
5433,9.9300,0.0660,1,100.00,7
5434,9.8900,0.0660,1,100.00,11
5435,9.8900,0.0660,1,100.00,11
5436,9.9200,0.0659,1,100.00,8
5437,9.9300,0.0659,1,71.43,7
5438,9.8800,0.0659,1,100.00,12
5439,9.8500,0.0658,1,100.00,15
5440,9.9800,0.0658,1,100.00,2
5441,9.9200,0.0658,1,100.00,8
5442,9.8700,0.0657,1,100.00,13
5443,9.8700,0.0657,1,100.00,13
5444,9.9000,0.0657,1,80.00,10
5445,9.8600,0.0656,1,85.71,14
5446,9.9900,0.0656,1,100.00,1
5447,9.9700,0.0656,1,100.00,3
5448,9.9500,0.0655,1,100.00,5
5449,9.9200,0.0655,1,100.00,8
5450,9.9700,0.0655,1,100.00,3
5451,9.9500,0.0654,1,100.00,5
5452,9.9800,0.0654,1,100.00,2
5453,9.9400,0.0654,1,100.00,6
5454,9.9800,0.0653,1,100.00,2
5455,9.9200,0.0653,1,100.00,8
5456,9.9600,0.0653,1,100.00,4
5457,9.8600,0.0652,1,85.71,14
5458,9.9700,0.0652,1,100.00,3
5459,9.9400,0.0652,1,100.00,6
5460,9.8500,0.0651,1,73.33,15
5461,9.9900,0.0651,1,100.00,1
5462,9.9500,0.0651,1,60.00,5
5463,9.9500,0.0650,1,100.00,5
5464,9.8300,0.0650,1,64.71,17
5465,9.9700,0.0650,1,100.00,3
5466,9.9900,0.0649,1,100.00,1
5467,9.4300,0.0649,1,85.71,7
5468,9.9700,0.0649,1,100.00,3
5469,9.8500,0.0648,1,86.67,15
5470,9.9400,0.0648,1,100.00,6
5471,9.9500,0.0648,1,100.00,5
5472,9.9500,0.0648,1,100.00,5
5473,9.9500,0.0647,1,80.00,5
5474,9.9600,0.0647,1,100.00,4
5475,9.9200,0.0647,1,100.00,8
5476,9.8900,0.0646,1,100.00,11
5477,9.9000,0.0646,1,80.00,10
5478,9.9600,0.0646,1,100.00,4
5479,9.9100,0.0645,1,100.00,9
5480,9.9000,0.0645,1,100.00,10
5481,9.9900,0.0645,1,100.00,1
5482,9.9200,0.0644,1,100.00,8
5483,9.9600,0.0644,1,100.00,4
5484,9.9500,0.0644,1,100.00,5
5485,9.9100,0.0643,1,77.78,9
5486,9.9300,0.0643,1,100.00,7
5487,9.9200,0.0643,1,100.00,8
5488,9.8800,0.0642,1,83.33,12
5489,9.8500,0.0642,1,73.33,15
5490,9.9100,0.0642,1,100.00,9
5491,9.9300,0.0641,1,100.00,7
5492,9.9000,0.0641,1,80.00,10
5493,9.4100,0.0641,1,88.89,9
5494,9.9300,0.0640,1,100.00,7
5495,9.9800,0.0640,1,100.00,2
5496,9.9200,0.0640,1,100.00,8
5497,9.8900,0.0639,1,100.00,11
5498,9.8700,0.0639,1,92.31,13
5499,9.9400,0.0639,1,100.00,6
5500,9.9300,0.0639,1,100.00,7
5501,9.8600,0.0638,1,100.00,14
5502,9.9000,0.0638,1,100.00,10
5503,9.9100,0.0638,1,100.00,9
5504,9.9200,0.0637,1,100.00,8
5505,9.9200,0.0637,1,100.00,8
5506,9.8900,0.0637,1,100.00,11
5507,9.9600,0.0636,1,100.00,4
5508,9.9400,0.0636,1,100.00,6
5509,9.9600,0.0636,1,100.00,4
5510,9.9200,0.0635,1,100.00,8
5511,9.9200,0.0635,1,100.00,8
5512,9.9100,0.0635,1,100.00,9
5513,9.9800,0.0634,1,100.00,2
5514,9.9000,0.0634,1,100.00,10
5515,9.9400,0.0634,1,100.00,6
5516,9.9000,0.0633,1,100.00,10
5517,9.8700,0.0633,1,100.00,13
5518,9.9400,0.0633,1,100.00,6
5519,9.8800,0.0632,1,100.00,12
5520,9.9100,0.0632,1,77.78,9
5521,9.9500,0.0632,1,100.00,5
5522,9.9000,0.0632,1,100.00,10
5523,9.8900,0.0631,1,100.00,11
5524,9.9400,0.0631,1,100.00,6
5525,9.9100,0.0631,1,100.00,9
5526,9.8900,0.0630,1,100.00,11
5527,9.9300,0.0630,1,100.00,7
5528,9.4600,0.0630,1,75.00,4
5529,9.9800,0.0629,1,100.00,2
5530,9.9300,0.0629,1,100.00,7
5531,9.8900,0.0629,1,100.00,11
5532,9.9100,0.0628,1,100.00,9
5533,9.8800,0.0628,1,83.33,12
5534,9.9300,0.0628,1,100.00,7
5535,9.9500,0.0627,1,100.00,5
5536,9.9000,0.0627,1,100.00,10
5537,9.9600,0.0627,1,100.00,4
5538,9.9000,0.0626,1,100.00,10
5539,9.8800,0.0626,1,100.00,12
5540,9.9400,0.0626,1,100.00,6
5541,9.3500,0.0626,1,93.33,15
5542,9.9100,0.0625,1,100.00,9
5543,9.9000,0.0625,1,100.00,10
5544,9.8200,0.0625,1,72.22,18
5545,9.9200,0.0624,1,100.00,8
5546,9.9100,0.0624,1,77.78,9
5547,9.9100,0.0624,1,100.00,9
5548,9.9700,0.0623,1,100.00,3
5549,9.9000,0.0623,1,100.00,10
5550,9.9100,0.0623,1,100.00,9
5551,9.9400,0.0622,1,100.00,6
5552,9.9400,0.0622,1,100.00,6
5553,9.8600,0.0622,1,100.00,14
5554,9.9100,0.0622,1,77.78,9
5555,9.9600,0.0621,1,100.00,4
5556,9.8600,0.0621,1,100.00,14
5557,9.9100,0.0621,1,100.00,9
5558,9.9900,0.0620,1,100.00,1
5559,9.9000,0.0620,1,100.00,10
5560,9.9100,0.0620,1,100.00,9
5561,9.9300,0.0619,1,100.00,7
5562,9.8700,0.0619,1,100.00,13
5563,9.9200,0.0619,1,100.00,8
5564,9.9900,0.0618,1,100.00,1
5565,9.8700,0.0618,1,69.23,13
5566,9.9200,0.0618,1,100.00,8
5567,9.9100,0.0617,1,100.00,9
5568,9.9600,0.0617,1,100.00,4
5569,9.9200,0.0617,1,100.00,8
5570,9.9700,0.0617,1,100.00,3
5571,9.9500,0.0616,1,100.00,5
5572,9.9700,0.0616,1,100.00,3
5573,9.9500,0.0616,1,100.00,5
5574,9.8700,0.0615,1,84.62,13
5575,9.9000,0.0615,1,100.00,10
5576,9.9300,0.0615,1,100.00,7
5577,9.8900,0.0614,1,100.00,11
5578,9.9200,0.0614,1,75.00,8
5579,9.8600,0.0614,1,85.71,14
5580,9.9100,0.0613,1,100.00,9
5581,9.8900,0.0613,1,100.00,11
5582,9.9500,0.0613,1,100.00,5
5583,9.8900,0.0613,1,100.00,11
5584,9.9100,0.0612,1,100.00,9
5585,9.8800,0.0612,1,83.33,12
5586,9.9700,0.0612,1,100.00,3
5587,9.9400,0.0611,1,100.00,6
5588,9.9300,0.0611,1,100.00,7
5589,9.8500,0.0611,1,86.67,15
5590,9.9100,0.0610,1,100.00,9
5591,9.9000,0.0610,1,100.00,10
5592,9.8800,0.0610,1,83.33,12
5593,9.9000,0.0610,1,100.00,10
5594,9.9400,0.0609,1,100.00,6
5595,9.9700,0.0609,1,100.00,3
5596,9.9100,0.0609,1,100.00,9
5597,9.8800,0.0608,1,100.00,12
5598,9.3500,0.0608,1,93.33,15
5599,9.9800,0.0608,1,100.00,2
5600,9.8400,0.0607,1,87.50,16
5601,9.9000,0.0607,1,100.00,10
5602,9.9600,0.0607,1,100.00,4
5603,9.9400,0.0606,1,100.00,6
5604,9.8800,0.0606,1,100.00,12
5605,9.9300,0.0606,1,100.00,7
5606,9.9100,0.0606,1,77.78,9
5607,9.8900,0.0605,1,100.00,11
5608,9.9100,0.0605,1,100.00,9
5609,9.9600,0.0605,1,100.00,4
5610,9.9200,0.0604,1,100.00,8
5611,9.9200,0.0604,1,100.00,8
5612,9.9900,0.0604,1,100.00,1
5613,9.9000,0.0603,1,100.00,10
5614,9.8300,0.0603,1,88.24,17
5615,9.9800,0.0603,1,100.00,2
5616,9.8800,0.0603,1,100.00,12
5617,9.9300,0.0602,1,100.00,7
5618,9.9400,0.0602,1,100.00,6
5619,9.9000,0.0602,1,100.00,10
5620,9.9600,0.0601,1,100.00,4
5621,9.8800,0.0601,1,83.33,12
5622,9.8500,0.0601,1,100.00,15
5623,9.8600,0.0600,1,71.43,14
5624,9.9400,0.0600,1,66.67,6
5625,9.8900,0.0600,1,81.82,11
5626,9.8900,0.0600,1,100.00,11
5627,9.9100,0.0599,1,100.00,9
5628,9.9500,0.0599,1,100.00,5
5629,9.9500,0.0599,1,60.00,5
5630,9.8900,0.0598,1,100.00,11
5631,9.8900,0.0598,1,100.00,11
5632,9.9800,0.0598,1,100.00,2
5633,9.9300,0.0597,1,100.00,7
5634,9.9300,0.0597,1,100.00,7
5635,9.9100,0.0597,1,77.78,9
5636,9.8800,0.0597,1,100.00,12
5637,9.9200,0.0596,1,75.00,8
5638,9.9000,0.0596,1,100.00,10
5639,9.9800,0.0596,1,100.00,2
5640,9.8700,0.0595,1,100.00,13
5641,9.8700,0.0595,1,84.62,13
5642,9.8700,0.0595,1,69.23,13
5643,9.9800,0.0594,1,100.00,2
5644,9.8700,0.0594,1,84.62,13
5645,9.9100,0.0594,1,100.00,9
5646,9.9300,0.0594,1,100.00,7
5647,9.3800,0.0593,1,91.67,12
5648,9.9900,0.0593,1,100.00,1
5649,9.8600,0.0593,1,100.00,14
5650,9.8900,0.0592,1,100.00,11
5651,9.9200,0.0592,1,100.00,8
5652,9.9500,0.0592,1,100.00,5
5653,9.9700,0.0591,1,100.00,3
5654,9.9700,0.0591,1,100.00,3
5655,9.9800,0.0591,1,100.00,2
5656,9.8500,0.0591,1,86.67,15
5657,9.8600,0.0590,1,100.00,14
5658,9.9400,0.0590,1,100.00,6
5659,9.9200,0.0590,1,75.00,8
5660,9.9100,0.0589,1,100.00,9
5661,9.9000,0.0589,1,100.00,10
5662,9.9200,0.0589,1,100.00,8
5663,9.8700,0.0589,1,100.00,13
5664,9.8800,0.0588,1,100.00,12
5665,9.8700,0.0588,1,84.62,13
5666,9.9900,0.0588,1,100.00,1
5667,9.9300,0.0587,1,100.00,7
5668,9.9600,0.0587,1,100.00,4
5669,9.8800,0.0587,1,100.00,12
5670,9.8700,0.0586,1,92.31,13
5671,9.9200,0.0586,1,100.00,8
5672,9.9700,0.0586,1,100.00,3
5673,9.8900,0.0586,1,100.00,11
5674,9.9400,0.0585,1,66.67,6
5675,9.8800,0.0585,1,91.67,12
5676,9.9500,0.0585,1,100.00,5
5677,9.8800,0.0584,1,100.00,12
5678,9.9400,0.0584,1,100.00,6
5679,9.9400,0.0584,1,100.00,6
5680,9.9200,0.0584,1,100.00,8
5681,9.8300,0.0583,1,88.24,17
5682,9.9000,0.0583,1,80.00,10
5683,9.9000,0.0583,1,100.00,10
5684,9.9300,0.0582,1,100.00,7
5685,9.3900,0.0582,1,90.91,11
5686,9.9700,0.0582,1,100.00,3
5687,9.9600,0.0582,1,100.00,4
5688,9.8500,0.0581,1,100.00,15
5689,9.8900,0.0581,1,81.82,11
5690,9.8600,0.0581,1,71.43,14
5691,9.8900,0.0580,1,100.00,11
5692,9.8900,0.0580,1,90.91,11
5693,9.8600,0.0580,1,85.71,14
5694,9.9200,0.0579,1,75.00,8
5695,9.8800,0.0579,1,83.33,12
5696,9.9100,0.0579,1,100.00,9
5697,9.8800,0.0579,1,100.00,12
5698,9.9400,0.0578,1,66.67,6
5699,9.9700,0.0578,1,100.00,3
5700,9.8500,0.0578,1,86.67,15
5701,9.8700,0.0577,1,100.00,13
5702,9.9600,0.0577,1,100.00,4
5703,9.9400,0.0577,1,100.00,6
5704,9.9300,0.0577,1,100.00,7
5705,9.8800,0.0576,1,100.00,12
5706,9.9300,0.0576,1,100.00,7
5707,9.8900,0.0576,1,81.82,11
5708,9.9400,0.0575,1,100.00,6
5709,9.9100,0.0575,1,100.00,9
5710,9.8600,0.0575,1,71.43,14
5711,9.9400,0.0575,1,66.67,6
5712,9.9200,0.0574,1,100.00,8
5713,9.9600,0.0574,1,100.00,4
5714,9.9500,0.0574,1,100.00,5
5715,9.8900,0.0573,1,100.00,11
5716,9.9800,0.0573,1,100.00,2
5717,9.9700,0.0573,1,100.00,3
5718,9.9200,0.0573,1,100.00,8
5719,9.8700,0.0572,1,69.23,13
5720,9.9400,0.0572,1,66.67,6
5721,9.9000,0.0572,1,60.00,10
5722,9.4200,0.0571,1,87.50,8
5723,9.9900,0.0571,1,100.00,1
5724,9.9500,0.0571,1,100.00,5
5725,9.9600,0.0571,1,100.00,4
5726,9.9100,0.0570,1,100.00,9
5727,9.9700,0.0570,1,100.00,3
5728,8.8700,0.0570,1,84.62,13
5729,9.9700,0.0569,1,100.00,3
5730,9.8800,0.0569,1,100.00,12
5731,8.8800,0.0569,1,83.33,12
5732,9.9100,0.0569,1,100.00,9
5733,9.9300,0.0568,1,100.00,7
5734,9.9800,0.0568,1,100.00,2
5735,9.8900,0.0568,1,100.00,11
5736,9.8600,0.0567,1,100.00,14
5737,9.9100,0.0567,1,100.00,9
5738,9.8900,0.0567,1,81.82,11
5739,9.9600,0.0567,1,100.00,4
5740,9.3800,0.0566,1,91.67,12
5741,9.9900,0.0566,1,100.00,1
5742,9.9300,0.0566,1,100.00,7
5743,9.8700,0.0565,1,100.00,13
5744,9.9000,0.0565,1,100.00,10
5745,9.9100,0.0565,1,100.00,9
5746,9.8700,0.0565,1,100.00,13
5747,9.8900,0.0564,1,100.00,11
5748,9.8700,0.0564,1,100.00,13
5749,9.9300,0.0564,1,71.43,7
5750,9.9200,0.0563,1,100.00,8
5751,9.9700,0.0563,1,100.00,3
5752,9.8500,0.0563,1,100.00,15
5753,9.9000,0.0563,1,100.00,10
5754,9.3800,0.0562,1,91.67,12
5755,9.8900,0.0562,1,100.00,11
5756,9.9700,0.0562,1,100.00,3
5757,9.4300,0.0562,1,85.71,7
5758,9.9000,0.0561,1,100.00,10
5759,9.9400,0.0561,1,100.00,6
5760,9.9800,0.0561,1,100.00,2
5761,9.9800,0.0560,1,100.00,2
5762,9.3900,0.0560,1,90.91,11
5763,9.9000,0.0560,1,100.00,10
5764,9.8800,0.0560,1,100.00,12
5765,9.9700,0.0559,1,100.00,3
5766,9.8600,0.0559,1,100.00,14
5767,9.9000,0.0559,1,100.00,10
5768,9.8800,0.0558,1,100.00,12
5769,9.8800,0.0558,1,83.33,12
5770,9.8700,0.0558,1,100.00,13
5771,9.8800,0.0558,1,50.00,12
5772,9.8700,0.0557,1,69.23,13
5773,9.9300,0.0557,1,85.71,7
5774,9.9200,0.0557,1,100.00,8
5775,9.9800,0.0556,1,100.00,2
5776,9.9100,0.0556,1,100.00,9
5777,9.8800,0.0556,1,100.00,12
5778,9.9900,0.0556,1,100.00,1
5779,9.9600,0.0555,1,100.00,4
5780,9.9300,0.0555,1,100.00,7
5781,9.8900,0.0555,1,100.00,11
5782,9.8400,0.0555,1,50.00,16
5783,9.4300,0.0554,1,85.71,7
5784,9.8500,0.0554,1,86.67,15
5785,9.8400,0.0554,1,87.50,16
5786,9.9900,0.0553,1,100.00,1
5787,9.9100,0.0553,1,100.00,9
5788,9.9500,0.0553,1,100.00,5
5789,9.9300,0.0553,1,100.00,7
5790,9.9400,0.0552,1,100.00,6
5791,9.9100,0.0552,1,100.00,9
5792,9.9000,0.0552,1,60.00,10
5793,9.9800,0.0551,1,100.00,2
5794,9.9500,0.0551,1,60.00,5
5795,9.9400,0.0551,1,100.00,6
5796,9.9700,0.0551,1,100.00,3
5797,9.9600,0.0550,1,100.00,4
5798,9.3800,0.0550,1,91.67,12
5799,9.8800,0.0550,1,100.00,12
5800,9.9700,0.0550,1,100.00,3
5801,9.9500,0.0549,1,100.00,5
5802,9.9900,0.0549,1,100.00,1
5803,9.9300,0.0549,1,100.00,7
5804,9.8900,0.0548,1,100.00,11
5805,9.9400,0.0548,1,100.00,6
5806,9.9800,0.0548,1,100.00,2
5807,9.8800,0.0548,1,83.33,12
5808,9.9800,0.0547,1,100.00,2
5809,9.9300,0.0547,1,71.43,7
5810,9.8900,0.0547,1,100.00,11
5811,9.9400,0.0547,1,100.00,6
5812,9.8900,0.0546,1,100.00,11
5813,9.9100,0.0546,1,100.00,9
5814,9.9500,0.0546,1,100.00,5
5815,9.8900,0.0545,1,100.00,11
5816,9.9800,0.0545,1,100.00,2
5817,9.8900,0.0545,1,100.00,11
5818,9.8900,0.0545,1,81.82,11
5819,9.3800,0.0544,1,75.00,12
5820,9.9800,0.0544,1,100.00,2
5821,9.9100,0.0544,1,100.00,9
5822,9.9000,0.0544,1,100.00,10
5823,9.9400,0.0543,1,100.00,6
5824,9.9600,0.0543,1,100.00,4
5825,9.9400,0.0543,1,100.00,6
5826,9.8800,0.0542,1,100.00,12
5827,9.9300,0.0542,1,100.00,7
5828,9.9600,0.0542,1,100.00,4
5829,9.9700,0.0542,1,100.00,3
5830,9.9600,0.0541,1,100.00,4
5831,9.9300,0.0541,1,100.00,7
5832,9.9700,0.0541,1,100.00,3
5833,9.9300,0.0541,1,100.00,7
5834,9.8600,0.0540,1,85.71,14
5835,9.9400,0.0540,1,100.00,6
5836,9.9400,0.0540,1,100.00,6
5837,9.9200,0.0539,1,100.00,8
5838,9.9100,0.0539,1,100.00,9
5839,9.9400,0.0539,1,66.67,6
5840,9.8900,0.0539,1,100.00,11
5841,9.9300,0.0538,1,100.00,7
5842,9.9500,0.0538,1,100.00,5
5843,9.9600,0.0538,1,100.00,4
5844,9.9400,0.0538,1,66.67,6
5845,9.8700,0.0537,1,69.23,13
5846,9.8900,0.0537,1,81.82,11
5847,9.9600,0.0537,1,100.00,4
5848,9.8900,0.0537,1,100.00,11
5849,9.3700,0.0536,1,69.23,13
5850,9.8700,0.0536,1,84.62,13
5851,9.8900,0.0536,1,81.82,11
5852,9.9300,0.0535,1,100.00,7
5853,9.9100,0.0535,1,100.00,9
5854,9.4000,0.0535,1,90.00,10
5855,9.9400,0.0535,1,100.00,6
5856,9.8800,0.0534,1,100.00,12
5857,9.9200,0.0534,1,75.00,8
5858,9.8700,0.0534,1,84.62,13
5859,9.8600,0.0534,1,100.00,14
5860,9.9900,0.0533,1,100.00,1
5861,9.8900,0.0533,1,100.00,11
5862,9.3900,0.0533,1,90.91,11
5863,9.8800,0.0533,1,83.33,12
5864,9.9000,0.0532,1,80.00,10
5865,9.8600,0.0532,1,85.71,14
5866,9.8900,0.0532,1,100.00,11
5867,9.9100,0.0531,1,100.00,9
5868,9.9400,0.0531,1,100.00,6
5869,9.9100,0.0531,1,100.00,9
5870,9.9500,0.0531,1,100.00,5
5871,9.8800,0.0530,1,100.00,12
5872,9.9100,0.0530,1,100.00,9
5873,9.9200,0.0530,1,100.00,8
5874,9.9800,0.0530,1,100.00,2
5875,9.9400,0.0529,1,100.00,6
5876,9.8500,0.0529,1,86.67,15
5877,9.8900,0.0529,1,100.00,11
5878,9.9800,0.0529,1,100.00,2
5879,9.9200,0.0528,1,100.00,8
5880,9.9200,0.0528,1,100.00,8
5881,9.9100,0.0528,1,100.00,9
5882,9.9400,0.0527,1,100.00,6
5883,9.9600,0.0527,1,100.00,4
5884,9.9000,0.0527,1,80.00,10
5885,9.9000,0.0527,1,100.00,10
5886,9.9400,0.0526,1,66.67,6
5887,9.8900,0.0526,1,100.00,11
5888,9.9100,0.0526,1,100.00,9
5889,9.9800,0.0526,1,100.00,2
5890,9.9600,0.0525,1,100.00,4
5891,9.8500,0.0525,1,80.00,15
5892,9.9200,0.0525,1,100.00,8
5893,9.9000,0.0525,1,100.00,10
5894,9.9400,0.0524,1,100.00,6
5895,9.9300,0.0524,1,100.00,7
5896,9.8900,0.0524,1,81.82,11
5897,9.9300,0.0524,1,42.86,7
5898,9.9300,0.0523,1,100.00,7
5899,9.9500,0.0523,1,100.00,5
5900,9.9200,0.0523,1,75.00,8
5901,9.9100,0.0522,1,100.00,9
5902,9.9200,0.0522,1,100.00,8
5903,9.9100,0.0522,1,100.00,9
5904,9.9100,0.0522,1,100.00,9
5905,9.9900,0.0521,1,100.00,1
5906,9.8900,0.0521,1,100.00,11
5907,9.8800,0.0521,1,100.00,12
5908,9.9000,0.0521,1,100.00,10
5909,9.9100,0.0520,1,66.67,9
5910,9.9000,0.0520,1,100.00,10
5911,9.9400,0.0520,1,100.00,6
5912,9.9300,0.0520,1,100.00,7
5913,9.9000,0.0519,1,80.00,10
5914,9.9400,0.0519,1,66.67,6
5915,9.9400,0.0519,1,100.00,6
5916,9.9000,0.0519,1,80.00,10
5917,9.4600,0.0518,1,75.00,4
5918,9.9000,0.0518,1,100.00,10
5919,9.9700,0.0518,1,100.00,3
5920,9.9600,0.0518,1,100.00,4
5921,9.9000,0.0517,1,100.00,10
5922,9.3600,0.0517,1,78.57,14
5923,9.8800,0.0517,1,83.33,12
5924,9.9900,0.0517,1,100.00,1
5925,9.4500,0.0516,1,80.00,5
5926,9.9800,0.0516,1,100.00,2
5927,9.9500,0.0516,1,100.00,5
5928,9.8900,0.0515,1,100.00,11
5929,9.8700,0.0515,1,84.62,13
5930,9.9200,0.0515,1,100.00,8
5931,9.8900,0.0515,1,100.00,11
5932,9.9400,0.0514,1,66.67,6
5933,9.9800,0.0514,1,100.00,2
5934,9.9200,0.0514,1,100.00,8
5935,9.9600,0.0514,1,100.00,4
5936,9.9000,0.0513,1,100.00,10
5937,9.9100,0.0513,1,100.00,9
5938,9.9700,0.0513,1,100.00,3
5939,9.9000,0.0513,1,100.00,10
5940,9.8700,0.0512,1,100.00,13
5941,9.9000,0.0512,1,100.00,10
5942,9.9700,0.0512,1,100.00,3
5943,9.9900,0.0512,1,100.00,1
5944,9.9900,0.0511,1,100.00,1
5945,9.9200,0.0511,1,100.00,8
5946,9.9300,0.0511,1,100.00,7
5947,9.9000,0.0511,1,100.00,10
5948,9.8900,0.0510,1,100.00,11
5949,9.9100,0.0510,1,100.00,9
5950,9.8900,0.0510,1,81.82,11
5951,9.7600,0.0510,1,54.17,24
5952,9.8900,0.0509,1,100.00,11
5953,9.8800,0.0509,1,100.00,12
5954,9.9400,0.0509,1,100.00,6
5955,9.9200,0.0509,1,100.00,8
5956,9.9100,0.0508,1,100.00,9
5957,9.4300,0.0508,1,57.14,7
5958,9.9400,0.0508,1,100.00,6
5959,9.8900,0.0508,1,81.82,11
5960,9.8800,0.0507,1,100.00,12
5961,9.3800,0.0507,1,91.67,12
5962,9.9000,0.0507,1,100.00,10
5963,9.9000,0.0507,1,100.00,10
5964,9.8600,0.0506,1,85.71,14
5965,9.8800,0.0506,1,83.33,12
5966,9.8800,0.0506,1,100.00,12
5967,9.9100,0.0506,1,100.00,9
5968,9.8800,0.0505,1,100.00,12
5969,9.8600,0.0505,1,85.71,14
5970,9.8900,0.0505,1,81.82,11
5971,9.9400,0.0505,1,100.00,6
5972,9.9400,0.0504,1,100.00,6
5973,9.9300,0.0504,1,100.00,7
5974,9.9300,0.0504,1,100.00,7
5975,9.9700,0.0504,1,100.00,3
5976,9.8500,0.0503,1,73.33,15
5977,9.9800,0.0503,1,100.00,2
5978,9.8900,0.0503,1,81.82,11
5979,9.9200,0.0502,1,100.00,8
5980,9.8500,0.0502,1,73.33,15
5981,9.9100,0.0502,1,100.00,9
5982,9.9300,0.0502,1,100.00,7
5983,9.9000,0.0501,1,100.00,10
5984,9.8700,0.0501,1,100.00,13
5985,9.9100,0.0501,1,100.00,9
5986,9.9200,0.0501,1,100.00,8
5987,9.9000,0.0500,1,100.00,10
5988,9.8900,0.0500,1,100.00,11
5989,9.9100,0.0500,1,100.00,9
5990,9.9600,0.0500,1,100.00,4
5991,9.8500,0.0500,1,93.33,15
5992,9.9400,0.0500,1,100.00,6
5993,9.9200,0.0500,1,75.00,8
5994,9.9000,0.0500,1,100.00,10
5995,9.9800,0.0500,1,100.00,2
5996,9.9300,0.0500,1,100.00,7
5997,9.9100,0.0500,1,100.00,9
5998,9.9800,0.0500,1,100.00,2
5999,9.9600,0.0500,1,100.00,4
6000,9.8900,0.0500,1,100.00,11
6001,9.8800,0.0500,1,100.00,12
6002,9.3800,0.0500,1,91.67,12
6003,9.8900,0.0500,1,81.82,11
6004,9.9400,0.0500,1,100.00,6
6005,9.8400,0.0500,1,87.50,16
6006,9.9400,0.0500,1,100.00,6
6007,9.9000,0.0500,1,100.00,10
6008,9.8600,0.0500,1,71.43,14
6009,9.9900,0.0500,1,100.00,1
6010,9.9300,0.0500,1,100.00,7
6011,9.8500,0.0500,1,86.67,15
6012,9.9200,0.0500,1,100.00,8
6013,9.9000,0.0500,1,100.00,10
6014,9.9700,0.0500,1,100.00,3
6015,9.9900,0.0500,1,100.00,1
6016,9.9800,0.0500,1,100.00,2
6017,9.9200,0.0500,1,100.00,8
6018,9.9800,0.0500,1,100.00,2
6019,9.8800,0.0500,1,66.67,12
6020,9.9500,0.0500,1,100.00,5
6021,9.9300,0.0500,1,100.00,7
6022,9.9800,0.0500,1,100.00,2
6023,9.8900,0.0500,1,100.00,11
6024,9.8700,0.0500,1,100.00,13
6025,9.9300,0.0500,1,100.00,7
6026,9.9700,0.0500,1,100.00,3
6027,9.8900,0.0500,1,100.00,11
6028,9.9000,0.0500,1,80.00,10
6029,9.8900,0.0500,1,100.00,11
6030,9.9600,0.0500,1,100.00,4
6031,9.9200,0.0500,1,100.00,8
6032,9.8900,0.0500,1,100.00,11
6033,9.9100,0.0500,1,100.00,9
6034,9.9500,0.0500,1,100.00,5
6035,9.8900,0.0500,1,100.00,11
6036,9.9000,0.0500,1,100.00,10
6037,9.9100,0.0500,1,100.00,9
6038,9.8700,0.0500,1,69.23,13
6039,9.9500,0.0500,1,100.00,5
6040,9.3400,0.0500,1,81.25,16
6041,9.9200,0.0500,1,100.00,8
6042,9.8900,0.0500,1,100.00,11
6043,9.3800,0.0500,1,91.67,12
6044,9.8600,0.0500,1,100.00,14
6045,9.9300,0.0500,1,100.00,7
6046,9.9300,0.0500,1,100.00,7
6047,9.8500,0.0500,1,86.67,15
6048,9.8700,0.0500,1,100.00,13
6049,9.8600,0.0500,1,100.00,14
6050,9.9000,0.0500,1,100.00,10
6051,9.9300,0.0500,1,100.00,7
6052,9.9100,0.0500,1,77.78,9
6053,9.9900,0.0500,1,100.00,1
6054,9.8800,0.0500,1,100.00,12
6055,9.8800,0.0500,1,100.00,12
6056,9.9700,0.0500,1,100.00,3
6057,9.9000,0.0500,1,100.00,10
6058,9.9900,0.0500,1,100.00,1
6059,9.8700,0.0500,1,84.62,13
6060,9.9600,0.0500,1,100.00,4
6061,9.8800,0.0500,1,100.00,12
6062,9.9600,0.0500,1,100.00,4
6063,9.8900,0.0500,1,100.00,11
6064,9.9600,0.0500,1,100.00,4
6065,9.9800,0.0500,1,100.00,2
6066,9.8900,0.0500,1,100.00,11
6067,9.9000,0.0500,1,100.00,10
6068,9.9400,0.0500,1,100.00,6
6069,9.8800,0.0500,1,100.00,12
6070,9.9600,0.0500,1,100.00,4
6071,9.9400,0.0500,1,100.00,6
6072,9.8800,0.0500,1,100.00,12
6073,9.9500,0.0500,1,100.00,5
6074,9.9000,0.0500,1,100.00,10
6075,9.8900,0.0500,1,100.00,11
6076,9.9300,0.0500,1,100.00,7
6077,9.9300,0.0500,1,100.00,7
6078,9.9200,0.0500,1,100.00,8
6079,9.9700,0.0500,1,100.00,3
6080,9.9200,0.0500,1,100.00,8
6081,9.9300,0.0500,1,100.00,7
6082,9.9400,0.0500,1,100.00,6
6083,9.8900,0.0500,1,100.00,11
6084,9.9500,0.0500,1,100.00,5
6085,9.3800,0.0500,1,91.67,12
6086,9.4100,0.0500,1,88.89,9
6087,9.9500,0.0500,1,100.00,5
6088,9.4300,0.0500,1,85.71,7
6089,9.9200,0.0500,1,100.00,8
6090,9.9400,0.0500,1,100.00,6
6091,9.9000,0.0500,1,100.00,10
6092,9.8800,0.0500,1,100.00,12
6093,9.9500,0.0500,1,100.00,5
6094,9.9200,0.0500,1,75.00,8
6095,9.8800,0.0500,1,83.33,12
6096,9.9300,0.0500,1,100.00,7
6097,9.9900,0.0500,1,100.00,1
6098,9.9100,0.0500,1,100.00,9
6099,9.9700,0.0500,1,100.00,3
6100,9.9000,0.0500,1,100.00,10
6101,9.8700,0.0500,1,84.62,13
6102,9.9900,0.0500,1,100.00,1
6103,9.9200,0.0500,1,100.00,8
6104,9.9100,0.0500,1,100.00,9
6105,9.9000,0.0500,1,100.00,10
6106,9.9300,0.0500,1,85.71,7
6107,9.9300,0.0500,1,100.00,7
6108,9.8900,0.0500,1,100.00,11
6109,9.8800,0.0500,1,100.00,12
6110,9.9300,0.0500,1,71.43,7
6111,9.9800,0.0500,1,100.00,2
6112,9.8800,0.0500,1,100.00,12
6113,8.8600,0.0500,1,85.71,14
6114,9.3900,0.0500,1,90.91,11
6115,9.9000,0.0500,1,100.00,10
6116,9.8900,0.0500,1,100.00,11
6117,9.8800,0.0500,1,83.33,12
6118,9.9600,0.0500,1,100.00,4
6119,9.9700,0.0500,1,100.00,3
6120,9.8900,0.0500,1,81.82,11
6121,9.8800,0.0500,1,100.00,12
6122,9.9100,0.0500,1,100.00,9
6123,9.9200,0.0500,1,75.00,8
6124,9.9100,0.0500,1,100.00,9
6125,9.8600,0.0500,1,85.71,14
6126,9.8600,0.0500,1,100.00,14
6127,9.9100,0.0500,1,100.00,9
6128,9.9400,0.0500,1,100.00,6
6129,9.9200,0.0500,1,100.00,8
6130,9.9500,0.0500,1,100.00,5
6131,9.8500,0.0500,1,73.33,15
6132,9.9900,0.0500,1,100.00,1
6133,9.9200,0.0500,1,100.00,8
6134,9.8600,0.0500,1,100.00,14
6135,9.9300,0.0500,1,100.00,7
6136,9.8600,0.0500,1,85.71,14
6137,9.9900,0.0500,1,100.00,1
6138,9.8800,0.0500,1,100.00,12
6139,9.9400,0.0500,1,100.00,6
6140,9.9900,0.0500,1,100.00,1
6141,9.9500,0.0500,1,100.00,5
6142,9.8400,0.0500,1,87.50,16
6143,9.8900,0.0500,1,100.00,11
6144,9.9000,0.0500,1,100.00,10
6145,9.3700,0.0500,1,76.92,13
6146,9.8900,0.0500,1,100.00,11
6147,9.9200,0.0500,1,100.00,8
6148,9.8600,0.0500,1,57.14,14
6149,9.9300,0.0500,1,100.00,7
6150,9.8800,0.0500,1,83.33,12
6151,9.9500,0.0500,1,100.00,5
6152,9.9300,0.0500,1,100.00,7
6153,9.8800,0.0500,1,100.00,12
6154,9.3400,0.0500,1,81.25,16
6155,9.8600,0.0500,1,71.43,14
6156,9.9400,0.0500,1,100.00,6
6157,9.8500,0.0500,1,100.00,15
6158,9.8700,0.0500,1,100.00,13
6159,9.9900,0.0500,1,100.00,1
6160,9.9500,0.0500,1,100.00,5
6161,9.8700,0.0500,1,84.62,13
6162,9.9000,0.0500,1,100.00,10
6163,9.9700,0.0500,1,100.00,3
6164,9.9400,0.0500,1,100.00,6
6165,9.8900,0.0500,1,100.00,11
6166,9.9000,0.0500,1,100.00,10
6167,9.8700,0.0500,1,84.62,13
6168,9.9200,0.0500,1,100.00,8
6169,9.9200,0.0500,1,100.00,8
6170,9.9400,0.0500,1,100.00,6
6171,9.9200,0.0500,1,100.00,8
6172,9.9500,0.0500,1,100.00,5
6173,9.9100,0.0500,1,100.00,9
6174,9.9100,0.0500,1,100.00,9
6175,9.9700,0.0500,1,100.00,3
6176,9.8800,0.0500,1,100.00,12
6177,9.9900,0.0500,1,100.00,1
6178,9.9000,0.0500,1,100.00,10
6179,9.9400,0.0500,1,100.00,6
6180,9.8700,0.0500,1,100.00,13
6181,9.8900,0.0500,1,81.82,11
6182,9.9500,0.0500,1,100.00,5
6183,9.8900,0.0500,1,63.64,11
6184,9.9800,0.0500,1,100.00,2
6185,9.9500,0.0500,1,100.00,5
6186,9.8600,0.0500,1,71.43,14
6187,9.9400,0.0500,1,100.00,6
6188,9.8900,0.0500,1,100.00,11
6189,9.9900,0.0500,1,100.00,1
6190,9.9400,0.0500,1,100.00,6
6191,9.9100,0.0500,1,100.00,9
6192,9.9600,0.0500,1,100.00,4
6193,9.9000,0.0500,1,100.00,10
6194,9.9000,0.0500,1,100.00,10
6195,9.9700,0.0500,1,100.00,3
6196,9.8700,0.0500,1,100.00,13
6197,9.8900,0.0500,1,100.00,11
6198,9.9200,0.0500,1,100.00,8
6199,9.9700,0.0500,1,100.00,3
6200,9.9700,0.0500,1,100.00,3
6201,9.9000,0.0500,1,100.00,10
6202,9.9200,0.0500,1,100.00,8
6203,9.9200,0.0500,1,75.00,8
6204,9.9700,0.0500,1,100.00,3
6205,9.9200,0.0500,1,100.00,8
6206,9.9700,0.0500,1,100.00,3
6207,9.8900,0.0500,1,100.00,11
6208,9.9000,0.0500,1,80.00,10
6209,9.9600,0.0500,1,100.00,4
6210,9.9600,0.0500,1,100.00,4
6211,9.9100,0.0500,1,77.78,9
6212,9.8900,0.0500,1,100.00,11
6213,9.9300,0.0500,1,100.00,7
6214,9.9100,0.0500,1,100.00,9
6215,9.9400,0.0500,1,100.00,6
6216,9.9600,0.0500,1,100.00,4
6217,9.9200,0.0500,1,75.00,8
6218,9.3600,0.0500,1,85.71,14
6219,9.9400,0.0500,1,100.00,6
6220,9.9100,0.0500,1,100.00,9
6221,9.9100,0.0500,1,100.00,9
6222,9.8700,0.0500,1,84.62,13
6223,9.8700,0.0500,1,92.31,13
6224,9.8800,0.0500,1,100.00,12
6225,9.9000,0.0500,1,100.00,10
6226,9.9200,0.0500,1,100.00,8
6227,9.8800,0.0500,1,100.00,12
6228,9.9500,0.0500,1,100.00,5
6229,9.8900,0.0500,1,100.00,11
6230,9.9800,0.0500,1,100.00,2
6231,9.8800,0.0500,1,100.00,12
6232,9.9300,0.0500,1,100.00,7
6233,9.9000,0.0500,1,80.00,10
6234,9.9700,0.0500,1,100.00,3
6235,9.9200,0.0500,1,100.00,8
6236,9.8700,0.0500,1,84.62,13
6237,9.8600,0.0500,1,100.00,14
6238,9.8700,0.0500,1,100.00,13
6239,9.9300,0.0500,1,71.43,7
6240,9.8900,0.0500,1,100.00,11
6241,9.8500,0.0500,1,86.67,15
6242,9.9200,0.0500,1,100.00,8
6243,9.9600,0.0500,1,100.00,4
6244,9.9400,0.0500,1,100.00,6
6245,9.8700,0.0500,1,92.31,13
6246,9.9100,0.0500,1,100.00,9
6247,9.9600,0.0500,1,100.00,4
6248,9.8900,0.0500,1,100.00,11
6249,9.9200,0.0500,1,75.00,8
6250,9.8900,0.0500,1,100.00,11
6251,9.8700,0.0500,1,100.00,13
6252,9.9900,0.0500,1,100.00,1
6253,9.9300,0.0500,1,100.00,7
6254,9.8900,0.0500,1,100.00,11
6255,9.9100,0.0500,1,77.78,9
6256,9.9300,0.0500,1,100.00,7
6257,9.9400,0.0500,1,100.00,6
6258,9.9900,0.0500,1,100.00,1
6259,9.9000,0.0500,1,100.00,10
6260,9.9300,0.0500,1,100.00,7
6261,9.8900,0.0500,1,100.00,11
6262,9.9400,0.0500,1,100.00,6
6263,9.9300,0.0500,1,100.00,7
6264,9.9300,0.0500,1,100.00,7
6265,9.9000,0.0500,1,100.00,10
6266,9.8900,0.0500,1,100.00,11
6267,9.9600,0.0500,1,100.00,4
6268,9.9000,0.0500,1,100.00,10
6269,9.9800,0.0500,1,100.00,2
6270,9.8800,0.0500,1,100.00,12
6271,9.8900,0.0500,1,100.00,11
6272,9.4500,0.0500,1,80.00,5
6273,9.9200,0.0500,1,100.00,8
6274,9.8900,0.0500,1,100.00,11
6275,9.9600,0.0500,1,100.00,4
6276,9.4100,0.0500,1,88.89,9
6277,9.8700,0.0500,1,84.62,13
6278,9.9600,0.0500,1,100.00,4
6279,9.9900,0.0500,1,100.00,1
6280,9.9000,0.0500,1,100.00,10
6281,9.9000,0.0500,1,100.00,10
6282,9.9000,0.0500,1,100.00,10
6283,9.3900,0.0500,1,54.55,11
6284,9.9600,0.0500,1,100.00,4
6285,9.9100,0.0500,1,100.00,9
6286,9.9400,0.0500,1,100.00,6
6287,9.9500,0.0500,1,100.00,5
6288,9.9500,0.0500,1,100.00,5
6289,9.8900,0.0500,1,81.82,11
6290,9.9400,0.0500,1,100.00,6
6291,9.9100,0.0500,1,100.00,9
6292,9.9200,0.0500,1,100.00,8
6293,9.8800,0.0500,1,83.33,12
6294,9.9000,0.0500,1,80.00,10
6295,9.9200,0.0500,1,100.00,8
6296,9.8900,0.0500,1,100.00,11
6297,9.9900,0.0500,1,100.00,1
6298,9.9600,0.0500,1,100.00,4
6299,9.8700,0.0500,1,84.62,13
6300,9.9900,0.0500,1,100.00,1
6301,9.9400,0.0500,1,100.00,6
6302,9.9200,0.0500,1,75.00,8
6303,9.8900,0.0500,1,100.00,11
6304,9.9600,0.0500,1,100.00,4
6305,9.9600,0.0500,1,100.00,4
6306,9.4800,0.0500,1,28.85,52
6307,9.8800,0.0500,1,100.00,12
6308,9.8700,0.0500,1,100.00,13
6309,9.9500,0.0500,1,100.00,5
6310,9.9200,0.0500,1,100.00,8
6311,9.9300,0.0500,1,100.00,7
6312,9.9900,0.0500,1,100.00,1
6313,9.8500,0.0500,1,100.00,15
6314,9.9500,0.0500,1,100.00,5
6315,9.9500,0.0500,1,100.00,5
6316,9.9800,0.0500,1,100.00,2
6317,9.9600,0.0500,1,100.00,4
6318,9.9500,0.0500,1,100.00,5
6319,9.9000,0.0500,1,100.00,10
6320,9.8800,0.0500,1,100.00,12
6321,9.9800,0.0500,1,100.00,2
6322,9.9700,0.0500,1,33.33,3
6323,9.9400,0.0500,1,100.00,6
6324,9.9500,0.0500,1,100.00,5
6325,9.9500,0.0500,1,100.00,5
6326,9.8900,0.0500,1,100.00,11
6327,9.9000,0.0500,1,100.00,10
6328,9.9400,0.0500,1,100.00,6
6329,9.9800,0.0500,1,100.00,2
6330,9.9000,0.0500,1,100.00,10
6331,9.9300,0.0500,1,100.00,7
6332,9.9100,0.0500,1,100.00,9
6333,9.9200,0.0500,1,100.00,8
6334,9.9500,0.0500,1,100.00,5
6335,9.9700,0.0500,1,100.00,3
6336,9.9400,0.0500,1,100.00,6
6337,9.8800,0.0500,1,100.00,12
6338,9.9200,0.0500,1,100.00,8
6339,9.8400,0.0500,1,62.50,16
6340,9.9900,0.0500,1,100.00,1
6341,9.9500,0.0500,1,100.00,5
6342,9.9300,0.0500,1,71.43,7
6343,9.9100,0.0500,1,100.00,9
6344,9.6700,0.0500,1,39.39,33
6345,9.9000,0.0500,1,100.00,10
6346,9.8800,0.0500,1,83.33,12
6347,9.9400,0.0500,1,100.00,6
6348,9.9400,0.0500,1,100.00,6
6349,9.8900,0.0500,1,81.82,11
6350,9.8900,0.0500,1,100.00,11
6351,9.9500,0.0500,1,100.00,5
6352,9.9100,0.0500,1,100.00,9
6353,9.9300,0.0500,1,71.43,7
6354,9.8900,0.0500,1,100.00,11
6355,9.9200,0.0500,1,100.00,8
6356,9.8900,0.0500,1,100.00,11
6357,9.9200,0.0500,1,100.00,8
6358,9.9200,0.0500,1,100.00,8
6359,9.9600,0.0500,1,100.00,4
6360,9.9100,0.0500,1,100.00,9
6361,9.9100,0.0500,1,100.00,9
6362,9.9000,0.0500,1,100.00,10
6363,9.8900,0.0500,1,100.00,11
6364,9.9000,0.0500,1,100.00,10
6365,9.9700,0.0500,1,100.00,3
6366,9.9000,0.0500,1,100.00,10
6367,9.9400,0.0500,1,100.00,6
6368,9.9900,0.0500,1,100.00,1
6369,9.9000,0.0500,1,100.00,10
6370,9.8900,0.0500,1,100.00,11
6371,9.3400,0.0500,1,68.75,16
6372,9.9600,0.0500,1,100.00,4
6373,9.9500,0.0500,1,100.00,5
6374,9.9800,0.0500,1,100.00,2
6375,9.3400,0.0500,1,93.75,16
6376,9.4200,0.0500,1,62.50,8
6377,9.9000,0.0500,1,100.00,10
6378,9.8700,0.0500,1,100.00,13
6379,9.9700,0.0500,1,100.00,3
6380,9.8500,0.0500,1,100.00,15
6381,9.8800,0.0500,1,100.00,12
6382,9.9400,0.0500,1,100.00,6
6383,9.3200,0.0500,1,83.33,18
6384,9.8900,0.0500,1,100.00,11
6385,9.9800,0.0500,1,100.00,2
6386,9.4500,0.0500,1,80.00,5
6387,9.8800,0.0500,1,83.33,12
6388,9.8800,0.0500,1,100.00,12
6389,9.9400,0.0500,1,100.00,6
6390,9.8700,0.0500,1,100.00,13
6391,9.8900,0.0500,1,100.00,11
6392,9.9600,0.0500,1,100.00,4
6393,9.9100,0.0500,1,100.00,9
6394,9.9000,0.0500,1,100.00,10
6395,9.9600,0.0500,1,100.00,4
6396,9.9000,0.0500,1,100.00,10
6397,9.8900,0.0500,1,100.00,11
6398,9.9200,0.0500,1,100.00,8
6399,9.9400,0.0500,1,100.00,6
6400,9.9500,0.0500,1,100.00,5
6401,9.9700,0.0500,1,100.00,3
6402,9.9700,0.0500,1,100.00,3
6403,9.8900,0.0500,1,100.00,11
6404,9.9400,0.0500,1,100.00,6
6405,9.9900,0.0500,1,100.00,1
6406,9.9200,0.0500,1,100.00,8
6407,9.8800,0.0500,1,83.33,12
6408,9.9500,0.0500,1,100.00,5
6409,9.3000,0.0500,1,60.00,20
6410,9.9400,0.0500,1,100.00,6
6411,9.9000,0.0500,1,100.00,10
6412,9.9300,0.0500,1,100.00,7
6413,9.9600,0.0500,1,100.00,4
6414,9.9700,0.0500,1,100.00,3
6415,9.9600,0.0500,1,100.00,4
6416,9.9400,0.0500,1,100.00,6
6417,9.8500,0.0500,1,86.67,15
6418,9.9900,0.0500,1,100.00,1
6419,9.4000,0.0500,1,90.00,10
6420,9.9200,0.0500,1,100.00,8
6421,9.4300,0.0500,1,85.71,7
6422,9.9500,0.0500,1,100.00,5
6423,9.9200,0.0500,1,100.00,8
6424,9.8900,0.0500,1,100.00,11
6425,9.9800,0.0500,1,100.00,2
6426,9.8600,0.0500,1,100.00,14
6427,9.9300,0.0500,1,71.43,7
6428,9.9400,0.0500,1,100.00,6
6429,9.9000,0.0500,1,100.00,10
6430,9.9400,0.0500,1,100.00,6
6431,9.9100,0.0500,1,100.00,9
6432,9.8900,0.0500,1,81.82,11
6433,9.3700,0.0500,1,76.92,13
6434,9.9300,0.0500,1,100.00,7
6435,9.9700,0.0500,1,100.00,3
6436,9.8700,0.0500,1,100.00,13
6437,9.9700,0.0500,1,100.00,3
6438,9.9100,0.0500,1,100.00,9
6439,9.8900,0.0500,1,100.00,11
6440,9.8900,0.0500,1,100.00,11
6441,9.9400,0.0500,1,100.00,6
6442,9.8800,0.0500,1,100.00,12
6443,9.9200,0.0500,1,100.00,8
6444,9.8900,0.0500,1,81.82,11
6445,9.9400,0.0500,1,100.00,6
6446,9.9000,0.0500,1,100.00,10
6447,9.9700,0.0500,1,100.00,3
6448,9.8900,0.0500,1,100.00,11
6449,9.8900,0.0500,1,100.00,11
6450,9.4200,0.0500,1,87.50,8
6451,9.9000,0.0500,1,100.00,10
6452,9.8400,0.0500,1,62.50,16
6453,9.9600,0.0500,1,100.00,4
6454,9.8900,0.0500,1,100.00,11
6455,9.8700,0.0500,1,84.62,13
6456,9.9600,0.0500,1,100.00,4
6457,9.9800,0.0500,1,100.00,2
6458,9.4500,0.0500,1,80.00,5
6459,9.8500,0.0500,1,86.67,15
6460,9.8600,0.0500,1,100.00,14
6461,9.8800,0.0500,1,66.67,12
6462,9.9400,0.0500,1,66.67,6
6463,9.9100,0.0500,1,100.00,9
6464,9.9700,0.0500,1,100.00,3
6465,9.8900,0.0500,1,81.82,11
6466,9.9500,0.0500,1,100.00,5
6467,9.8600,0.0500,1,100.00,14
6468,9.9000,0.0500,1,100.00,10
6469,9.9300,0.0500,1,100.00,7
6470,9.8600,0.0500,1,71.43,14
6471,9.9100,0.0500,1,100.00,9
6472,9.8800,0.0500,1,100.00,12
6473,9.9000,0.0500,1,100.00,10
6474,9.9300,0.0500,1,100.00,7
6475,9.9300,0.0500,1,100.00,7
6476,9.9400,0.0500,1,100.00,6
6477,9.3600,0.0500,1,78.57,14
6478,9.9300,0.0500,1,100.00,7
6479,9.8800,0.0500,1,83.33,12
6480,9.9500,0.0500,1,100.00,5
6481,9.8700,0.0500,1,100.00,13
6482,9.9800,0.0500,1,100.00,2
6483,9.9200,0.0500,1,100.00,8
6484,9.3900,0.0500,1,90.91,11
6485,9.9500,0.0500,1,100.00,5
6486,9.9600,0.0500,1,100.00,4
6487,9.8700,0.0500,1,100.00,13
6488,9.9200,0.0500,1,75.00,8
6489,9.9800,0.0500,1,100.00,2
6490,9.9100,0.0500,1,100.00,9
6491,9.9600,0.0500,1,100.00,4
6492,9.9200,0.0500,1,100.00,8
6493,9.9500,0.0500,1,100.00,5
6494,9.8300,0.0500,1,88.24,17
6495,9.8700,0.0500,1,84.62,13
6496,9.9200,0.0500,1,100.00,8
6497,9.8300,0.0500,1,88.24,17
6498,9.8900,0.0500,1,100.00,11
6499,9.8500,0.0500,1,100.00,15
6500,9.8700,0.0500,1,84.62,13
6501,9.8800,0.0500,1,100.00,12
6502,9.9300,0.0500,1,100.00,7
6503,9.9000,0.0500,1,100.00,10
6504,9.8700,0.0500,1,100.00,13
6505,9.9800,0.0500,1,100.00,2
6506,9.9500,0.0500,1,60.00,5
6507,9.9000,0.0500,1,100.00,10
6508,9.9300,0.0500,1,100.00,7
6509,9.9400,0.0500,1,66.67,6
6510,9.9000,0.0500,1,100.00,10
6511,9.8800,0.0500,1,83.33,12
6512,9.9600,0.0500,1,100.00,4
6513,9.8900,0.0500,1,100.00,11
6514,9.9600,0.0500,1,100.00,4
6515,9.9300,0.0500,1,100.00,7
6516,9.8700,0.0500,1,84.62,13
6517,9.9200,0.0500,1,100.00,8
6518,9.3500,0.0500,1,93.33,15
6519,9.9000,0.0500,1,100.00,10
6520,9.9600,0.0500,1,100.00,4
6521,9.3800,0.0500,1,91.67,12
6522,9.9000,0.0500,1,100.00,10
6523,9.9300,0.0500,1,100.00,7
6524,9.9000,0.0500,1,100.00,10
6525,9.8600,0.0500,1,100.00,14
6526,9.8900,0.0500,1,100.00,11
6527,9.8900,0.0500,1,100.00,11
6528,9.9100,0.0500,1,100.00,9
6529,9.9500,0.0500,1,100.00,5
6530,9.9200,0.0500,1,100.00,8
6531,9.9600,0.0500,1,100.00,4
6532,9.9400,0.0500,1,100.00,6
6533,9.9800,0.0500,1,100.00,2
6534,9.9300,0.0500,1,100.00,7
6535,9.9900,0.0500,1,100.00,1
6536,9.9100,0.0500,1,100.00,9
6537,9.9300,0.0500,1,100.00,7
6538,9.9900,0.0500,1,100.00,1
6539,9.3900,0.0500,1,72.73,11
6540,9.9200,0.0500,1,100.00,8
6541,9.9100,0.0500,1,100.00,9
6542,9.9300,0.0500,1,100.00,7
6543,9.8800,0.0500,1,100.00,12
6544,9.9000,0.0500,1,100.00,10
6545,9.8900,0.0500,1,100.00,11
6546,9.9800,0.0500,1,100.00,2
6547,9.9000,0.0500,1,80.00,10
6548,9.9600,0.0500,1,100.00,4
6549,9.9800,0.0500,1,100.00,2
6550,9.9000,0.0500,1,100.00,10
6551,9.9600,0.0500,1,100.00,4
6552,9.9100,0.0500,1,100.00,9
6553,9.9600,0.0500,1,100.00,4
6554,9.9700,0.0500,1,100.00,3
6555,9.9500,0.0500,1,100.00,5
6556,9.8600,0.0500,1,100.00,14
6557,9.8700,0.0500,1,100.00,13
6558,9.4400,0.0500,1,66.67,6
6559,9.8800,0.0500,1,100.00,12
6560,9.9600,0.0500,1,100.00,4
6561,9.8600,0.0500,1,100.00,14
6562,9.9400,0.0500,1,100.00,6
6563,9.8800,0.0500,1,100.00,12
6564,9.9200,0.0500,1,100.00,8
6565,9.9900,0.0500,1,100.00,1
6566,9.9300,0.0500,1,100.00,7
6567,9.9000,0.0500,1,100.00,10
6568,9.9700,0.0500,1,66.67,3
6569,9.9200,0.0500,1,50.00,8
6570,9.9100,0.0500,1,100.00,9
6571,9.9200,0.0500,1,100.00,8
6572,9.9600,0.0500,1,50.00,4
6573,9.9700,0.0500,1,100.00,3
6574,9.9200,0.0500,1,100.00,8
6575,9.9600,0.0500,1,100.00,4
6576,9.8900,0.0500,1,100.00,11
6577,9.8800,0.0500,1,83.33,12
6578,9.9600,0.0500,1,100.00,4
6579,9.9200,0.0500,1,100.00,8
6580,9.9000,0.0500,1,100.00,10
6581,9.9400,0.0500,1,100.00,6
6582,9.9500,0.0500,1,100.00,5
6583,9.9300,0.0500,1,85.71,7
6584,9.9800,0.0500,1,100.00,2
6585,9.9100,0.0500,1,100.00,9
6586,9.8700,0.0500,1,100.00,13
6587,9.9900,0.0500,1,100.00,1
6588,9.8900,0.0500,1,100.00,11
6589,9.9000,0.0500,1,100.00,10
6590,9.9200,0.0500,1,75.00,8
6591,9.9900,0.0500,1,100.00,1
6592,9.9600,0.0500,1,100.00,4
6593,9.9600,0.0500,1,100.00,4
6594,9.9300,0.0500,1,100.00,7
6595,9.9400,0.0500,1,100.00,6
6596,9.9500,0.0500,1,100.00,5
6597,9.9000,0.0500,1,100.00,10
6598,9.9200,0.0500,1,100.00,8
6599,9.9700,0.0500,1,100.00,3
6600,9.8900,0.0500,1,100.00,11
6601,9.9000,0.0500,1,100.00,10
6602,9.3700,0.0500,1,92.31,13
6603,9.4000,0.0500,1,90.00,10
6604,9.8800,0.0500,1,100.00,12
6605,9.9400,0.0500,1,100.00,6
6606,9.9300,0.0500,1,100.00,7
6607,9.8900,0.0500,1,100.00,11
6608,9.8500,0.0500,1,100.00,15
6609,9.8900,0.0500,1,100.00,11
6610,9.9200,0.0500,1,100.00,8
6611,9.9700,0.0500,1,100.00,3
6612,9.9300,0.0500,1,100.00,7
6613,9.3800,0.0500,1,91.67,12
6614,9.9100,0.0500,1,100.00,9
6615,9.9000,0.0500,1,100.00,10
6616,9.9200,0.0500,1,100.00,8
6617,9.9600,0.0500,1,100.00,4
6618,9.9100,0.0500,1,100.00,9
6619,9.9500,0.0500,1,100.00,5
6620,9.9200,0.0500,1,100.00,8
6621,9.8600,0.0500,1,85.71,14
6622,9.8600,0.0500,1,100.00,14
6623,9.9700,0.0500,1,100.00,3
6624,9.9200,0.0500,1,100.00,8
6625,9.8800,0.0500,1,100.00,12
6626,9.9300,0.0500,1,100.00,7
6627,9.9400,0.0500,1,100.00,6
6628,9.8700,0.0500,1,100.00,13
6629,9.9800,0.0500,1,100.00,2
6630,9.9900,0.0500,1,100.00,1
6631,9.9500,0.0500,1,100.00,5
6632,9.8900,0.0500,1,100.00,11
6633,9.8200,0.0500,1,77.78,18
6634,9.9200,0.0500,1,100.00,8
6635,9.9100,0.0500,1,100.00,9
6636,9.9000,0.0500,1,70.00,10
6637,9.3900,0.0500,1,90.91,11
6638,9.9900,0.0500,1,100.00,1
6639,9.8800,0.0500,1,100.00,12
6640,9.8800,0.0500,1,100.00,12
6641,9.9400,0.0500,1,100.00,6
6642,9.8700,0.0500,1,69.23,13
6643,9.8500,0.0500,1,100.00,15
6644,9.9700,0.0500,1,100.00,3
6645,9.9700,0.0500,1,100.00,3
6646,9.3900,0.0500,1,90.91,11
6647,9.9400,0.0500,1,100.00,6
6648,9.9000,0.0500,1,100.00,10
6649,9.9500,0.0500,1,100.00,5
6650,9.8700,0.0500,1,100.00,13
6651,9.9400,0.0500,1,100.00,6
6652,9.9200,0.0500,1,100.00,8
6653,9.9500,0.0500,1,60.00,5
6654,9.9600,0.0500,1,100.00,4
6655,9.8900,0.0500,1,100.00,11
6656,9.8600,0.0500,1,100.00,14
6657,9.8700,0.0500,1,84.62,13
6658,9.8800,0.0500,1,83.33,12
6659,9.9100,0.0500,1,100.00,9
6660,9.9200,0.0500,1,75.00,8
6661,9.9900,0.0500,1,100.00,1
6662,9.9800,0.0500,1,100.00,2
6663,9.9300,0.0500,1,100.00,7
6664,9.9300,0.0500,1,100.00,7
6665,9.9600,0.0500,1,100.00,4
6666,9.8400,0.0500,1,87.50,16
6667,9.9300,0.0500,1,100.00,7
6668,9.8900,0.0500,1,100.00,11
6669,9.9600,0.0500,1,100.00,4
6670,9.8700,0.0500,1,100.00,13
6671,9.9200,0.0500,1,100.00,8
6672,9.9200,0.0500,1,100.00,8
6673,9.9900,0.0500,1,100.00,1
6674,9.9000,0.0500,1,100.00,10
6675,9.8900,0.0500,1,100.00,11
6676,9.8500,0.0500,1,86.67,15
6677,9.8500,0.0500,1,86.67,15
6678,9.9900,0.0500,1,100.00,1
6679,9.9000,0.0500,1,100.00,10
6680,9.9600,0.0500,1,100.00,4
6681,9.9800,0.0500,1,100.00,2
6682,9.8900,0.0500,1,100.00,11
6683,9.9700,0.0500,1,100.00,3
6684,9.8700,0.0500,1,76.92,13
6685,9.9700,0.0500,1,100.00,3
6686,9.9200,0.0500,1,100.00,8
6687,9.9600,0.0500,1,75.00,4
6688,9.9200,0.0500,1,75.00,8
6689,9.8900,0.0500,1,100.00,11
6690,9.8900,0.0500,1,100.00,11
6691,9.8600,0.0500,1,85.71,14
6692,9.8800,0.0500,1,100.00,12
6693,9.9600,0.0500,1,100.00,4
6694,9.9000,0.0500,1,100.00,10
6695,9.9000,0.0500,1,100.00,10
6696,9.9500,0.0500,1,100.00,5
6697,9.9200,0.0500,1,100.00,8
6698,9.9300,0.0500,1,100.00,7
6699,9.9200,0.0500,1,100.00,8
6700,9.9700,0.0500,1,100.00,3
6701,9.8900,0.0500,1,100.00,11
6702,9.9200,0.0500,1,100.00,8
6703,9.9700,0.0500,1,100.00,3
6704,9.8800,0.0500,1,100.00,12
6705,9.8900,0.0500,1,100.00,11
6706,9.9100,0.0500,1,77.78,9
6707,9.9600,0.0500,1,100.00,4
6708,9.8800,0.0500,1,91.67,12
6709,9.9300,0.0500,1,100.00,7
6710,9.9900,0.0500,1,100.00,1
6711,9.9800,0.0500,1,100.00,2
6712,9.9100,0.0500,1,100.00,9
6713,9.8600,0.0500,1,100.00,14
6714,9.9400,0.0500,1,100.00,6
6715,9.9200,0.0500,1,100.00,8
6716,9.9000,0.0500,1,100.00,10
6717,9.9500,0.0500,1,100.00,5
6718,9.8900,0.0500,1,100.00,11
6719,9.8900,0.0500,1,100.00,11
6720,9.9000,0.0500,1,80.00,10
6721,9.8900,0.0500,1,100.00,11
6722,9.9100,0.0500,1,77.78,9
6723,9.8900,0.0500,1,100.00,11
6724,9.8900,0.0500,1,100.00,11
6725,9.3500,0.0500,1,73.33,15
6726,9.9200,0.0500,1,100.00,8
6727,9.9300,0.0500,1,71.43,7
6728,9.9800,0.0500,1,100.00,2
6729,9.3800,0.0500,1,91.67,12
6730,9.9600,0.0500,1,100.00,4
6731,9.9600,0.0500,1,50.00,4
6732,9.9600,0.0500,1,100.00,4
6733,9.9000,0.0500,1,100.00,10
6734,9.9100,0.0500,1,100.00,9
6735,9.8700,0.0500,1,100.00,13
6736,9.9200,0.0500,1,100.00,8
6737,9.9700,0.0500,1,100.00,3
6738,9.9400,0.0500,1,100.00,6
6739,9.9100,0.0500,1,77.78,9
6740,9.9500,0.0500,1,100.00,5
6741,9.9900,0.0500,1,100.00,1
6742,9.9300,0.0500,1,100.00,7
6743,9.8900,0.0500,1,90.91,11
6744,9.9000,0.0500,1,100.00,10
6745,9.8800,0.0500,1,100.00,12
6746,9.9100,0.0500,1,100.00,9
6747,9.8900,0.0500,1,81.82,11
6748,9.9900,0.0500,1,100.00,1
6749,9.9500,0.0500,1,100.00,5
6750,9.9800,0.0500,1,100.00,2
6751,9.9000,0.0500,1,60.00,10
6752,9.8800,0.0500,1,100.00,12
6753,9.9100,0.0500,1,100.00,9
6754,9.9100,0.0500,1,100.00,9
6755,9.9400,0.0500,1,100.00,6
6756,9.9300,0.0500,1,100.00,7
6757,9.9600,0.0500,1,100.00,4
6758,9.8900,0.0500,1,81.82,11
6759,9.9300,0.0500,1,71.43,7
6760,9.9100,0.0500,1,100.00,9
6761,9.9100,0.0500,1,100.00,9
6762,9.9600,0.0500,1,100.00,4
6763,9.9600,0.0500,1,100.00,4
6764,9.9100,0.0500,1,100.00,9
6765,9.9200,0.0500,1,75.00,8
6766,9.9300,0.0500,1,71.43,7
6767,9.9600,0.0500,1,100.00,4
6768,9.8900,0.0500,1,100.00,11
6769,9.8800,0.0500,1,100.00,12
6770,9.9100,0.0500,1,100.00,9
6771,9.9900,0.0500,1,100.00,1
6772,9.9700,0.0500,1,100.00,3
6773,9.8700,0.0500,1,100.00,13
6774,9.9800,0.0500,1,100.00,2
6775,9.8500,0.0500,1,100.00,15
6776,9.9000,0.0500,1,100.00,10
6777,9.9000,0.0500,1,100.00,10
6778,9.9300,0.0500,1,71.43,7
6779,9.9800,0.0500,1,100.00,2
6780,9.9500,0.0500,1,100.00,5
6781,9.9100,0.0500,1,100.00,9
6782,9.8900,0.0500,1,100.00,11
6783,9.8500,0.0500,1,73.33,15
6784,9.9600,0.0500,1,100.00,4
6785,9.8800,0.0500,1,83.33,12
6786,9.9300,0.0500,1,100.00,7
6787,9.9400,0.0500,1,100.00,6
6788,9.9400,0.0500,1,100.00,6
6789,9.8900,0.0500,1,81.82,11
6790,9.9600,0.0500,1,100.00,4
6791,9.4300,0.0500,1,85.71,7
6792,9.9200,0.0500,1,100.00,8
6793,9.9000,0.0500,1,100.00,10
6794,9.9600,0.0500,1,100.00,4
6795,9.7400,0.0500,1,50.00,26
6796,9.9200,0.0500,1,50.00,8
6797,9.9800,0.0500,1,100.00,2
6798,9.9000,0.0500,1,100.00,10
6799,9.9100,0.0500,1,100.00,9
6800,9.8800,0.0500,1,91.67,12
6801,9.9600,0.0500,1,100.00,4
6802,9.8800,0.0500,1,83.33,12
6803,9.9100,0.0500,1,100.00,9
6804,9.9000,0.0500,1,100.00,10
6805,9.8900,0.0500,1,81.82,11
6806,9.9200,0.0500,1,100.00,8
6807,9.8900,0.0500,1,81.82,11
6808,9.9500,0.0500,1,100.00,5
6809,9.9600,0.0500,1,100.00,4
6810,9.9500,0.0500,1,100.00,5
6811,9.8800,0.0500,1,91.67,12
6812,9.8700,0.0500,1,100.00,13
6813,9.8900,0.0500,1,100.00,11
6814,9.9200,0.0500,1,100.00,8
6815,9.8800,0.0500,1,100.00,12
6816,9.9400,0.0500,1,100.00,6
6817,9.8800,0.0500,1,83.33,12
6818,9.9400,0.0500,1,100.00,6
6819,9.9000,0.0500,1,100.00,10
6820,9.8500,0.0500,1,100.00,15
6821,9.9700,0.0500,1,100.00,3
6822,9.9900,0.0500,1,100.00,1
6823,9.9200,0.0500,1,100.00,8
6824,9.9000,0.0500,1,100.00,10
6825,9.8900,0.0500,1,81.82,11
6826,9.8600,0.0500,1,71.43,14
6827,9.9300,0.0500,1,100.00,7
6828,9.8800,0.0500,1,100.00,12
6829,9.9100,0.0500,1,100.00,9
6830,9.9300,0.0500,1,100.00,7
6831,9.9400,0.0500,1,100.00,6
6832,9.9500,0.0500,1,100.00,5
6833,9.4100,0.0500,1,88.89,9
6834,9.9100,0.0500,1,100.00,9
6835,9.8900,0.0500,1,81.82,11
6836,9.9500,0.0500,1,100.00,5
6837,9.8800,0.0500,1,100.00,12
6838,9.8500,0.0500,1,100.00,15
6839,9.8900,0.0500,1,100.00,11
6840,9.9600,0.0500,1,100.00,4
6841,9.9400,0.0500,1,100.00,6
6842,9.8700,0.0500,1,84.62,13
6843,9.9000,0.0500,1,100.00,10
6844,9.8900,0.0500,1,100.00,11
6845,9.9500,0.0500,1,100.00,5
6846,9.8600,0.0500,1,85.71,14
6847,9.9600,0.0500,1,100.00,4
6848,9.8700,0.0500,1,100.00,13
6849,9.9200,0.0500,1,75.00,8
6850,9.9100,0.0500,1,100.00,9
6851,9.8700,0.0500,1,100.00,13
6852,9.9100,0.0500,1,100.00,9
6853,9.8900,0.0500,1,90.91,11
6854,9.8700,0.0500,1,84.62,13
6855,9.8900,0.0500,1,100.00,11
6856,9.9200,0.0500,1,100.00,8
6857,9.9900,0.0500,1,100.00,1
6858,9.9400,0.0500,1,100.00,6
6859,9.9300,0.0500,1,71.43,7
6860,9.8300,0.0500,1,88.24,17
6861,9.9400,0.0500,1,100.00,6
6862,9.9200,0.0500,1,100.00,8
6863,9.9500,0.0500,1,100.00,5
6864,9.9200,0.0500,1,100.00,8
6865,9.3800,0.0500,1,91.67,12
6866,9.8800,0.0500,1,91.67,12
6867,9.8800,0.0500,1,100.00,12
6868,9.3300,0.0500,1,82.35,17
6869,9.9600,0.0500,1,100.00,4
6870,9.9000,0.0500,1,100.00,10
6871,9.8700,0.0500,1,100.00,13
6872,9.3400,0.0500,1,81.25,16
6873,9.9100,0.0500,1,100.00,9
6874,9.8700,0.0500,1,100.00,13
6875,9.8900,0.0500,1,100.00,11
6876,9.9100,0.0500,1,100.00,9
6877,9.8700,0.0500,1,84.62,13
6878,9.9700,0.0500,1,100.00,3
6879,9.9000,0.0500,1,100.00,10
6880,9.9400,0.0500,1,100.00,6
6881,9.9600,0.0500,1,100.00,4
6882,9.9000,0.0500,1,100.00,10
6883,9.9400,0.0500,1,100.00,6
6884,9.9800,0.0500,1,100.00,2
6885,9.8700,0.0500,1,84.62,13
6886,9.9200,0.0500,1,100.00,8
6887,9.9400,0.0500,1,100.00,6
6888,9.8400,0.0500,1,75.00,16
6889,9.9900,0.0500,1,100.00,1
6890,9.9900,0.0500,1,100.00,1
6891,9.8900,0.0500,1,100.00,11
6892,9.9700,0.0500,1,100.00,3
6893,9.9700,0.0500,1,100.00,3
6894,9.8800,0.0500,1,83.33,12
6895,9.8900,0.0500,1,100.00,11
6896,9.9800,0.0500,1,100.00,2
6897,9.9700,0.0500,1,100.00,3
6898,9.9000,0.0500,1,100.00,10
6899,9.9000,0.0500,1,100.00,10
6900,9.9900,0.0500,1,100.00,1
6901,9.9600,0.0500,1,100.00,4
6902,9.9000,0.0500,1,100.00,10
6903,9.8800,0.0500,1,83.33,12
6904,9.9000,0.0500,1,100.00,10
6905,9.8500,0.0500,1,73.33,15
6906,9.9000,0.0500,1,100.00,10
6907,9.9500,0.0500,1,100.00,5
6908,9.9400,0.0500,1,100.00,6
6909,9.4000,0.0500,1,90.00,10
6910,9.9400,0.0500,1,100.00,6
6911,9.9100,0.0500,1,100.00,9
6912,9.9800,0.0500,1,100.00,2
6913,9.9600,0.0500,1,100.00,4
6914,9.9600,0.0500,1,100.00,4
6915,9.9900,0.0500,1,100.00,1
6916,9.9500,0.0500,1,100.00,5
6917,9.9500,0.0500,1,100.00,5
6918,9.9800,0.0500,1,100.00,2
6919,9.9800,0.0500,1,100.00,2
6920,8.8700,0.0500,1,84.62,13
6921,9.9000,0.0500,1,100.00,10
6922,9.9100,0.0500,1,77.78,9
6923,9.9300,0.0500,1,100.00,7
6924,9.9100,0.0500,1,77.78,9
6925,9.8400,0.0500,1,87.50,16
6926,9.8900,0.0500,1,100.00,11
6927,9.9400,0.0500,1,100.00,6
6928,9.9500,0.0500,1,100.00,5
6929,9.3600,0.0500,1,78.57,14
6930,9.8900,0.0500,1,100.00,11
6931,9.8900,0.0500,1,100.00,11
6932,9.8700,0.0500,1,84.62,13
6933,9.8900,0.0500,1,100.00,11
6934,9.9200,0.0500,1,100.00,8
6935,9.3400,0.0500,1,68.75,16
6936,9.9600,0.0500,1,100.00,4
6937,9.9500,0.0500,1,100.00,5
6938,9.9100,0.0500,1,100.00,9
6939,9.9400,0.0500,1,100.00,6
6940,9.4400,0.0500,1,83.33,6
6941,9.9000,0.0500,1,100.00,10
6942,9.8900,0.0500,1,100.00,11
6943,9.9400,0.0500,1,100.00,6
6944,9.9600,0.0500,1,100.00,4
6945,9.8900,0.0500,1,100.00,11
6946,9.9000,0.0500,1,70.00,10
6947,9.9600,0.0500,1,100.00,4
6948,9.8700,0.0500,1,69.23,13
6949,9.9400,0.0500,1,100.00,6
6950,9.9900,0.0500,1,100.00,1
6951,9.9500,0.0500,1,100.00,5
6952,9.9000,0.0500,1,100.00,10
6953,9.8500,0.0500,1,86.67,15
6954,9.8900,0.0500,1,100.00,11
6955,9.8800,0.0500,1,100.00,12
6956,9.4000,0.0500,1,90.00,10
6957,9.9100,0.0500,1,100.00,9
6958,9.9800,0.0500,1,100.00,2
6959,9.8900,0.0500,1,100.00,11
6960,9.9000,0.0500,1,100.00,10
6961,9.9700,0.0500,1,100.00,3
6962,9.9100,0.0500,1,100.00,9
6963,9.9400,0.0500,1,100.00,6
6964,9.4300,0.0500,1,57.14,7
6965,9.9200,0.0500,1,100.00,8
6966,9.9900,0.0500,1,100.00,1
6967,9.9000,0.0500,1,80.00,10
6968,9.9500,0.0500,1,100.00,5
6969,9.9000,0.0500,1,100.00,10
6970,9.9900,0.0500,1,100.00,1
6971,9.8900,0.0500,1,100.00,11
6972,9.9900,0.0500,1,100.00,1
6973,9.9700,0.0500,1,100.00,3
6974,9.9200,0.0500,1,100.00,8
6975,9.9500,0.0500,1,100.00,5
6976,9.9200,0.0500,1,100.00,8
6977,9.9600,0.0500,1,100.00,4
6978,9.9100,0.0500,1,100.00,9
6979,9.9400,0.0500,1,83.33,6
6980,9.9400,0.0500,1,100.00,6
6981,9.9400,0.0500,1,100.00,6
6982,9.8900,0.0500,1,100.00,11
6983,9.9100,0.0500,1,100.00,9
6984,9.9200,0.0500,1,100.00,8
6985,9.9200,0.0500,1,100.00,8
6986,9.9100,0.0500,1,100.00,9
6987,9.8700,0.0500,1,100.00,13
6988,9.9800,0.0500,1,100.00,2
6989,9.9500,0.0500,1,100.00,5
6990,9.9900,0.0500,1,100.00,1
6991,9.9900,0.0500,1,100.00,1
6992,9.8700,0.0500,1,100.00,13
6993,9.3500,0.0500,1,93.33,15
6994,9.9400,0.0500,1,100.00,6
6995,9.9000,0.0500,1,100.00,10
6996,9.9600,0.0500,1,100.00,4
6997,9.9000,0.0500,1,100.00,10
6998,9.9100,0.0500,1,77.78,9
6999,9.9300,0.0500,1,100.00,7
7000,9.9000,0.0500,1,80.00,10
7001,9.9000,0.0500,1,100.00,10
7002,9.9100,0.0500,1,100.00,9
7003,9.3700,0.0500,1,92.31,13
7004,9.8900,0.0500,1,100.00,11
7005,9.9700,0.0500,1,100.00,3
7006,9.9000,0.0500,1,80.00,10
7007,9.8600,0.0500,1,100.00,14
7008,9.9300,0.0500,1,85.71,7
7009,9.9700,0.0500,1,100.00,3
7010,9.9400,0.0500,1,100.00,6
7011,9.9100,0.0500,1,100.00,9
7012,9.8600,0.0500,1,100.00,14
7013,9.9100,0.0500,1,77.78,9
7014,9.9500,0.0500,1,100.00,5
7015,9.9300,0.0500,1,100.00,7
7016,9.8500,0.0500,1,60.00,15
7017,9.9700,0.0500,1,100.00,3
7018,9.8900,0.0500,1,100.00,11
7019,9.9400,0.0500,1,100.00,6
7020,9.9300,0.0500,1,100.00,7
7021,9.8800,0.0500,1,66.67,12
7022,9.9400,0.0500,1,100.00,6
7023,9.9400,0.0500,1,100.00,6
7024,9.8900,0.0500,1,100.00,11
7025,9.9100,0.0500,1,77.78,9
7026,9.9400,0.0500,1,100.00,6
7027,9.8300,0.0500,1,88.24,17
7028,9.9400,0.0500,1,100.00,6
7029,9.9200,0.0500,1,100.00,8
7030,9.4000,0.0500,1,90.00,10
7031,9.8500,0.0500,1,86.67,15
7032,9.3800,0.0500,1,91.67,12
7033,9.8700,0.0500,1,100.00,13
7034,9.9200,0.0500,1,100.00,8
7035,9.8600,0.0500,1,85.71,14
7036,9.9900,0.0500,1,100.00,1
7037,9.9100,0.0500,1,100.00,9
7038,9.4100,0.0500,1,88.89,9
7039,9.8900,0.0500,1,100.00,11
7040,9.9900,0.0500,1,100.00,1
7041,9.8800,0.0500,1,83.33,12
7042,9.9600,0.0500,1,100.00,4
7043,9.9300,0.0500,1,100.00,7
7044,9.3900,0.0500,1,90.91,11
7045,9.9000,0.0500,1,100.00,10
7046,9.9700,0.0500,1,100.00,3
7047,9.8600,0.0500,1,85.71,14
7048,9.9200,0.0500,1,75.00,8
7049,9.9100,0.0500,1,88.89,9
7050,9.9600,0.0500,1,100.00,4
7051,9.9300,0.0500,1,100.00,7
7052,9.3500,0.0500,1,80.00,15
7053,9.8800,0.0500,1,83.33,12
7054,9.9500,0.0500,1,100.00,5
7055,9.9600,0.0500,1,100.00,4
7056,9.8800,0.0500,1,100.00,12
7057,9.8600,0.0500,1,85.71,14
7058,9.9200,0.0500,1,100.00,8
7059,9.9300,0.0500,1,100.00,7
7060,9.9400,0.0500,1,100.00,6
7061,9.8600,0.0500,1,71.43,14
7062,9.9400,0.0500,1,100.00,6
7063,9.8800,0.0500,1,100.00,12
7064,9.9100,0.0500,1,100.00,9
7065,9.9800,0.0500,1,100.00,2
7066,9.9400,0.0500,1,100.00,6
7067,9.8800,0.0500,1,83.33,12
7068,9.8600,0.0500,1,100.00,14
7069,9.9800,0.0500,1,100.00,2
7070,9.8600,0.0500,1,85.71,14
7071,9.9600,0.0500,1,100.00,4
7072,9.9500,0.0500,1,100.00,5
7073,9.9000,0.0500,1,100.00,10
7074,9.9400,0.0500,1,100.00,6
7075,9.8600,0.0500,1,100.00,14
7076,9.9800,0.0500,1,100.00,2
7077,9.8800,0.0500,1,100.00,12
7078,9.9400,0.0500,1,100.00,6
7079,9.9100,0.0500,1,100.00,9
7080,9.8400,0.0500,1,87.50,16
7081,9.9000,0.0500,1,100.00,10
7082,9.8800,0.0500,1,100.00,12
7083,9.9700,0.0500,1,100.00,3
7084,9.9300,0.0500,1,100.00,7
7085,9.8800,0.0500,1,100.00,12
7086,9.9000,0.0500,1,100.00,10
7087,9.9100,0.0500,1,77.78,9
7088,9.9200,0.0500,1,100.00,8
7089,9.9800,0.0500,1,100.00,2
7090,9.3600,0.0500,1,92.86,14
7091,9.9400,0.0500,1,100.00,6
7092,9.8600,0.0500,1,92.86,14
7093,9.9100,0.0500,1,100.00,9
7094,9.9000,0.0500,1,100.00,10
7095,9.9900,0.0500,1,100.00,1
7096,9.9200,0.0500,1,100.00,8
7097,9.9100,0.0500,1,100.00,9
7098,9.8900,0.0500,1,100.00,11
7099,9.9100,0.0500,1,100.00,9
7100,9.9600,0.0500,1,100.00,4
7101,9.3900,0.0500,1,72.73,11
7102,9.9600,0.0500,1,100.00,4
7103,9.9500,0.0500,1,100.00,5
7104,9.8900,0.0500,1,100.00,11
7105,9.9900,0.0500,1,100.00,1
7106,9.9000,0.0500,1,80.00,10
7107,9.9100,0.0500,1,100.00,9
7108,9.9500,0.0500,1,100.00,5
7109,9.9800,0.0500,1,100.00,2
7110,9.8800,0.0500,1,100.00,12
7111,9.9200,0.0500,1,100.00,8
7112,9.9200,0.0500,1,100.00,8
7113,9.9100,0.0500,1,100.00,9
7114,9.9200,0.0500,1,100.00,8
7115,9.8800,0.0500,1,100.00,12
7116,9.9100,0.0500,1,100.00,9
7117,9.9300,0.0500,1,100.00,7
7118,9.9300,0.0500,1,100.00,7
7119,9.9000,0.0500,1,100.00,10
7120,9.8900,0.0500,1,100.00,11
7121,9.9600,0.0500,1,100.00,4
7122,9.8900,0.0500,1,90.91,11
7123,9.9000,0.0500,1,80.00,10
7124,9.9800,0.0500,1,100.00,2
7125,9.9600,0.0500,1,100.00,4
7126,9.9000,0.0500,1,100.00,10
7127,9.9300,0.0500,1,100.00,7
7128,9.8900,0.0500,1,100.00,11
7129,9.8900,0.0500,1,100.00,11
7130,9.9400,0.0500,1,66.67,6
7131,9.9700,0.0500,1,100.00,3
7132,9.8800,0.0500,1,100.00,12
7133,9.8900,0.0500,1,100.00,11
7134,9.8800,0.0500,1,100.00,12
7135,9.9700,0.0500,1,100.00,3
7136,9.8700,0.0500,1,84.62,13
7137,9.9100,0.0500,1,100.00,9
7138,9.9400,0.0500,1,100.00,6
7139,9.8800,0.0500,1,100.00,12
7140,9.9300,0.0500,1,100.00,7
7141,9.9700,0.0500,1,100.00,3
7142,9.9100,0.0500,1,100.00,9
7143,9.8800,0.0500,1,83.33,12
7144,9.9200,0.0500,1,100.00,8
7145,9.9100,0.0500,1,100.00,9
7146,9.9000,0.0500,1,100.00,10
7147,9.8800,0.0500,1,100.00,12
7148,9.8900,0.0500,1,81.82,11
7149,9.8500,0.0500,1,86.67,15
7150,9.9600,0.0500,1,100.00,4
7151,9.9300,0.0500,1,100.00,7
7152,9.9000,0.0500,1,80.00,10
7153,9.8800,0.0500,1,83.33,12
7154,9.9300,0.0500,1,100.00,7
7155,9.9400,0.0500,1,100.00,6
7156,9.9500,0.0500,1,100.00,5
7157,9.9100,0.0500,1,100.00,9
7158,9.8800,0.0500,1,83.33,12
7159,9.9800,0.0500,1,100.00,2
7160,9.9200,0.0500,1,100.00,8
7161,9.9100,0.0500,1,100.00,9
7162,9.9000,0.0500,1,80.00,10
7163,9.9300,0.0500,1,100.00,7
7164,9.9600,0.0500,1,100.00,4
7165,9.8900,0.0500,1,100.00,11
7166,9.9100,0.0500,1,88.89,9
7167,9.9500,0.0500,1,100.00,5
7168,9.8800,0.0500,1,83.33,12
7169,9.9100,0.0500,1,100.00,9
7170,9.8800,0.0500,1,83.33,12
7171,9.8900,0.0500,1,81.82,11
7172,9.9200,0.0500,1,100.00,8
7173,9.9400,0.0500,1,100.00,6
7174,9.9800,0.0500,1,100.00,2
7175,9.9400,0.0500,1,100.00,6
7176,9.9500,0.0500,1,100.00,5
7177,9.9000,0.0500,1,100.00,10
7178,9.9100,0.0500,1,100.00,9
7179,9.9400,0.0500,1,100.00,6
7180,9.9000,0.0500,1,100.00,10
7181,9.9500,0.0500,1,100.00,5
7182,9.9100,0.0500,1,100.00,9
7183,9.3500,0.0500,1,80.00,15
7184,9.8600,0.0500,1,85.71,14
7185,9.9100,0.0500,1,100.00,9
7186,9.8900,0.0500,1,100.00,11
7187,9.9400,0.0500,1,100.00,6
7188,9.9800,0.0500,1,100.00,2
7189,9.9200,0.0500,1,100.00,8
7190,9.9000,0.0500,1,80.00,10
7191,9.8900,0.0500,1,100.00,11
7192,9.4400,0.0500,1,83.33,6
7193,9.9100,0.0500,1,77.78,9
7194,9.9500,0.0500,1,100.00,5
7195,9.9100,0.0500,1,77.78,9
7196,9.9500,0.0500,1,100.00,5
7197,9.9300,0.0500,1,100.00,7
7198,9.8800,0.0500,1,100.00,12
7199,9.8700,0.0500,1,100.00,13
7200,9.9000,0.0500,1,100.00,10
7201,9.9200,0.0500,1,100.00,8
7202,9.9800,0.0500,1,100.00,2
7203,9.9200,0.0500,1,100.00,8
7204,9.9200,0.0500,1,100.00,8
7205,9.9300,0.0500,1,100.00,7
7206,9.8900,0.0500,1,100.00,11
7207,9.8900,0.0500,1,100.00,11
7208,9.9600,0.0500,1,100.00,4
7209,9.9000,0.0500,1,100.00,10
7210,9.9100,0.0500,1,100.00,9
7211,9.9100,0.0500,1,100.00,9
7212,9.9100,0.0500,1,100.00,9
7213,9.9000,0.0500,1,100.00,10
7214,9.9000,0.0500,1,100.00,10
7215,9.8900,0.0500,1,81.82,11
7216,9.9300,0.0500,1,100.00,7
7217,9.8900,0.0500,1,81.82,11
7218,9.9400,0.0500,1,100.00,6
7219,9.9900,0.0500,1,100.00,1
7220,9.9000,0.0500,1,100.00,10
7221,9.9100,0.0500,1,100.00,9
7222,9.9600,0.0500,1,100.00,4
7223,9.9000,0.0500,1,100.00,10
7224,9.9800,0.0500,1,100.00,2
7225,9.9800,0.0500,1,100.00,2
7226,9.9600,0.0500,1,100.00,4
7227,9.9100,0.0500,1,100.00,9
7228,9.8700,0.0500,1,100.00,13
7229,9.9100,0.0500,1,100.00,9
7230,9.9000,0.0500,1,100.00,10
7231,9.8900,0.0500,1,100.00,11
7232,9.9200,0.0500,1,100.00,8
7233,9.8600,0.0500,1,85.71,14
7234,9.8700,0.0500,1,100.00,13
7235,9.9000,0.0500,1,100.00,10
7236,9.9500,0.0500,1,100.00,5
7237,9.8600,0.0500,1,100.00,14
7238,9.9500,0.0500,1,100.00,5
7239,9.9900,0.0500,1,100.00,1
7240,9.8700,0.0500,1,100.00,13
7241,9.8900,0.0500,1,100.00,11
7242,9.9100,0.0500,1,100.00,9
7243,9.8800,0.0500,1,100.00,12
7244,9.8800,0.0500,1,83.33,12
7245,9.9400,0.0500,1,100.00,6
7246,9.8500,0.0500,1,86.67,15
7247,9.3900,0.0500,1,90.91,11
7248,9.9500,0.0500,1,100.00,5
7249,9.8800,0.0500,1,83.33,12
7250,9.9100,0.0500,1,100.00,9
7251,9.8800,0.0500,1,100.00,12
7252,9.9200,0.0500,1,100.00,8
7253,9.8600,0.0500,1,100.00,14
7254,9.9500,0.0500,1,100.00,5
7255,9.4500,0.0500,1,80.00,5
7256,9.9600,0.0500,1,100.00,4
7257,9.9400,0.0500,1,100.00,6
7258,9.8500,0.0500,1,86.67,15
7259,9.8700,0.0500,1,100.00,13
7260,9.8900,0.0500,1,81.82,11
7261,9.9500,0.0500,1,100.00,5
7262,9.8700,0.0500,1,84.62,13
7263,9.9200,0.0500,1,100.00,8
7264,9.9800,0.0500,1,100.00,2
7265,9.9100,0.0500,1,100.00,9
7266,9.9100,0.0500,1,100.00,9
7267,9.9900,0.0500,1,100.00,1
7268,9.4200,0.0500,1,62.50,8
7269,9.8800,0.0500,1,100.00,12
7270,9.8500,0.0500,1,100.00,15
7271,9.8900,0.0500,1,81.82,11
7272,9.8800,0.0500,1,100.00,12
7273,9.8700,0.0500,1,84.62,13
7274,9.9300,0.0500,1,100.00,7
7275,9.8900,0.0500,1,100.00,11
7276,9.8700,0.0500,1,100.00,13
7277,9.9100,0.0500,1,100.00,9
7278,9.8900,0.0500,1,100.00,11
7279,9.9100,0.0500,1,100.00,9
7280,9.9100,0.0500,1,100.00,9
7281,9.9100,0.0500,1,100.00,9
7282,9.9100,0.0500,1,100.00,9
7283,9.9700,0.0500,1,100.00,3
7284,9.9000,0.0500,1,80.00,10
7285,9.9400,0.0500,1,66.67,6
7286,9.9300,0.0500,1,100.00,7
7287,9.9800,0.0500,1,100.00,2
7288,9.9800,0.0500,1,100.00,2
7289,9.8600,0.0500,1,100.00,14
7290,9.8900,0.0500,1,100.00,11
7291,9.9400,0.0500,1,100.00,6
7292,9.9500,0.0500,1,100.00,5
7293,9.9800,0.0500,1,100.00,2
7294,9.8800,0.0500,1,100.00,12
7295,9.9900,0.0500,1,100.00,1
7296,9.9600,0.0500,1,100.00,4
7297,9.8800,0.0500,1,100.00,12
7298,9.9200,0.0500,1,75.00,8
7299,9.9300,0.0500,1,100.00,7
7300,9.4100,0.0500,1,88.89,9
7301,9.9800,0.0500,1,100.00,2
7302,9.9200,0.0500,1,100.00,8
7303,9.9600,0.0500,1,100.00,4
7304,9.8900,0.0500,1,100.00,11
7305,9.9700,0.0500,1,100.00,3
7306,9.9100,0.0500,1,100.00,9
7307,9.9600,0.0500,1,100.00,4
7308,9.9100,0.0500,1,88.89,9
7309,9.9100,0.0500,1,100.00,9
7310,9.8200,0.0500,1,66.67,18
7311,9.8800,0.0500,1,83.33,12
7312,9.9000,0.0500,1,100.00,10
7313,9.9100,0.0500,1,100.00,9
7314,9.9700,0.0500,1,100.00,3
7315,9.9000,0.0500,1,100.00,10
7316,9.9100,0.0500,1,100.00,9
7317,9.9200,0.0500,1,75.00,8
7318,9.9700,0.0500,1,100.00,3
7319,9.8900,0.0500,1,100.00,11
7320,9.9900,0.0500,1,100.00,1
7321,9.9100,0.0500,1,100.00,9
7322,9.9300,0.0500,1,100.00,7
7323,9.9600,0.0500,1,100.00,4
7324,9.9700,0.0500,1,100.00,3
7325,9.9900,0.0500,1,100.00,1
7326,9.9300,0.0500,1,100.00,7
7327,9.9600,0.0500,1,50.00,4
7328,9.9300,0.0500,1,100.00,7
7329,9.9400,0.0500,1,100.00,6
7330,9.9900,0.0500,1,100.00,1
7331,9.9400,0.0500,1,100.00,6
7332,9.9000,0.0500,1,100.00,10
7333,9.9000,0.0500,1,100.00,10
7334,9.9400,0.0500,1,100.00,6
7335,9.8800,0.0500,1,100.00,12
7336,9.8800,0.0500,1,83.33,12
7337,9.9200,0.0500,1,100.00,8
7338,9.9700,0.0500,1,100.00,3
7339,9.8800,0.0500,1,100.00,12
7340,9.8900,0.0500,1,100.00,11
7341,9.9100,0.0500,1,100.00,9
7342,9.9600,0.0500,1,100.00,4
7343,9.9300,0.0500,1,71.43,7
7344,9.8600,0.0500,1,85.71,14
7345,9.8600,0.0500,1,71.43,14
7346,9.9400,0.0500,1,100.00,6
7347,9.9100,0.0500,1,100.00,9
7348,9.8800,0.0500,1,66.67,12
7349,9.9800,0.0500,1,100.00,2
7350,9.8900,0.0500,1,100.00,11
7351,9.9500,0.0500,1,100.00,5
7352,9.9600,0.0500,1,100.00,4
7353,9.3900,0.0500,1,90.91,11
7354,9.8900,0.0500,1,100.00,11
7355,9.9000,0.0500,1,100.00,10
7356,9.9400,0.0500,1,100.00,6
7357,9.9000,0.0500,1,100.00,10
7358,9.8700,0.0500,1,100.00,13
7359,9.9000,0.0500,1,100.00,10
7360,9.9500,0.0500,1,100.00,5
7361,9.3800,0.0500,1,91.67,12
7362,9.9100,0.0500,1,100.00,9
7363,9.9100,0.0500,1,77.78,9
7364,9.8900,0.0500,1,81.82,11
7365,9.9000,0.0500,1,100.00,10
7366,9.9600,0.0500,1,100.00,4
7367,9.8600,0.0500,1,85.71,14
7368,9.9400,0.0500,1,100.00,6
7369,9.9500,0.0500,1,100.00,5
7370,9.8900,0.0500,1,100.00,11
7371,9.9000,0.0500,1,100.00,10
7372,9.9100,0.0500,1,100.00,9
7373,9.9300,0.0500,1,71.43,7
7374,9.9300,0.0500,1,85.71,7
7375,9.9100,0.0500,1,100.00,9
7376,9.9900,0.0500,1,100.00,1
7377,9.9900,0.0500,1,100.00,1
7378,9.9500,0.0500,1,100.00,5
7379,9.8900,0.0500,1,100.00,11
7380,9.9400,0.0500,1,100.00,6
7381,9.9500,0.0500,1,100.00,5
7382,9.8900,0.0500,1,100.00,11
7383,9.9700,0.0500,1,100.00,3
7384,9.8900,0.0500,1,100.00,11
7385,9.9400,0.0500,1,100.00,6
7386,9.8900,0.0500,1,100.00,11
7387,9.9000,0.0500,1,100.00,10
7388,9.9200,0.0500,1,50.00,8
7389,9.9400,0.0500,1,100.00,6
7390,9.9200,0.0500,1,87.50,8
7391,9.8800,0.0500,1,83.33,12
7392,9.8900,0.0500,1,100.00,11
7393,9.9500,0.0500,1,100.00,5
7394,9.9000,0.0500,1,100.00,10
7395,9.8900,0.0500,1,100.00,11
7396,9.9500,0.0500,1,60.00,5
7397,9.9600,0.0500,1,100.00,4
7398,9.9300,0.0500,1,100.00,7
7399,9.9500,0.0500,1,100.00,5
7400,9.9100,0.0500,1,100.00,9
7401,9.8400,0.0500,1,75.00,16
7402,9.8900,0.0500,1,100.00,11
7403,9.9000,0.0500,1,60.00,10
7404,9.9200,0.0500,1,100.00,8
7405,9.8500,0.0500,1,100.00,15
7406,9.9500,0.0500,1,100.00,5
7407,9.8500,0.0500,1,86.67,15
7408,9.9600,0.0500,1,100.00,4
7409,9.9300,0.0500,1,100.00,7
7410,9.9500,0.0500,1,100.00,5
7411,9.9300,0.0500,1,100.00,7
7412,9.9500,0.0500,1,100.00,5
7413,9.9400,0.0500,1,100.00,6
7414,9.9300,0.0500,1,100.00,7
7415,9.9900,0.0500,1,100.00,1
7416,9.9800,0.0500,1,100.00,2
7417,9.8500,0.0500,1,73.33,15
7418,9.8400,0.0500,1,75.00,16
7419,9.9500,0.0500,1,100.00,5
7420,9.9700,0.0500,1,100.00,3
7421,9.9800,0.0500,1,100.00,2
7422,9.9400,0.0500,1,100.00,6
7423,9.9200,0.0500,1,75.00,8
7424,9.9800,0.0500,1,100.00,2
7425,9.9100,0.0500,1,100.00,9
7426,9.9800,0.0500,1,100.00,2
7427,9.8900,0.0500,1,90.91,11
7428,9.9300,0.0500,1,100.00,7
7429,9.9100,0.0500,1,100.00,9
7430,9.8700,0.0500,1,100.00,13
7431,9.8800,0.0500,1,100.00,12
7432,9.9100,0.0500,1,100.00,9
7433,9.8900,0.0500,1,100.00,11
7434,9.9000,0.0500,1,100.00,10
7435,9.4500,0.0500,1,80.00,5
7436,9.9900,0.0500,1,100.00,1
7437,9.9400,0.0500,1,100.00,6
7438,9.9100,0.0500,1,77.78,9
7439,9.9400,0.0500,1,100.00,6
7440,9.9300,0.0500,1,100.00,7
7441,9.8900,0.0500,1,81.82,11
7442,9.8900,0.0500,1,100.00,11
7443,9.9900,0.0500,1,100.00,1
7444,9.9300,0.0500,1,100.00,7
7445,9.8600,0.0500,1,100.00,14
7446,9.9800,0.0500,1,100.00,2
7447,9.8500,0.0500,1,100.00,15
7448,9.9100,0.0500,1,100.00,9
7449,9.9200,0.0500,1,100.00,8
7450,9.9200,0.0500,1,100.00,8
7451,9.9700,0.0500,1,100.00,3
7452,9.9300,0.0500,1,71.43,7
7453,9.9700,0.0500,1,100.00,3
7454,9.9200,0.0500,1,100.00,8
7455,9.9200,0.0500,1,100.00,8
7456,9.9200,0.0500,1,100.00,8
7457,9.9000,0.0500,1,100.00,10
7458,9.9700,0.0500,1,100.00,3
7459,9.8900,0.0500,1,100.00,11
7460,9.9400,0.0500,1,100.00,6
7461,9.8800,0.0500,1,100.00,12
7462,9.8800,0.0500,1,100.00,12
7463,9.8900,0.0500,1,81.82,11
7464,9.9200,0.0500,1,100.00,8
7465,9.9100,0.0500,1,100.00,9
7466,9.9600,0.0500,1,100.00,4
7467,9.9800,0.0500,1,100.00,2
7468,9.9400,0.0500,1,100.00,6
7469,9.8800,0.0500,1,83.33,12
7470,9.9200,0.0500,1,75.00,8
7471,9.9200,0.0500,1,100.00,8
7472,9.9200,0.0500,1,100.00,8
7473,9.9800,0.0500,1,100.00,2
7474,9.9300,0.0500,1,100.00,7
7475,9.9100,0.0500,1,100.00,9
7476,9.8800,0.0500,1,100.00,12
7477,9.9100,0.0500,1,100.00,9
7478,9.9100,0.0500,1,88.89,9
7479,9.9600,0.0500,1,100.00,4
7480,9.9100,0.0500,1,100.00,9
7481,9.9100,0.0500,1,55.56,9
7482,9.8900,0.0500,1,100.00,11
7483,9.9500,0.0500,1,100.00,5
7484,9.9400,0.0500,1,100.00,6
7485,9.9800,0.0500,1,100.00,2
7486,9.9000,0.0500,1,100.00,10
7487,9.9000,0.0500,1,100.00,10
7488,9.9500,0.0500,1,100.00,5
7489,9.8600,0.0500,1,71.43,14
7490,9.8900,0.0500,1,100.00,11
7491,9.9600,0.0500,1,100.00,4
7492,9.4500,0.0500,1,80.00,5
7493,9.9500,0.0500,1,100.00,5
7494,9.8300,0.0500,1,76.47,17
7495,9.9800,0.0500,1,100.00,2
7496,9.9100,0.0500,1,100.00,9
7497,9.9500,0.0500,1,100.00,5
7498,9.9600,0.0500,1,100.00,4
7499,9.9100,0.0500,1,100.00,9
7500,9.9900,0.0500,1,100.00,1
7501,9.9300,0.0500,1,100.00,7
7502,9.8400,0.0500,1,87.50,16
7503,9.9300,0.0500,1,100.00,7
7504,9.8300,0.0500,1,64.71,17
7505,9.8300,0.0500,1,88.24,17
7506,9.8600,0.0500,1,85.71,14
7507,9.8600,0.0500,1,85.71,14
7508,9.9300,0.0500,1,100.00,7
7509,9.9800,0.0500,1,100.00,2
7510,9.9100,0.0500,1,100.00,9
7511,9.9200,0.0500,1,100.00,8
7512,9.8700,0.0500,1,100.00,13
7513,9.9700,0.0500,1,100.00,3
7514,9.9100,0.0500,1,100.00,9
7515,9.9300,0.0500,1,100.00,7
7516,9.9700,0.0500,1,100.00,3
7517,9.8600,0.0500,1,78.57,14
7518,9.9000,0.0500,1,100.00,10
7519,9.8900,0.0500,1,100.00,11
7520,9.9900,0.0500,1,100.00,1
7521,9.9200,0.0500,1,100.00,8
7522,9.9600,0.0500,1,100.00,4
7523,9.9600,0.0500,1,100.00,4
7524,9.9500,0.0500,1,100.00,5
7525,9.9400,0.0500,1,100.00,6
7526,9.9600,0.0500,1,100.00,4
7527,9.9700,0.0500,1,100.00,3
7528,9.8800,0.0500,1,83.33,12
7529,9.9600,0.0500,1,100.00,4
7530,9.9200,0.0500,1,100.00,8
7531,9.9000,0.0500,1,100.00,10
7532,9.9500,0.0500,1,100.00,5
7533,9.4200,0.0500,1,87.50,8
7534,9.8800,0.0500,1,100.00,12
7535,8.9100,0.0500,1,66.67,9
7536,9.9000,0.0500,1,100.00,10
7537,9.8700,0.0500,1,100.00,13
7538,9.9600,0.0500,1,100.00,4
7539,9.9400,0.0500,1,100.00,6
7540,9.8800,0.0500,1,83.33,12
7541,9.9000,0.0500,1,100.00,10
7542,9.9500,0.0500,1,100.00,5
7543,9.8900,0.0500,1,100.00,11
7544,9.9500,0.0500,1,100.00,5
7545,9.9500,0.0500,1,100.00,5
7546,9.8800,0.0500,1,83.33,12
7547,9.9500,0.0500,1,100.00,5
7548,9.3800,0.0500,1,91.67,12
7549,9.9100,0.0500,1,100.00,9
7550,9.9100,0.0500,1,100.00,9
7551,9.4100,0.0500,1,88.89,9
7552,9.8800,0.0500,1,83.33,12
7553,9.9000,0.0500,1,100.00,10
7554,9.8700,0.0500,1,100.00,13
7555,9.9500,0.0500,1,100.00,5
7556,9.9300,0.0500,1,100.00,7
7557,9.9400,0.0500,1,100.00,6
7558,9.8500,0.0500,1,73.33,15
7559,9.9000,0.0500,1,100.00,10
7560,9.9700,0.0500,1,100.00,3
7561,9.8400,0.0500,1,75.00,16
7562,9.9400,0.0500,1,100.00,6
7563,9.8700,0.0500,1,100.00,13
7564,9.9400,0.0500,1,100.00,6
7565,9.8900,0.0500,1,100.00,11
7566,9.9100,0.0500,1,100.00,9
7567,9.8900,0.0500,1,100.00,11
7568,9.8700,0.0500,1,84.62,13
7569,9.9200,0.0500,1,100.00,8
7570,9.8800,0.0500,1,83.33,12
7571,9.9900,0.0500,1,100.00,1
7572,9.9300,0.0500,1,100.00,7
7573,9.9600,0.0500,1,100.00,4
7574,9.8800,0.0500,1,83.33,12
7575,9.9400,0.0500,1,100.00,6
7576,9.9200,0.0500,1,75.00,8
7577,9.9000,0.0500,1,100.00,10
7578,9.8900,0.0500,1,100.00,11
7579,9.9800,0.0500,1,100.00,2
7580,9.9000,0.0500,1,100.00,10
7581,9.9300,0.0500,1,100.00,7
7582,9.9600,0.0500,1,100.00,4
7583,9.9600,0.0500,1,100.00,4
7584,9.9100,0.0500,1,100.00,9
7585,9.8900,0.0500,1,81.82,11
7586,9.8800,0.0500,1,100.00,12
7587,9.8700,0.0500,1,100.00,13
7588,9.9200,0.0500,1,100.00,8
7589,9.9100,0.0500,1,100.00,9
7590,9.9700,0.0500,1,100.00,3
7591,9.8700,0.0500,1,100.00,13
7592,9.9000,0.0500,1,100.00,10
7593,9.9300,0.0500,1,100.00,7
7594,9.9000,0.0500,1,100.00,10
7595,9.9600,0.0500,1,100.00,4
7596,9.9100,0.0500,1,100.00,9
7597,9.8900,0.0500,1,100.00,11
7598,9.9200,0.0500,1,100.00,8
7599,9.9000,0.0500,1,100.00,10
7600,9.8600,0.0500,1,85.71,14
7601,9.8900,0.0500,1,81.82,11
7602,9.9000,0.0500,1,80.00,10
7603,9.9200,0.0500,1,100.00,8
7604,9.8800,0.0500,1,100.00,12
7605,9.9200,0.0500,1,75.00,8
7606,9.9900,0.0500,1,100.00,1
7607,9.3600,0.0500,1,78.57,14
7608,9.8900,0.0500,1,100.00,11
7609,9.8500,0.0500,1,86.67,15
7610,9.9400,0.0500,1,100.00,6
7611,9.8700,0.0500,1,76.92,13
7612,9.9100,0.0500,1,100.00,9
7613,9.9500,0.0500,1,100.00,5
7614,9.9600,0.0500,1,50.00,4
7615,9.9500,0.0500,1,100.00,5
7616,9.9700,0.0500,1,100.00,3
7617,9.9300,0.0500,1,100.00,7
7618,9.8900,0.0500,1,100.00,11
7619,9.8600,0.0500,1,100.00,14
7620,9.9300,0.0500,1,100.00,7
7621,9.8900,0.0500,1,100.00,11
7622,9.9500,0.0500,1,100.00,5
7623,9.8700,0.0500,1,100.00,13
7624,9.4000,0.0500,1,90.00,10
7625,9.9600,0.0500,1,100.00,4
7626,9.8800,0.0500,1,100.00,12
7627,9.9600,0.0500,1,100.00,4
7628,9.9400,0.0500,1,100.00,6
7629,9.8600,0.0500,1,100.00,14
7630,9.8500,0.0500,1,100.00,15
7631,9.8500,0.0500,1,86.67,15
7632,9.9400,0.0500,1,100.00,6
7633,9.8500,0.0500,1,100.00,15
7634,9.9100,0.0500,1,100.00,9
7635,9.9000,0.0500,1,100.00,10
7636,9.9200,0.0500,1,100.00,8
7637,9.8700,0.0500,1,84.62,13
7638,9.9000,0.0500,1,100.00,10
7639,9.9700,0.0500,1,100.00,3
7640,9.8900,0.0500,1,100.00,11
7641,9.9700,0.0500,1,100.00,3
7642,9.8800,0.0500,1,100.00,12
7643,9.9400,0.0500,1,100.00,6
7644,9.9000,0.0500,1,100.00,10
7645,9.9400,0.0500,1,100.00,6
7646,9.9100,0.0500,1,100.00,9
7647,9.9000,0.0500,1,100.00,10
7648,9.8700,0.0500,1,84.62,13
7649,9.9200,0.0500,1,100.00,8
7650,9.8900,0.0500,1,100.00,11
7651,9.9000,0.0500,1,100.00,10
7652,9.9600,0.0500,1,100.00,4
7653,9.9900,0.0500,1,100.00,1
7654,9.9200,0.0500,1,100.00,8
7655,9.8900,0.0500,1,100.00,11
7656,9.9900,0.0500,1,100.00,1
7657,9.9100,0.0500,1,100.00,9
7658,9.8900,0.0500,1,100.00,11
7659,9.9400,0.0500,1,100.00,6
7660,9.9900,0.0500,1,100.00,1
7661,9.9300,0.0500,1,100.00,7
7662,9.9100,0.0500,1,100.00,9
7663,9.9500,0.0500,1,100.00,5
7664,9.8900,0.0500,1,100.00,11
7665,9.9200,0.0500,1,100.00,8
7666,9.9200,0.0500,1,100.00,8
7667,9.8900,0.0500,1,100.00,11
7668,9.9300,0.0500,1,100.00,7
7669,9.8600,0.0500,1,85.71,14
7670,9.9700,0.0500,1,100.00,3
7671,9.9200,0.0500,1,100.00,8
7672,9.9300,0.0500,1,100.00,7
7673,9.8600,0.0500,1,85.71,14
7674,9.9800,0.0500,1,100.00,2
7675,9.8800,0.0500,1,100.00,12
7676,9.9000,0.0500,1,100.00,10
7677,9.9100,0.0500,1,100.00,9
7678,9.9500,0.0500,1,100.00,5
7679,9.8400,0.0500,1,87.50,16
7680,9.9700,0.0500,1,100.00,3
7681,9.8700,0.0500,1,100.00,13
7682,9.8900,0.0500,1,90.91,11
7683,9.8700,0.0500,1,84.62,13
7684,9.9700,0.0500,1,66.67,3
7685,9.9000,0.0500,1,100.00,10
7686,9.9600,0.0500,1,100.00,4
7687,9.9000,0.0500,1,100.00,10
7688,9.9700,0.0500,1,100.00,3
7689,9.9400,0.0500,1,100.00,6
7690,9.9300,0.0500,1,100.00,7
7691,9.9100,0.0500,1,100.00,9
7692,9.9400,0.0500,1,100.00,6
7693,9.9300,0.0500,1,100.00,7
7694,9.9000,0.0500,1,100.00,10
7695,9.9300,0.0500,1,100.00,7
7696,9.9300,0.0500,1,71.43,7
7697,9.9400,0.0500,1,100.00,6
7698,9.3900,0.0500,1,90.91,11
7699,9.9100,0.0500,1,100.00,9
7700,9.9400,0.0500,1,100.00,6
7701,9.8800,0.0500,1,83.33,12
7702,9.9800,0.0500,1,100.00,2
7703,9.9000,0.0500,1,100.00,10
7704,9.8500,0.0500,1,100.00,15
7705,9.8700,0.0500,1,92.31,13
7706,9.9100,0.0500,1,100.00,9
7707,9.9600,0.0500,1,100.00,4
7708,9.9800,0.0500,1,100.00,2
7709,9.4100,0.0500,1,88.89,9
7710,9.9100,0.0500,1,77.78,9
7711,9.9400,0.0500,1,100.00,6
7712,9.8800,0.0500,1,100.00,12
7713,9.9500,0.0500,1,100.00,5
7714,9.8900,0.0500,1,100.00,11
7715,9.9900,0.0500,1,100.00,1
7716,9.9700,0.0500,1,100.00,3
7717,9.9900,0.0500,1,100.00,1
7718,9.8700,0.0500,1,84.62,13
7719,9.9300,0.0500,1,100.00,7
7720,9.9700,0.0500,1,100.00,3
7721,9.9000,0.0500,1,100.00,10
7722,9.8800,0.0500,1,100.00,12
7723,9.9500,0.0500,1,100.00,5
7724,9.9100,0.0500,1,100.00,9
7725,9.9100,0.0500,1,100.00,9
7726,9.3900,0.0500,1,90.91,11
7727,9.9100,0.0500,1,100.00,9
7728,9.9800,0.0500,1,100.00,2
7729,9.9000,0.0500,1,100.00,10
7730,9.9500,0.0500,1,100.00,5
7731,9.9500,0.0500,1,100.00,5
7732,9.9600,0.0500,1,100.00,4
7733,9.9800,0.0500,1,100.00,2
7734,9.9200,0.0500,1,100.00,8
7735,9.9000,0.0500,1,80.00,10
7736,9.8900,0.0500,1,100.00,11
7737,9.9000,0.0500,1,100.00,10
7738,9.9300,0.0500,1,100.00,7
7739,9.9200,0.0500,1,100.00,8
7740,9.8700,0.0500,1,100.00,13
7741,9.9500,0.0500,1,100.00,5
7742,9.3400,0.0500,1,68.75,16
7743,9.8800,0.0500,1,100.00,12
7744,9.9100,0.0500,1,100.00,9
7745,9.9500,0.0500,1,100.00,5
7746,9.9500,0.0500,1,100.00,5
7747,8.8600,0.0500,1,71.43,14
7748,9.8900,0.0500,1,100.00,11
7749,9.9500,0.0500,1,100.00,5
7750,9.4100,0.0500,1,88.89,9
7751,9.9500,0.0500,1,100.00,5
7752,9.9700,0.0500,1,100.00,3
7753,9.8900,0.0500,1,100.00,11
7754,9.9000,0.0500,1,100.00,10
7755,9.9700,0.0500,1,100.00,3
7756,9.9700,0.0500,1,100.00,3
7757,9.9000,0.0500,1,100.00,10
7758,9.4300,0.0500,1,85.71,7
7759,9.9300,0.0500,1,100.00,7
7760,9.8500,0.0500,1,86.67,15
7761,9.9100,0.0500,1,88.89,9
7762,9.9500,0.0500,1,100.00,5
7763,9.9900,0.0500,1,100.00,1
7764,9.9100,0.0500,1,100.00,9
7765,9.8700,0.0500,1,100.00,13
7766,9.9400,0.0500,1,100.00,6
7767,9.9100,0.0500,1,100.00,9
7768,9.9300,0.0500,1,71.43,7
7769,9.8900,0.0500,1,100.00,11
7770,9.9900,0.0500,1,100.00,1
7771,9.9000,0.0500,1,100.00,10
7772,9.8500,0.0500,1,60.00,15
7773,9.8900,0.0500,1,100.00,11
7774,9.9700,0.0500,1,100.00,3
7775,9.9300,0.0500,1,100.00,7
7776,9.9400,0.0500,1,100.00,6
7777,9.9800,0.0500,1,100.00,2
7778,9.8700,0.0500,1,69.23,13
7779,9.9100,0.0500,1,100.00,9
7780,9.9800,0.0500,1,100.00,2
7781,9.9400,0.0500,1,100.00,6
7782,9.9000,0.0500,1,100.00,10
7783,9.9000,0.0500,1,100.00,10
7784,9.8900,0.0500,1,100.00,11
7785,9.9400,0.0500,1,100.00,6
7786,9.9900,0.0500,1,100.00,1
7787,9.9000,0.0500,1,80.00,10
7788,9.8900,0.0500,1,81.82,11
7789,9.9900,0.0500,1,100.00,1
7790,9.9700,0.0500,1,100.00,3
7791,9.9700,0.0500,1,100.00,3
7792,9.9500,0.0500,1,100.00,5
7793,9.8700,0.0500,1,84.62,13
7794,9.9500,0.0500,1,100.00,5
7795,9.9600,0.0500,1,100.00,4
7796,9.8800,0.0500,1,91.67,12
7797,9.8800,0.0500,1,100.00,12
7798,9.8500,0.0500,1,93.33,15
7799,9.8800,0.0500,1,100.00,12
7800,9.8800,0.0500,1,83.33,12
7801,9.9500,0.0500,1,60.00,5
7802,9.9000,0.0500,1,100.00,10
7803,9.9600,0.0500,1,100.00,4
7804,9.8800,0.0500,1,100.00,12
7805,9.3600,0.0500,1,92.86,14
7806,9.9700,0.0500,1,100.00,3
7807,9.4200,0.0500,1,87.50,8
7808,9.9000,0.0500,1,100.00,10
7809,9.9100,0.0500,1,66.67,9
7810,9.9500,0.0500,1,100.00,5
7811,9.9900,0.0500,1,100.00,1
7812,9.9100,0.0500,1,100.00,9
7813,9.9200,0.0500,1,100.00,8
7814,9.9400,0.0500,1,66.67,6
7815,9.8900,0.0500,1,100.00,11
7816,9.9500,0.0500,1,100.00,5
7817,9.8000,0.0500,1,75.00,20
7818,9.9900,0.0500,1,100.00,1
7819,9.9200,0.0500,1,100.00,8
7820,9.9400,0.0500,1,100.00,6
7821,9.9200,0.0500,1,100.00,8
7822,9.8600,0.0500,1,92.86,14
7823,9.9100,0.0500,1,100.00,9
7824,9.8900,0.0500,1,81.82,11
7825,9.9800,0.0500,1,100.00,2
7826,9.8600,0.0500,1,100.00,14
7827,9.9200,0.0500,1,100.00,8
7828,9.9400,0.0500,1,100.00,6
7829,9.8900,0.0500,1,100.00,11
7830,9.8700,0.0500,1,100.00,13
7831,9.8800,0.0500,1,100.00,12
7832,9.9600,0.0500,1,100.00,4
7833,9.9800,0.0500,1,100.00,2
7834,9.9400,0.0500,1,100.00,6
7835,9.9500,0.0500,1,100.00,5
7836,9.3400,0.0500,1,93.75,16
7837,9.9300,0.0500,1,100.00,7
7838,9.9800,0.0500,1,100.00,2
7839,9.9000,0.0500,1,100.00,10
7840,9.9700,0.0500,1,100.00,3
7841,9.9500,0.0500,1,100.00,5
7842,9.8900,0.0500,1,100.00,11
7843,9.9000,0.0500,1,100.00,10
7844,9.8500,0.0500,1,100.00,15
7845,9.8800,0.0500,1,100.00,12
7846,9.8800,0.0500,1,100.00,12
7847,9.4300,0.0500,1,85.71,7
7848,9.9600,0.0500,1,100.00,4
7849,9.9200,0.0500,1,100.00,8
7850,9.9600,0.0500,1,100.00,4
7851,9.9200,0.0500,1,100.00,8
7852,9.9600,0.0500,1,100.00,4
7853,9.8800,0.0500,1,100.00,12
7854,9.9500,0.0500,1,100.00,5
7855,9.8900,0.0500,1,81.82,11
7856,9.9600,0.0500,1,100.00,4
7857,9.9400,0.0500,1,100.00,6
7858,9.9800,0.0500,1,100.00,2
7859,9.9300,0.0500,1,100.00,7
7860,9.9100,0.0500,1,77.78,9
7861,9.9600,0.0500,1,100.00,4
7862,9.8300,0.0500,1,88.24,17
7863,9.8700,0.0500,1,84.62,13
7864,9.8900,0.0500,1,100.00,11
7865,9.9100,0.0500,1,100.00,9
7866,9.9600,0.0500,1,100.00,4
7867,9.8800,0.0500,1,83.33,12
7868,9.8700,0.0500,1,84.62,13
7869,9.9900,0.0500,1,100.00,1
7870,9.9400,0.0500,1,100.00,6
7871,9.9800,0.0500,1,100.00,2
7872,9.9600,0.0500,1,100.00,4
7873,9.9200,0.0500,1,100.00,8
7874,9.9400,0.0500,1,100.00,6
7875,9.9000,0.0500,1,100.00,10
7876,9.9400,0.0500,1,100.00,6
7877,9.8800,0.0500,1,83.33,12
7878,9.8800,0.0500,1,83.33,12
7879,9.9100,0.0500,1,100.00,9
7880,9.8900,0.0500,1,100.00,11
7881,9.9000,0.0500,1,100.00,10
7882,9.4700,0.0500,1,66.67,3
7883,9.9300,0.0500,1,71.43,7
7884,9.9400,0.0500,1,100.00,6
7885,9.9800,0.0500,1,100.00,2
7886,9.8800,0.0500,1,100.00,12
7887,9.8900,0.0500,1,100.00,11
7888,9.9600,0.0500,1,100.00,4
7889,9.9200,0.0500,1,100.00,8
7890,9.8700,0.0500,1,84.62,13
7891,9.8600,0.0500,1,85.71,14
7892,9.9200,0.0500,1,100.00,8
7893,9.9700,0.0500,1,100.00,3
7894,9.9500,0.0500,1,100.00,5
7895,9.8700,0.0500,1,84.62,13
7896,9.9700,0.0500,1,100.00,3
7897,9.8700,0.0500,1,84.62,13
7898,9.9500,0.0500,1,100.00,5
7899,9.9000,0.0500,1,100.00,10
7900,9.9500,0.0500,1,100.00,5
7901,9.8700,0.0500,1,84.62,13
7902,9.9000,0.0500,1,100.00,10
7903,9.4300,0.0500,1,85.71,7
7904,9.9800,0.0500,1,100.00,2
7905,9.8500,0.0500,1,86.67,15
7906,9.9500,0.0500,1,100.00,5
7907,9.9000,0.0500,1,100.00,10
7908,9.8900,0.0500,1,81.82,11
7909,8.9000,0.0500,1,80.00,10
7910,9.9800,0.0500,1,100.00,2
7911,9.4300,0.0500,1,85.71,7
7912,9.9000,0.0500,1,100.00,10
7913,9.9200,0.0500,1,75.00,8
7914,9.9000,0.0500,1,80.00,10
7915,9.9600,0.0500,1,100.00,4
7916,9.8400,0.0500,1,87.50,16
7917,9.9000,0.0500,1,100.00,10
7918,9.9200,0.0500,1,100.00,8
7919,9.8500,0.0500,1,86.67,15
7920,9.9600,0.0500,1,100.00,4
7921,9.9600,0.0500,1,100.00,4
7922,9.9400,0.0500,1,100.00,6
7923,9.8800,0.0500,1,83.33,12
7924,9.9000,0.0500,1,80.00,10
7925,9.9200,0.0500,1,100.00,8
7926,9.8600,0.0500,1,92.86,14
7927,9.9100,0.0500,1,100.00,9
7928,9.9500,0.0500,1,100.00,5
7929,9.9000,0.0500,1,80.00,10
7930,9.9400,0.0500,1,100.00,6
7931,9.8700,0.0500,1,84.62,13
7932,9.9000,0.0500,1,100.00,10
7933,9.8900,0.0500,1,100.00,11
7934,9.9500,0.0500,1,100.00,5
7935,9.9300,0.0500,1,100.00,7
7936,9.8600,0.0500,1,85.71,14
7937,9.9700,0.0500,1,100.00,3
7938,9.9800,0.0500,1,100.00,2
7939,9.9000,0.0500,1,100.00,10
7940,9.9400,0.0500,1,100.00,6
7941,9.9800,0.0500,1,100.00,2
7942,9.9500,0.0500,1,100.00,5
7943,9.8800,0.0500,1,83.33,12
7944,9.9400,0.0500,1,66.67,6
7945,9.9400,0.0500,1,100.00,6
7946,9.9000,0.0500,1,100.00,10
7947,9.9200,0.0500,1,75.00,8
7948,9.9000,0.0500,1,100.00,10
7949,9.8900,0.0500,1,100.00,11
7950,9.9500,0.0500,1,100.00,5
7951,9.8400,0.0500,1,87.50,16
7952,9.9800,0.0500,1,100.00,2
7953,9.8600,0.0500,1,100.00,14
7954,9.8800,0.0500,1,83.33,12
7955,9.9500,0.0500,1,100.00,5
7956,9.9200,0.0500,1,100.00,8
7957,9.9400,0.0500,1,100.00,6
7958,9.8500,0.0500,1,73.33,15
7959,9.9600,0.0500,1,100.00,4
7960,9.8900,0.0500,1,100.00,11
7961,9.8700,0.0500,1,69.23,13
7962,9.8800,0.0500,1,83.33,12
7963,9.8900,0.0500,1,100.00,11
7964,9.9100,0.0500,1,100.00,9
7965,9.9000,0.0500,1,100.00,10
7966,9.8900,0.0500,1,100.00,11
7967,9.9300,0.0500,1,100.00,7
7968,9.9700,0.0500,1,100.00,3
7969,9.8400,0.0500,1,87.50,16
7970,9.9900,0.0500,1,100.00,1
7971,9.9000,0.0500,1,100.00,10
7972,9.9000,0.0500,1,100.00,10
7973,9.9600,0.0500,1,100.00,4
7974,9.8800,0.0500,1,100.00,12
7975,9.8700,0.0500,1,100.00,13
7976,9.9700,0.0500,1,100.00,3
7977,9.9700,0.0500,1,100.00,3
7978,9.9100,0.0500,1,100.00,9
7979,9.9200,0.0500,1,75.00,8
7980,9.9400,0.0500,1,100.00,6
7981,9.9400,0.0500,1,100.00,6
7982,9.8500,0.0500,1,73.33,15
7983,9.9400,0.0500,1,100.00,6
7984,9.9500,0.0500,1,60.00,5
7985,9.9300,0.0500,1,71.43,7
7986,9.8400,0.0500,1,87.50,16
7987,9.9200,0.0500,1,75.00,8
7988,9.9500,0.0500,1,100.00,5
7989,9.9000,0.0500,1,100.00,10
7990,9.9100,0.0500,1,77.78,9
7991,9.8800,0.0500,1,100.00,12
7992,9.9100,0.0500,1,100.00,9
7993,9.9300,0.0500,1,71.43,7
7994,9.8600,0.0500,1,85.71,14
7995,9.9800,0.0500,1,100.00,2
7996,9.8900,0.0500,1,100.00,11
7997,9.9400,0.0500,1,100.00,6
7998,9.9800,0.0500,1,100.00,2
7999,9.9700,0.0500,1,100.00,3
8000,9.8900,0.0500,1,100.00,11
8001,9.9900,0.0500,1,100.00,1
8002,9.9600,0.0500,1,100.00,4
8003,9.8700,0.0500,1,100.00,13
8004,9.9800,0.0500,1,100.00,2
8005,9.8300,0.0500,1,76.47,17
8006,9.8700,0.0500,1,100.00,13
8007,9.9900,0.0500,1,100.00,1
8008,9.9000,0.0500,1,100.00,10
8009,9.9400,0.0500,1,100.00,6
8010,9.9300,0.0500,1,100.00,7
8011,9.8500,0.0500,1,86.67,15
8012,9.9100,0.0500,1,100.00,9
8013,9.9800,0.0500,1,100.00,2
8014,9.4600,0.0500,1,75.00,4
8015,9.9300,0.0500,1,100.00,7
8016,9.8500,0.0500,1,86.67,15
8017,9.8900,0.0500,1,100.00,11
8018,9.9400,0.0500,1,100.00,6
8019,9.8700,0.0500,1,100.00,13
8020,9.8800,0.0500,1,83.33,12
8021,9.9500,0.0500,1,100.00,5
8022,9.9100,0.0500,1,100.00,9
8023,9.8900,0.0500,1,100.00,11
8024,9.8800,0.0500,1,100.00,12
8025,9.8600,0.0500,1,100.00,14
8026,9.9700,0.0500,1,100.00,3
8027,9.3600,0.0500,1,85.71,14
8028,9.9400,0.0500,1,100.00,6
8029,9.9200,0.0500,1,75.00,8
8030,9.8900,0.0500,1,100.00,11
8031,9.9200,0.0500,1,75.00,8
8032,9.8900,0.0500,1,81.82,11
8033,9.9000,0.0500,1,100.00,10
8034,9.8800,0.0500,1,100.00,12
8035,9.9700,0.0500,1,33.33,3
8036,9.9400,0.0500,1,100.00,6
8037,9.8900,0.0500,1,100.00,11
8038,9.9000,0.0500,1,100.00,10
8039,9.9500,0.0500,1,100.00,5
8040,9.9300,0.0500,1,100.00,7
8041,9.9000,0.0500,1,100.00,10
8042,9.9000,0.0500,1,100.00,10
8043,9.8800,0.0500,1,83.33,12
8044,9.9700,0.0500,1,100.00,3
8045,9.9200,0.0500,1,100.00,8
8046,9.9200,0.0500,1,100.00,8
8047,9.9400,0.0500,1,100.00,6
8048,9.9400,0.0500,1,100.00,6
8049,9.8800,0.0500,1,100.00,12
8050,9.9100,0.0500,1,100.00,9
8051,9.9900,0.0500,1,100.00,1
8052,9.8300,0.0500,1,82.35,17
8053,9.9000,0.0500,1,100.00,10
8054,9.9700,0.0500,1,100.00,3
8055,9.8700,0.0500,1,84.62,13
8056,9.9700,0.0500,1,100.00,3
8057,9.8600,0.0500,1,85.71,14
8058,9.8800,0.0500,1,100.00,12
8059,9.9400,0.0500,1,66.67,6
8060,9.9800,0.0500,1,100.00,2
8061,9.9400,0.0500,1,100.00,6
8062,9.9400,0.0500,1,100.00,6
8063,9.9400,0.0500,1,100.00,6
8064,9.9500,0.0500,1,100.00,5
8065,9.9500,0.0500,1,100.00,5
8066,9.9700,0.0500,1,100.00,3
8067,9.9100,0.0500,1,100.00,9
8068,9.9400,0.0500,1,100.00,6
8069,9.9600,0.0500,1,100.00,4
8070,9.8800,0.0500,1,100.00,12
8071,9.9700,0.0500,1,100.00,3
8072,9.9200,0.0500,1,100.00,8
8073,9.9200,0.0500,1,100.00,8
8074,9.8900,0.0500,1,100.00,11
8075,9.8900,0.0500,1,100.00,11
8076,9.9200,0.0500,1,100.00,8
8077,9.8600,0.0500,1,85.71,14
8078,9.9600,0.0500,1,100.00,4
8079,9.9400,0.0500,1,100.00,6
8080,9.8600,0.0500,1,100.00,14
8081,9.9500,0.0500,1,100.00,5
8082,9.9200,0.0500,1,100.00,8
8083,9.9600,0.0500,1,100.00,4
8084,9.9800,0.0500,1,100.00,2
8085,9.9100,0.0500,1,55.56,9
8086,9.9900,0.0500,1,100.00,1
8087,9.9600,0.0500,1,100.00,4
8088,9.8900,0.0500,1,100.00,11
8089,9.9000,0.0500,1,100.00,10
8090,9.8600,0.0500,1,100.00,14
8091,9.8800,0.0500,1,100.00,12
8092,9.3300,0.0500,1,82.35,17
8093,9.8900,0.0500,1,100.00,11
8094,9.9100,0.0500,1,100.00,9
8095,9.9000,0.0500,1,100.00,10
8096,9.8800,0.0500,1,100.00,12
8097,9.9300,0.0500,1,100.00,7
8098,9.9200,0.0500,1,100.00,8
8099,9.9800,0.0500,1,100.00,2
8100,9.9000,0.0500,1,100.00,10
8101,9.9500,0.0500,1,100.00,5
8102,9.9500,0.0500,1,100.00,5
8103,9.9700,0.0500,1,100.00,3
8104,9.9100,0.0500,1,77.78,9
8105,9.9400,0.0500,1,100.00,6
8106,9.8700,0.0500,1,69.23,13
8107,9.8700,0.0500,1,84.62,13
8108,9.9300,0.0500,1,100.00,7
8109,9.8700,0.0500,1,100.00,13
8110,9.9300,0.0500,1,100.00,7
8111,9.9100,0.0500,1,77.78,9
8112,9.9600,0.0500,1,100.00,4
8113,9.9100,0.0500,1,100.00,9
8114,9.9200,0.0500,1,75.00,8
8115,9.8700,0.0500,1,100.00,13
8116,9.9600,0.0500,1,100.00,4
8117,9.9000,0.0500,1,80.00,10
8118,9.8800,0.0500,1,100.00,12
8119,9.8900,0.0500,1,100.00,11
8120,9.8900,0.0500,1,100.00,11
8121,9.9400,0.0500,1,100.00,6
8122,9.9400,0.0500,1,66.67,6
8123,9.8900,0.0500,1,81.82,11
8124,9.9600,0.0500,1,100.00,4
8125,9.9400,0.0500,1,100.00,6
8126,9.8500,0.0500,1,73.33,15
8127,9.9100,0.0500,1,100.00,9
8128,9.8900,0.0500,1,100.00,11
8129,9.9700,0.0500,1,100.00,3
8130,9.9500,0.0500,1,100.00,5
8131,9.9500,0.0500,1,100.00,5
8132,9.9300,0.0500,1,100.00,7
8133,9.9000,0.0500,1,100.00,10
8134,9.9400,0.0500,1,100.00,6
8135,9.9000,0.0500,1,100.00,10
8136,9.9100,0.0500,1,100.00,9
8137,9.9200,0.0500,1,75.00,8
8138,9.4100,0.0500,1,88.89,9
8139,9.8900,0.0500,1,100.00,11
8140,9.9200,0.0500,1,100.00,8
8141,9.9000,0.0500,1,80.00,10
8142,9.9300,0.0500,1,100.00,7
8143,9.9000,0.0500,1,100.00,10
8144,9.8800,0.0500,1,83.33,12
8145,9.9300,0.0500,1,100.00,7
8146,9.9100,0.0500,1,100.00,9
8147,9.9000,0.0500,1,80.00,10
8148,9.9200,0.0500,1,100.00,8
8149,9.8700,0.0500,1,84.62,13
8150,9.9000,0.0500,1,100.00,10
8151,9.9900,0.0500,1,100.00,1
8152,9.9100,0.0500,1,100.00,9
8153,9.9900,0.0500,1,100.00,1
8154,9.9700,0.0500,1,100.00,3
8155,9.9300,0.0500,1,100.00,7
8156,9.9800,0.0500,1,100.00,2
8157,9.9600,0.0500,1,100.00,4
8158,9.9600,0.0500,1,100.00,4
8159,9.9600,0.0500,1,100.00,4
8160,9.8300,0.0500,1,70.59,17
8161,9.9000,0.0500,1,100.00,10
8162,9.9700,0.0500,1,100.00,3
8163,9.9100,0.0500,1,100.00,9
8164,9.9500,0.0500,1,100.00,5
8165,9.9100,0.0500,1,100.00,9
8166,9.8400,0.0500,1,75.00,16
8167,9.9400,0.0500,1,100.00,6
8168,9.9400,0.0500,1,100.00,6
8169,9.9900,0.0500,1,100.00,1
8170,9.8900,0.0500,1,100.00,11
8171,9.4000,0.0500,1,70.00,10
8172,9.9000,0.0500,1,80.00,10
8173,9.9200,0.0500,1,100.00,8
8174,9.8900,0.0500,1,100.00,11
8175,9.9200,0.0500,1,100.00,8
8176,9.9500,0.0500,1,100.00,5
8177,9.8900,0.0500,1,100.00,11
8178,9.9900,0.0500,1,100.00,1
8179,9.9200,0.0500,1,75.00,8
8180,9.9500,0.0500,1,100.00,5
8181,9.9100,0.0500,1,100.00,9
8182,9.9400,0.0500,1,100.00,6
8183,9.9700,0.0500,1,100.00,3
8184,9.9200,0.0500,1,100.00,8
8185,9.9500,0.0500,1,100.00,5
8186,9.9600,0.0500,1,100.00,4
8187,9.3700,0.0500,1,92.31,13
8188,9.9600,0.0500,1,100.00,4
8189,9.9400,0.0500,1,100.00,6
8190,9.9600,0.0500,1,100.00,4
8191,9.9300,0.0500,1,100.00,7
8192,9.8900,0.0500,1,100.00,11
8193,9.8300,0.0500,1,88.24,17
8194,9.9200,0.0500,1,100.00,8
8195,9.8900,0.0500,1,81.82,11
8196,9.8900,0.0500,1,81.82,11
8197,9.9000,0.0500,1,100.00,10
8198,9.9300,0.0500,1,100.00,7
8199,9.9500,0.0500,1,100.00,5
8200,9.9400,0.0500,1,100.00,6
8201,9.8900,0.0500,1,100.00,11
8202,9.3800,0.0500,1,91.67,12
8203,9.9600,0.0500,1,100.00,4
8204,9.9000,0.0500,1,100.00,10
8205,9.9400,0.0500,1,100.00,6
8206,9.9900,0.0500,1,100.00,1
8207,9.9100,0.0500,1,100.00,9
8208,9.9500,0.0500,1,100.00,5
8209,9.9100,0.0500,1,100.00,9
8210,9.9400,0.0500,1,100.00,6
8211,9.9300,0.0500,1,100.00,7
8212,9.9100,0.0500,1,100.00,9
8213,9.9100,0.0500,1,100.00,9
8214,9.8700,0.0500,1,69.23,13
8215,9.9500,0.0500,1,100.00,5
8216,9.8700,0.0500,1,100.00,13
8217,9.9100,0.0500,1,100.00,9
8218,9.9600,0.0500,1,100.00,4
8219,9.9600,0.0500,1,100.00,4
8220,9.8500,0.0500,1,86.67,15
8221,9.8700,0.0500,1,84.62,13
8222,9.9200,0.0500,1,100.00,8
8223,9.8600,0.0500,1,71.43,14
8224,9.8700,0.0500,1,84.62,13
8225,9.9800,0.0500,1,100.00,2
8226,9.9900,0.0500,1,100.00,1
8227,9.8800,0.0500,1,100.00,12
8228,9.9000,0.0500,1,60.00,10
8229,9.9900,0.0500,1,100.00,1
8230,9.9200,0.0500,1,100.00,8
8231,9.9000,0.0500,1,80.00,10
8232,9.9700,0.0500,1,100.00,3
8233,9.9000,0.0500,1,100.00,10
8234,9.9300,0.0500,1,100.00,7
8235,9.9900,0.0500,1,100.00,1
8236,9.8900,0.0500,1,100.00,11
8237,9.8900,0.0500,1,100.00,11
8238,9.9500,0.0500,1,100.00,5
8239,9.9000,0.0500,1,100.00,10
8240,9.9300,0.0500,1,100.00,7
8241,9.9600,0.0500,1,100.00,4
8242,9.9200,0.0500,1,100.00,8
8243,9.9400,0.0500,1,100.00,6
8244,9.9400,0.0500,1,100.00,6
8245,9.9200,0.0500,1,100.00,8
8246,9.9100,0.0500,1,100.00,9
8247,9.9400,0.0500,1,100.00,6
8248,9.9900,0.0500,1,100.00,1
8249,9.8400,0.0500,1,87.50,16
8250,9.3700,0.0500,1,92.31,13
8251,9.8700,0.0500,1,84.62,13
8252,9.8900,0.0500,1,100.00,11
8253,9.9200,0.0500,1,100.00,8
8254,9.9200,0.0500,1,100.00,8
8255,9.8900,0.0500,1,100.00,11
8256,9.9100,0.0500,1,100.00,9
8257,9.8900,0.0500,1,100.00,11
8258,9.4300,0.0500,1,85.71,7
8259,9.8800,0.0500,1,100.00,12
8260,9.9500,0.0500,1,100.00,5
8261,9.9400,0.0500,1,100.00,6
8262,9.9900,0.0500,1,100.00,1
8263,9.8900,0.0500,1,100.00,11
8264,9.8700,0.0500,1,69.23,13
8265,9.9400,0.0500,1,66.67,6
8266,9.8800,0.0500,1,100.00,12
8267,9.9800,0.0500,1,100.00,2
8268,9.9300,0.0500,1,100.00,7
8269,9.9300,0.0500,1,100.00,7
8270,9.9300,0.0500,1,71.43,7
8271,9.8800,0.0500,1,100.00,12
8272,9.9100,0.0500,1,100.00,9
8273,9.8700,0.0500,1,84.62,13
8274,9.3500,0.0500,1,93.33,15
8275,9.8700,0.0500,1,84.62,13
8276,9.9800,0.0500,1,100.00,2
8277,9.9000,0.0500,1,100.00,10
8278,9.9100,0.0500,1,100.00,9
8279,9.9900,0.0500,1,100.00,1
8280,9.9500,0.0500,1,100.00,5
8281,9.9000,0.0500,1,100.00,10
8282,9.8800,0.0500,1,100.00,12
8283,9.9400,0.0500,1,100.00,6
8284,9.9900,0.0500,1,100.00,1
8285,9.9500,0.0500,1,100.00,5
8286,9.9500,0.0500,1,100.00,5
8287,9.8800,0.0500,1,83.33,12
8288,9.9500,0.0500,1,100.00,5
8289,9.9200,0.0500,1,75.00,8
8290,9.9800,0.0500,1,100.00,2
8291,9.9900,0.0500,1,100.00,1
8292,9.3800,0.0500,1,91.67,12
8293,9.9200,0.0500,1,100.00,8
8294,9.8900,0.0500,1,100.00,11
8295,9.9400,0.0500,1,100.00,6
8296,9.9200,0.0500,1,100.00,8
8297,9.9600,0.0500,1,100.00,4
8298,9.9800,0.0500,1,100.00,2
8299,9.9700,0.0500,1,100.00,3
8300,9.9000,0.0500,1,100.00,10
8301,9.9200,0.0500,1,100.00,8
8302,9.9400,0.0500,1,100.00,6
8303,9.9600,0.0500,1,100.00,4
8304,9.3400,0.0500,1,68.75,16
8305,9.9100,0.0500,1,77.78,9
8306,9.9400,0.0500,1,100.00,6
8307,9.9700,0.0500,1,100.00,3
8308,9.9200,0.0500,1,100.00,8
8309,9.9500,0.0500,1,100.00,5
8310,9.9400,0.0500,1,66.67,6
8311,9.8600,0.0500,1,71.43,14
8312,9.9700,0.0500,1,100.00,3
8313,9.9700,0.0500,1,100.00,3
8314,9.9300,0.0500,1,100.00,7
8315,9.9500,0.0500,1,60.00,5
8316,9.9100,0.0500,1,100.00,9
8317,9.8900,0.0500,1,100.00,11
8318,9.9700,0.0500,1,100.00,3
8319,9.8800,0.0500,1,100.00,12
8320,9.9000,0.0500,1,100.00,10
8321,9.9500,0.0500,1,100.00,5
8322,9.8900,0.0500,1,100.00,11
8323,9.8800,0.0500,1,83.33,12
8324,9.9700,0.0500,1,100.00,3
8325,9.8900,0.0500,1,100.00,11
8326,9.8900,0.0500,1,100.00,11
8327,9.9400,0.0500,1,66.67,6
8328,9.8900,0.0500,1,100.00,11
8329,9.9000,0.0500,1,100.00,10
8330,9.9600,0.0500,1,100.00,4
8331,9.9700,0.0500,1,100.00,3
8332,9.9100,0.0500,1,100.00,9
8333,9.8500,0.0500,1,86.67,15
8334,9.8700,0.0500,1,100.00,13
8335,9.9800,0.0500,1,100.00,2
8336,9.8800,0.0500,1,100.00,12
8337,9.9100,0.0500,1,100.00,9
8338,9.8900,0.0500,1,100.00,11
8339,9.9000,0.0500,1,100.00,10
8340,9.8900,0.0500,1,100.00,11
8341,9.8800,0.0500,1,83.33,12
8342,9.8800,0.0500,1,100.00,12
8343,9.9500,0.0500,1,100.00,5
8344,9.8800,0.0500,1,83.33,12
8345,9.8800,0.0500,1,83.33,12
8346,9.8900,0.0500,1,100.00,11
8347,9.9400,0.0500,1,100.00,6
8348,9.9500,0.0500,1,100.00,5
8349,9.9800,0.0500,1,100.00,2
8350,9.9500,0.0500,1,100.00,5
8351,9.9400,0.0500,1,100.00,6
8352,9.9400,0.0500,1,100.00,6
8353,9.9600,0.0500,1,100.00,4
8354,9.8800,0.0500,1,83.33,12
8355,9.9000,0.0500,1,100.00,10
8356,9.9000,0.0500,1,100.00,10
8357,9.9100,0.0500,1,100.00,9
8358,9.9300,0.0500,1,100.00,7
8359,9.8900,0.0500,1,100.00,11
8360,9.8900,0.0500,1,100.00,11
8361,9.9900,0.0500,1,100.00,1
8362,9.9000,0.0500,1,100.00,10
8363,9.3600,0.0500,1,85.71,14
8364,9.8800,0.0500,1,83.33,12
8365,9.8400,0.0500,1,87.50,16
8366,9.8700,0.0500,1,100.00,13
8367,9.9400,0.0500,1,100.00,6
8368,9.8100,0.0500,1,78.95,19
8369,9.9300,0.0500,1,100.00,7
8370,9.9700,0.0500,1,100.00,3
8371,9.8800,0.0500,1,100.00,12
8372,9.8700,0.0500,1,100.00,13
8373,9.9100,0.0500,1,100.00,9
8374,9.9600,0.0500,1,100.00,4
8375,9.9000,0.0500,1,100.00,10
8376,9.9100,0.0500,1,100.00,9
8377,9.9300,0.0500,1,100.00,7
8378,9.8900,0.0500,1,100.00,11
8379,9.9700,0.0500,1,100.00,3
8380,9.9000,0.0500,1,100.00,10
8381,9.9700,0.0500,1,100.00,3
8382,9.8500,0.0500,1,86.67,15
8383,9.9100,0.0500,1,100.00,9
8384,9.9100,0.0500,1,77.78,9
8385,9.9200,0.0500,1,100.00,8
8386,9.9100,0.0500,1,100.00,9
8387,9.9500,0.0500,1,100.00,5
8388,9.9100,0.0500,1,100.00,9
8389,9.9000,0.0500,1,100.00,10
8390,9.9800,0.0500,1,100.00,2
8391,9.9700,0.0500,1,100.00,3
8392,9.9100,0.0500,1,100.00,9
8393,9.9700,0.0500,1,100.00,3
8394,9.8700,0.0500,1,84.62,13
8395,9.9300,0.0500,1,100.00,7
8396,9.9600,0.0500,1,100.00,4
8397,9.4200,0.0500,1,87.50,8
8398,9.9800,0.0500,1,100.00,2
8399,9.9400,0.0500,1,100.00,6
8400,9.8800,0.0500,1,100.00,12
8401,9.8900,0.0500,1,100.00,11
8402,9.8900,0.0500,1,81.82,11
8403,9.9100,0.0500,1,100.00,9
8404,9.9500,0.0500,1,100.00,5
8405,9.9600,0.0500,1,100.00,4
8406,9.8200,0.0500,1,72.22,18
8407,9.9800,0.0500,1,100.00,2
8408,9.9000,0.0500,1,100.00,10
8409,9.9400,0.0500,1,100.00,6
8410,9.8700,0.0500,1,100.00,13
8411,9.9700,0.0500,1,100.00,3
8412,9.9700,0.0500,1,100.00,3
8413,9.9900,0.0500,1,100.00,1
8414,9.9100,0.0500,1,100.00,9
8415,9.9300,0.0500,1,71.43,7
8416,9.9600,0.0500,1,100.00,4
8417,9.9100,0.0500,1,100.00,9
8418,9.9900,0.0500,1,100.00,1
8419,9.9400,0.0500,1,100.00,6
8420,9.9200,0.0500,1,100.00,8
8421,9.9800,0.0500,1,100.00,2
8422,9.8900,0.0500,1,100.00,11
8423,9.9800,0.0500,1,100.00,2
8424,9.9200,0.0500,1,75.00,8
8425,9.9600,0.0500,1,100.00,4
8426,9.9400,0.0500,1,100.00,6
8427,9.8600,0.0500,1,100.00,14
8428,9.9300,0.0500,1,100.00,7
8429,9.8900,0.0500,1,100.00,11
8430,9.9700,0.0500,1,100.00,3
8431,9.8900,0.0500,1,100.00,11
8432,9.9000,0.0500,1,100.00,10
8433,9.9700,0.0500,1,100.00,3
8434,9.8800,0.0500,1,100.00,12
8435,9.9700,0.0500,1,100.00,3
8436,9.8900,0.0500,1,100.00,11
8437,9.8700,0.0500,1,84.62,13
8438,9.8800,0.0500,1,100.00,12
8439,9.9100,0.0500,1,100.00,9
8440,9.9000,0.0500,1,80.00,10
8441,9.4300,0.0500,1,85.71,7
8442,9.9300,0.0500,1,100.00,7
8443,9.9200,0.0500,1,100.00,8
8444,9.9900,0.0500,1,100.00,1
8445,9.9200,0.0500,1,100.00,8
8446,9.9400,0.0500,1,100.00,6
8447,9.8500,0.0500,1,86.67,15
8448,9.9100,0.0500,1,100.00,9
8449,9.9100,0.0500,1,77.78,9
8450,9.8900,0.0500,1,100.00,11
8451,9.8700,0.0500,1,84.62,13
8452,9.9800,0.0500,1,100.00,2
8453,9.9400,0.0500,1,100.00,6
8454,9.9300,0.0500,1,100.00,7
8455,9.9500,0.0500,1,100.00,5
8456,9.9300,0.0500,1,100.00,7
8457,9.8600,0.0500,1,85.71,14
8458,9.9800,0.0500,1,100.00,2
8459,9.8900,0.0500,1,81.82,11
8460,9.9700,0.0500,1,100.00,3
8461,9.8600,0.0500,1,100.00,14
8462,9.9000,0.0500,1,100.00,10
8463,9.8900,0.0500,1,100.00,11
8464,9.8400,0.0500,1,87.50,16
8465,9.9300,0.0500,1,100.00,7
8466,9.4500,0.0500,1,80.00,5
8467,9.9100,0.0500,1,100.00,9
8468,9.8600,0.0500,1,100.00,14
8469,9.9300,0.0500,1,100.00,7
8470,9.9300,0.0500,1,100.00,7
8471,9.8600,0.0500,1,100.00,14
8472,9.8900,0.0500,1,100.00,11
8473,9.9500,0.0500,1,100.00,5
8474,9.9000,0.0500,1,100.00,10
8475,9.9200,0.0500,1,100.00,8
8476,9.9200,0.0500,1,100.00,8
8477,9.8900,0.0500,1,100.00,11
8478,9.8300,0.0500,1,76.47,17
8479,9.8900,0.0500,1,100.00,11
8480,9.8700,0.0500,1,100.00,13
8481,9.9100,0.0500,1,100.00,9
8482,9.9100,0.0500,1,100.00,9
8483,9.9200,0.0500,1,100.00,8
8484,9.9400,0.0500,1,66.67,6
8485,9.9400,0.0500,1,100.00,6
8486,9.9400,0.0500,1,83.33,6
8487,9.9800,0.0500,1,100.00,2
8488,9.9600,0.0500,1,100.00,4
8489,9.8800,0.0500,1,100.00,12
8490,9.9400,0.0500,1,83.33,6
8491,9.8700,0.0500,1,84.62,13
8492,9.9400,0.0500,1,100.00,6
8493,9.9500,0.0500,1,100.00,5
8494,9.9800,0.0500,1,100.00,2
8495,9.9000,0.0500,1,100.00,10
8496,9.9400,0.0500,1,100.00,6
8497,9.9100,0.0500,1,100.00,9
8498,9.9000,0.0500,1,80.00,10
8499,9.9300,0.0500,1,100.00,7
8500,9.9300,0.0500,1,100.00,7
8501,9.9700,0.0500,1,100.00,3
8502,9.9000,0.0500,1,100.00,10
8503,9.9300,0.0500,1,71.43,7
8504,9.8200,0.0500,1,33.33,18
8505,9.9300,0.0500,1,100.00,7
8506,9.9400,0.0500,1,100.00,6
8507,9.9100,0.0500,1,77.78,9
8508,9.9300,0.0500,1,100.00,7
8509,9.9400,0.0500,1,100.00,6
8510,9.9300,0.0500,1,100.00,7
8511,9.8600,0.0500,1,85.71,14
8512,9.8900,0.0500,1,81.82,11
8513,9.9400,0.0500,1,66.67,6
8514,9.9700,0.0500,1,100.00,3
8515,9.9200,0.0500,1,100.00,8
8516,9.9400,0.0500,1,100.00,6
8517,9.8900,0.0500,1,81.82,11
8518,8.9000,0.0500,1,80.00,10
8519,9.8700,0.0500,1,100.00,13
8520,9.9800,0.0500,1,100.00,2
8521,9.9600,0.0500,1,100.00,4
8522,9.9500,0.0500,1,100.00,5
8523,9.9700,0.0500,1,100.00,3
8524,9.8900,0.0500,1,100.00,11
8525,9.9800,0.0500,1,100.00,2
8526,9.8800,0.0500,1,83.33,12
8527,9.3800,0.0500,1,91.67,12
8528,9.8900,0.0500,1,81.82,11
8529,9.8700,0.0500,1,84.62,13
8530,9.8800,0.0500,1,100.00,12
8531,9.9600,0.0500,1,100.00,4
8532,9.9500,0.0500,1,60.00,5
8533,9.8600,0.0500,1,71.43,14
8534,9.8800,0.0500,1,83.33,12
8535,9.8800,0.0500,1,83.33,12
8536,9.8600,0.0500,1,85.71,14
8537,9.8800,0.0500,1,100.00,12
8538,9.9000,0.0500,1,100.00,10
8539,9.9400,0.0500,1,100.00,6
8540,9.9500,0.0500,1,100.00,5
8541,9.9800,0.0500,1,100.00,2
8542,9.9500,0.0500,1,100.00,5
8543,9.9900,0.0500,1,100.00,1
8544,9.8900,0.0500,1,81.82,11
8545,9.8700,0.0500,1,92.31,13
8546,9.8600,0.0500,1,57.14,14
8547,9.9500,0.0500,1,100.00,5
8548,9.9700,0.0500,1,100.00,3
8549,9.8800,0.0500,1,83.33,12
8550,9.9200,0.0500,1,100.00,8
8551,9.9500,0.0500,1,100.00,5
8552,9.8900,0.0500,1,81.82,11
8553,9.9600,0.0500,1,100.00,4
8554,9.8400,0.0500,1,75.00,16
8555,9.8700,0.0500,1,84.62,13
8556,9.9200,0.0500,1,100.00,8
8557,9.9800,0.0500,1,100.00,2
8558,9.8900,0.0500,1,81.82,11
8559,9.9600,0.0500,1,100.00,4
8560,9.9100,0.0500,1,100.00,9
8561,9.8600,0.0500,1,85.71,14
8562,9.8900,0.0500,1,100.00,11
8563,9.9000,0.0500,1,100.00,10
8564,9.9600,0.0500,1,100.00,4
8565,9.9300,0.0500,1,100.00,7
8566,9.8500,0.0500,1,100.00,15
8567,9.8700,0.0500,1,84.62,13
8568,9.9300,0.0500,1,100.00,7
8569,9.8900,0.0500,1,100.00,11
8570,9.9500,0.0500,1,60.00,5
8571,9.9000,0.0500,1,80.00,10
8572,9.8900,0.0500,1,81.82,11
8573,9.9800,0.0500,1,100.00,2
8574,9.9600,0.0500,1,100.00,4
8575,9.9000,0.0500,1,100.00,10
8576,9.9300,0.0500,1,100.00,7
8577,9.9300,0.0500,1,100.00,7
8578,9.9100,0.0500,1,100.00,9
8579,9.8900,0.0500,1,100.00,11
8580,9.8500,0.0500,1,100.00,15
8581,9.9500,0.0500,1,100.00,5
8582,9.8800,0.0500,1,100.00,12
8583,9.9900,0.0500,1,100.00,1
8584,9.9500,0.0500,1,100.00,5
8585,9.9500,0.0500,1,100.00,5
8586,9.9900,0.0500,1,100.00,1
8587,9.9700,0.0500,1,100.00,3
8588,9.9800,0.0500,1,100.00,2
8589,9.9500,0.0500,1,60.00,5
8590,9.9300,0.0500,1,100.00,7
8591,9.8600,0.0500,1,85.71,14
8592,9.8900,0.0500,1,63.64,11
8593,9.9900,0.0500,1,100.00,1
8594,9.9900,0.0500,1,100.00,1
8595,9.9800,0.0500,1,100.00,2
8596,9.9100,0.0500,1,100.00,9
8597,9.9100,0.0500,1,100.00,9
8598,9.9500,0.0500,1,100.00,5
8599,9.8900,0.0500,1,90.91,11
8600,9.9400,0.0500,1,100.00,6
8601,9.9100,0.0500,1,100.00,9
8602,9.9100,0.0500,1,100.00,9
8603,9.9600,0.0500,1,100.00,4
8604,9.8900,0.0500,1,100.00,11
8605,9.9100,0.0500,1,100.00,9
8606,9.8800,0.0500,1,100.00,12
8607,9.9500,0.0500,1,100.00,5
8608,9.9200,0.0500,1,75.00,8
8609,9.8800,0.0500,1,100.00,12
8610,9.9300,0.0500,1,100.00,7
8611,9.9300,0.0500,1,100.00,7
8612,9.9000,0.0500,1,100.00,10
8613,9.9100,0.0500,1,100.00,9
8614,9.9100,0.0500,1,100.00,9
8615,9.9400,0.0500,1,100.00,6
8616,9.9900,0.0500,1,100.00,1
8617,9.9300,0.0500,1,100.00,7
8618,9.9800,0.0500,1,100.00,2
8619,9.9500,0.0500,1,100.00,5
8620,9.9400,0.0500,1,100.00,6
8621,9.8900,0.0500,1,100.00,11
8622,9.8900,0.0500,1,100.00,11
8623,9.9300,0.0500,1,100.00,7
8624,9.8900,0.0500,1,100.00,11
8625,9.9000,0.0500,1,100.00,10
8626,9.9700,0.0500,1,100.00,3
8627,9.9500,0.0500,1,100.00,5
8628,9.9200,0.0500,1,100.00,8
8629,9.4800,0.0500,1,50.00,2
8630,9.8900,0.0500,1,100.00,11
8631,9.9600,0.0500,1,100.00,4
8632,9.9900,0.0500,1,100.00,1
8633,9.9100,0.0500,1,100.00,9
8634,9.9600,0.0500,1,100.00,4
8635,9.8900,0.0500,1,100.00,11
8636,9.9500,0.0500,1,100.00,5
8637,9.9500,0.0500,1,100.00,5
8638,9.4600,0.0500,1,75.00,4
8639,9.9200,0.0500,1,100.00,8
8640,9.9600,0.0500,1,100.00,4
8641,9.8200,0.0500,1,77.78,18
8642,9.9100,0.0500,1,100.00,9
8643,9.9900,0.0500,1,100.00,1
8644,9.9500,0.0500,1,100.00,5
8645,9.8700,0.0500,1,100.00,13
8646,9.4600,0.0500,1,75.00,4
8647,9.9000,0.0500,1,100.00,10
8648,9.8700,0.0500,1,100.00,13
8649,9.8200,0.0500,1,83.33,18
8650,9.9000,0.0500,1,80.00,10
8651,9.8900,0.0500,1,100.00,11
8652,9.8500,0.0500,1,86.67,15
8653,9.9800,0.0500,1,100.00,2
8654,9.9200,0.0500,1,100.00,8
8655,9.9800,0.0500,1,100.00,2
8656,9.9100,0.0500,1,100.00,9
8657,9.8700,0.0500,1,100.00,13
8658,9.9700,0.0500,1,100.00,3
8659,9.8700,0.0500,1,100.00,13
8660,9.8900,0.0500,1,81.82,11
8661,9.9000,0.0500,1,100.00,10
8662,9.9400,0.0500,1,100.00,6
8663,9.9300,0.0500,1,71.43,7
8664,9.9000,0.0500,1,100.00,10
8665,9.9400,0.0500,1,100.00,6
8666,9.9300,0.0500,1,100.00,7
8667,9.9300,0.0500,1,100.00,7
8668,9.9100,0.0500,1,100.00,9
8669,9.9600,0.0500,1,100.00,4
8670,9.9100,0.0500,1,100.00,9
8671,9.9300,0.0500,1,100.00,7
8672,9.9700,0.0500,1,100.00,3
8673,9.9100,0.0500,1,100.00,9
8674,9.9800,0.0500,1,100.00,2
8675,9.4500,0.0500,1,80.00,5
8676,9.9200,0.0500,1,100.00,8
8677,9.9900,0.0500,1,100.00,1
8678,9.8800,0.0500,1,83.33,12
8679,9.9400,0.0500,1,100.00,6
8680,9.4500,0.0500,1,80.00,5
8681,9.9300,0.0500,1,100.00,7
8682,9.9900,0.0500,1,100.00,1
8683,9.8900,0.0500,1,100.00,11
8684,9.9400,0.0500,1,100.00,6
8685,9.8400,0.0500,1,87.50,16
8686,9.9000,0.0500,1,100.00,10
8687,9.8900,0.0500,1,100.00,11
8688,9.8600,0.0500,1,85.71,14
8689,9.9500,0.0500,1,100.00,5
8690,9.9500,0.0500,1,100.00,5
8691,9.9700,0.0500,1,100.00,3
8692,9.9100,0.0500,1,100.00,9
8693,9.9400,0.0500,1,100.00,6
8694,9.9700,0.0500,1,100.00,3
8695,9.9600,0.0500,1,100.00,4
8696,9.9600,0.0500,1,100.00,4
8697,9.8700,0.0500,1,100.00,13
8698,9.8900,0.0500,1,100.00,11
8699,9.9700,0.0500,1,100.00,3
8700,9.9800,0.0500,1,100.00,2
8701,9.8800,0.0500,1,100.00,12
8702,9.8900,0.0500,1,100.00,11
8703,9.9100,0.0500,1,77.78,9
8704,9.9000,0.0500,1,100.00,10
8705,9.9000,0.0500,1,100.00,10
8706,9.4200,0.0500,1,87.50,8
8707,9.8300,0.0500,1,70.59,17
8708,9.9500,0.0500,1,100.00,5
8709,9.8800,0.0500,1,83.33,12
8710,9.9200,0.0500,1,100.00,8
8711,9.8800,0.0500,1,83.33,12
8712,9.8600,0.0500,1,100.00,14
8713,9.9500,0.0500,1,100.00,5
8714,9.9300,0.0500,1,100.00,7
8715,9.8600,0.0500,1,85.71,14
8716,9.9400,0.0500,1,100.00,6
8717,9.9100,0.0500,1,77.78,9
8718,9.8400,0.0500,1,87.50,16
8719,9.9300,0.0500,1,100.00,7
8720,9.9400,0.0500,1,100.00,6
8721,9.8900,0.0500,1,100.00,11
8722,9.9000,0.0500,1,100.00,10
8723,9.9500,0.0500,1,60.00,5
8724,9.9600,0.0500,1,100.00,4
8725,9.9800,0.0500,1,100.00,2
8726,9.8900,0.0500,1,81.82,11
8727,9.9200,0.0500,1,100.00,8
8728,9.9600,0.0500,1,100.00,4
8729,9.8400,0.0500,1,75.00,16
8730,9.3600,0.0500,1,92.86,14
8731,9.9300,0.0500,1,71.43,7
8732,9.8700,0.0500,1,100.00,13
8733,9.9200,0.0500,1,75.00,8
8734,9.9600,0.0500,1,100.00,4
8735,9.9300,0.0500,1,100.00,7
8736,9.8500,0.0500,1,93.33,15
8737,9.9200,0.0500,1,100.00,8
8738,9.9100,0.0500,1,100.00,9
8739,9.9200,0.0500,1,75.00,8
8740,9.9300,0.0500,1,100.00,7
8741,9.4100,0.0500,1,88.89,9
8742,9.9100,0.0500,1,100.00,9
8743,9.8800,0.0500,1,100.00,12
8744,9.9900,0.0500,1,100.00,1
8745,9.9000,0.0500,1,100.00,10
8746,9.8800,0.0500,1,83.33,12
8747,9.8800,0.0500,1,100.00,12
8748,9.8600,0.0500,1,100.00,14
8749,9.9100,0.0500,1,100.00,9
8750,9.8800,0.0500,1,100.00,12
8751,9.9600,0.0500,1,100.00,4
8752,9.4100,0.0500,1,88.89,9
8753,9.9300,0.0500,1,100.00,7
8754,9.9200,0.0500,1,100.00,8
8755,9.8700,0.0500,1,92.31,13
8756,9.8900,0.0500,1,63.64,11
8757,9.9400,0.0500,1,100.00,6
8758,9.9200,0.0500,1,100.00,8
8759,9.9100,0.0500,1,100.00,9
8760,9.8400,0.0500,1,87.50,16
8761,9.9600,0.0500,1,100.00,4
8762,9.8900,0.0500,1,81.82,11
8763,9.9400,0.0500,1,100.00,6
8764,9.9000,0.0500,1,100.00,10
8765,9.9000,0.0500,1,100.00,10
8766,9.9600,0.0500,1,100.00,4
8767,9.9800,0.0500,1,100.00,2
8768,9.8800,0.0500,1,100.00,12
8769,9.9400,0.0500,1,100.00,6
8770,9.9600,0.0500,1,100.00,4
8771,9.9500,0.0500,1,100.00,5
8772,9.8700,0.0500,1,84.62,13
8773,9.9800,0.0500,1,100.00,2
8774,9.8700,0.0500,1,100.00,13
8775,9.9300,0.0500,1,71.43,7
8776,9.8600,0.0500,1,100.00,14
8777,9.8900,0.0500,1,100.00,11
8778,9.9000,0.0500,1,100.00,10
8779,9.9100,0.0500,1,100.00,9
8780,9.9000,0.0500,1,100.00,10
8781,9.9000,0.0500,1,100.00,10
8782,9.9000,0.0500,1,100.00,10
8783,9.9400,0.0500,1,100.00,6
8784,9.9100,0.0500,1,100.00,9
8785,9.8500,0.0500,1,86.67,15
8786,9.9200,0.0500,1,100.00,8
8787,9.9200,0.0500,1,100.00,8
8788,9.9100,0.0500,1,100.00,9
8789,9.9900,0.0500,1,100.00,1
8790,8.8900,0.0500,1,81.82,11
8791,9.9200,0.0500,1,100.00,8
8792,9.9600,0.0500,1,100.00,4
8793,9.9500,0.0500,1,100.00,5
8794,9.8900,0.0500,1,100.00,11
8795,9.8500,0.0500,1,73.33,15
8796,9.9600,0.0500,1,100.00,4
8797,9.9200,0.0500,1,75.00,8
8798,9.9400,0.0500,1,100.00,6
8799,9.9200,0.0500,1,100.00,8
8800,9.8900,0.0500,1,81.82,11
8801,9.9400,0.0500,1,66.67,6
8802,9.8700,0.0500,1,84.62,13
8803,9.8700,0.0500,1,84.62,13
8804,9.9200,0.0500,1,100.00,8
8805,9.9300,0.0500,1,100.00,7
8806,9.9900,0.0500,1,100.00,1
8807,9.8400,0.0500,1,62.50,16
8808,9.9000,0.0500,1,100.00,10
8809,9.9500,0.0500,1,100.00,5
8810,9.9400,0.0500,1,66.67,6
8811,9.9200,0.0500,1,75.00,8
8812,9.9900,0.0500,1,100.00,1
8813,9.8800,0.0500,1,83.33,12
8814,9.8600,0.0500,1,100.00,14
8815,9.8700,0.0500,1,100.00,13
8816,9.9400,0.0500,1,100.00,6
8817,9.9600,0.0500,1,100.00,4
8818,9.8400,0.0500,1,87.50,16
8819,9.9600,0.0500,1,100.00,4
8820,9.9300,0.0500,1,100.00,7
8821,9.9000,0.0500,1,100.00,10
8822,8.8500,0.0500,1,73.33,15
8823,9.9600,0.0500,1,100.00,4
8824,9.9600,0.0500,1,100.00,4
8825,9.9000,0.0500,1,100.00,10
8826,9.9300,0.0500,1,100.00,7
8827,9.9400,0.0500,1,100.00,6
8828,9.9600,0.0500,1,100.00,4
8829,9.9100,0.0500,1,100.00,9
8830,9.9800,0.0500,1,100.00,2
8831,9.8500,0.0500,1,100.00,15
8832,9.9200,0.0500,1,100.00,8
8833,9.9200,0.0500,1,100.00,8
8834,9.9500,0.0500,1,100.00,5
8835,9.9500,0.0500,1,100.00,5
8836,9.9500,0.0500,1,100.00,5
8837,9.9000,0.0500,1,100.00,10
8838,9.9700,0.0500,1,100.00,3
8839,9.9600,0.0500,1,100.00,4
8840,9.9300,0.0500,1,100.00,7
8841,9.8600,0.0500,1,100.00,14
8842,9.9600,0.0500,1,100.00,4
8843,9.4500,0.0500,1,40.00,5
8844,9.9200,0.0500,1,100.00,8
8845,9.8700,0.0500,1,100.00,13
8846,9.9100,0.0500,1,100.00,9
8847,9.9000,0.0500,1,100.00,10
8848,9.9000,0.0500,1,100.00,10
8849,9.4500,0.0500,1,80.00,5
8850,9.9800,0.0500,1,100.00,2
8851,9.8800,0.0500,1,100.00,12
8852,9.9100,0.0500,1,100.00,9
8853,9.9500,0.0500,1,100.00,5
8854,9.9900,0.0500,1,100.00,1
8855,9.9100,0.0500,1,100.00,9
8856,9.8900,0.0500,1,100.00,11
8857,9.9200,0.0500,1,100.00,8
8858,9.8800,0.0500,1,83.33,12
8859,9.9000,0.0500,1,100.00,10
8860,9.9100,0.0500,1,100.00,9
8861,9.8900,0.0500,1,100.00,11
8862,9.9900,0.0500,1,100.00,1
8863,9.9900,0.0500,1,100.00,1
8864,9.8600,0.0500,1,85.71,14
8865,9.9400,0.0500,1,100.00,6
8866,9.9300,0.0500,1,100.00,7
8867,9.9600,0.0500,1,100.00,4
8868,9.8700,0.0500,1,100.00,13
8869,9.9200,0.0500,1,100.00,8
8870,9.9300,0.0500,1,100.00,7
8871,9.9100,0.0500,1,100.00,9
8872,9.9200,0.0500,1,100.00,8
8873,9.9700,0.0500,1,100.00,3
8874,9.8900,0.0500,1,100.00,11
8875,9.9400,0.0500,1,100.00,6
8876,9.9100,0.0500,1,100.00,9
8877,9.9900,0.0500,1,100.00,1
8878,9.9000,0.0500,1,80.00,10
8879,9.9100,0.0500,1,100.00,9
8880,9.9100,0.0500,1,100.00,9
8881,9.9300,0.0500,1,100.00,7
8882,9.9000,0.0500,1,100.00,10
8883,9.8600,0.0500,1,100.00,14
8884,9.8800,0.0500,1,100.00,12
8885,9.8700,0.0500,1,69.23,13
8886,9.9400,0.0500,1,100.00,6
8887,9.9100,0.0500,1,100.00,9
8888,9.3700,0.0500,1,92.31,13
8889,9.9300,0.0500,1,100.00,7
8890,9.9300,0.0500,1,100.00,7
8891,9.9700,0.0500,1,100.00,3
8892,9.9600,0.0500,1,100.00,4
8893,9.9600,0.0500,1,100.00,4
8894,9.8900,0.0500,1,100.00,11
8895,9.9200,0.0500,1,100.00,8
8896,9.9600,0.0500,1,100.00,4
8897,9.8400,0.0500,1,87.50,16
8898,9.9000,0.0500,1,100.00,10
8899,9.8800,0.0500,1,100.00,12
8900,9.8900,0.0500,1,100.00,11
8901,9.3400,0.0500,1,93.75,16
8902,9.9000,0.0500,1,100.00,10
8903,9.9100,0.0500,1,100.00,9
8904,9.3500,0.0500,1,93.33,15
8905,9.4500,0.0500,1,80.00,5
8906,9.9500,0.0500,1,100.00,5
8907,9.9400,0.0500,1,100.00,6
8908,9.9300,0.0500,1,100.00,7
8909,9.9600,0.0500,1,100.00,4
8910,9.9800,0.0500,1,100.00,2
8911,9.8700,0.0500,1,84.62,13
8912,9.9200,0.0500,1,100.00,8
8913,9.9100,0.0500,1,100.00,9
8914,9.9200,0.0500,1,100.00,8
8915,9.8900,0.0500,1,100.00,11
8916,9.9800,0.0500,1,100.00,2
8917,9.9000,0.0500,1,80.00,10
8918,9.9300,0.0500,1,100.00,7
8919,9.9100,0.0500,1,100.00,9
8920,9.8700,0.0500,1,100.00,13
8921,9.9700,0.0500,1,100.00,3
8922,9.8600,0.0500,1,85.71,14
8923,9.9400,0.0500,1,100.00,6
8924,9.9000,0.0500,1,100.00,10
8925,9.9300,0.0500,1,100.00,7
8926,9.9500,0.0500,1,100.00,5
8927,9.9100,0.0500,1,100.00,9
8928,9.9000,0.0500,1,80.00,10
8929,9.9800,0.0500,1,100.00,2
8930,9.8600,0.0500,1,85.71,14
8931,9.9800,0.0500,1,100.00,2
8932,9.8600,0.0500,1,85.71,14
8933,9.9000,0.0500,1,100.00,10
8934,9.8800,0.0500,1,100.00,12
8935,9.9200,0.0500,1,100.00,8
8936,9.9200,0.0500,1,100.00,8
8937,9.9600,0.0500,1,50.00,4
8938,9.9200,0.0500,1,100.00,8
8939,9.8700,0.0500,1,100.00,13
8940,9.9300,0.0500,1,100.00,7
8941,9.3700,0.0500,1,76.92,13
8942,9.9200,0.0500,1,100.00,8
8943,9.9500,0.0500,1,100.00,5
8944,9.8900,0.0500,1,100.00,11
8945,9.9000,0.0500,1,80.00,10
8946,9.9100,0.0500,1,100.00,9
8947,9.4000,0.0500,1,90.00,10
8948,9.9300,0.0500,1,100.00,7
8949,9.9800,0.0500,1,100.00,2
8950,9.9600,0.0500,1,100.00,4
8951,9.9000,0.0500,1,80.00,10
8952,9.9600,0.0500,1,100.00,4
8953,9.8900,0.0500,1,100.00,11
8954,9.8700,0.0500,1,100.00,13
8955,9.9200,0.0500,1,100.00,8
8956,9.9500,0.0500,1,60.00,5
8957,9.9900,0.0500,1,100.00,1
8958,9.9000,0.0500,1,80.00,10
8959,9.9000,0.0500,1,100.00,10
8960,9.9600,0.0500,1,100.00,4
8961,9.9400,0.0500,1,100.00,6
8962,9.8900,0.0500,1,100.00,11
8963,9.9300,0.0500,1,100.00,7
8964,9.9600,0.0500,1,100.00,4
8965,9.9400,0.0500,1,100.00,6
8966,9.8900,0.0500,1,100.00,11
8967,9.8700,0.0500,1,100.00,13
8968,9.9500,0.0500,1,100.00,5
8969,9.8500,0.0500,1,100.00,15
8970,9.9200,0.0500,1,75.00,8
8971,9.9500,0.0500,1,100.00,5
8972,9.8900,0.0500,1,100.00,11
8973,9.9000,0.0500,1,60.00,10
8974,9.8800,0.0500,1,100.00,12
8975,9.8500,0.0500,1,73.33,15
8976,9.9200,0.0500,1,100.00,8
8977,9.9000,0.0500,1,100.00,10
8978,9.8900,0.0500,1,100.00,11
8979,9.8800,0.0500,1,83.33,12
8980,9.9400,0.0500,1,66.67,6
8981,9.8900,0.0500,1,100.00,11
8982,9.9400,0.0500,1,100.00,6
8983,9.9300,0.0500,1,100.00,7
8984,9.9400,0.0500,1,100.00,6
8985,9.8700,0.0500,1,84.62,13
8986,9.9000,0.0500,1,100.00,10
8987,9.9400,0.0500,1,100.00,6
8988,9.8900,0.0500,1,100.00,11
8989,9.3700,0.0500,1,92.31,13
8990,9.9200,0.0500,1,100.00,8
8991,9.9200,0.0500,1,100.00,8
8992,9.9700,0.0500,1,100.00,3
8993,9.9900,0.0500,1,100.00,1
8994,9.9000,0.0500,1,100.00,10
8995,9.9100,0.0500,1,100.00,9
8996,9.9000,0.0500,1,100.00,10
8997,9.9400,0.0500,1,100.00,6
8998,9.4000,0.0500,1,90.00,10
8999,9.9200,0.0500,1,75.00,8
9000,9.9000,0.0500,1,100.00,10
9001,9.8900,0.0500,1,100.00,11
9002,9.8900,0.0500,1,100.00,11
9003,9.9900,0.0500,1,100.00,1
9004,9.9300,0.0500,1,100.00,7
9005,9.3500,0.0500,1,93.33,15
9006,9.9900,0.0500,1,100.00,1
9007,9.9400,0.0500,1,100.00,6
9008,9.8900,0.0500,1,81.82,11
9009,9.8800,0.0500,1,100.00,12
9010,9.9400,0.0500,1,100.00,6
9011,9.9200,0.0500,1,75.00,8
9012,9.9300,0.0500,1,100.00,7
9013,9.9000,0.0500,1,100.00,10
9014,9.9100,0.0500,1,100.00,9
9015,9.9800,0.0500,1,100.00,2
9016,9.8900,0.0500,1,100.00,11
9017,9.9200,0.0500,1,100.00,8
9018,9.9400,0.0500,1,100.00,6
9019,9.8900,0.0500,1,81.82,11
9020,9.8800,0.0500,1,100.00,12
9021,9.9000,0.0500,1,100.00,10
9022,9.9200,0.0500,1,100.00,8
9023,9.9500,0.0500,1,100.00,5
9024,9.9600,0.0500,1,100.00,4
9025,9.9200,0.0500,1,100.00,8
9026,9.9400,0.0500,1,100.00,6
9027,9.9600,0.0500,1,100.00,4
9028,9.8700,0.0500,1,84.62,13
9029,9.9100,0.0500,1,100.00,9
9030,9.9000,0.0500,1,100.00,10
9031,9.9400,0.0500,1,100.00,6
9032,9.9400,0.0500,1,100.00,6
9033,9.9200,0.0500,1,100.00,8
9034,9.9900,0.0500,1,100.00,1
9035,9.9000,0.0500,1,100.00,10
9036,9.9000,0.0500,1,100.00,10
9037,9.8800,0.0500,1,83.33,12
9038,9.9600,0.0500,1,100.00,4
9039,9.8700,0.0500,1,100.00,13
9040,9.9200,0.0500,1,100.00,8
9041,9.9100,0.0500,1,100.00,9
9042,9.9400,0.0500,1,100.00,6
9043,9.9300,0.0500,1,71.43,7
9044,9.9000,0.0500,1,100.00,10
9045,9.8800,0.0500,1,100.00,12
9046,9.9100,0.0500,1,77.78,9
9047,9.9000,0.0500,1,100.00,10
9048,9.9700,0.0500,1,100.00,3
9049,9.8800,0.0500,1,100.00,12
9050,9.8800,0.0500,1,100.00,12
9051,9.9600,0.0500,1,100.00,4
9052,9.9300,0.0500,1,100.00,7
9053,9.9300,0.0500,1,100.00,7
9054,9.9000,0.0500,1,100.00,10
9055,9.9400,0.0500,1,100.00,6
9056,9.9100,0.0500,1,100.00,9
9057,9.8900,0.0500,1,100.00,11
9058,9.9200,0.0500,1,100.00,8
9059,9.4000,0.0500,1,70.00,10
9060,9.9100,0.0500,1,100.00,9
9061,9.9100,0.0500,1,100.00,9
9062,9.9300,0.0500,1,100.00,7
9063,9.3200,0.0500,1,61.11,18
9064,9.9000,0.0500,1,80.00,10
9065,9.9800,0.0500,1,100.00,2
9066,9.8900,0.0500,1,100.00,11
9067,9.9900,0.0500,1,100.00,1
9068,9.8900,0.0500,1,100.00,11
9069,9.9100,0.0500,1,100.00,9
9070,9.8900,0.0500,1,100.00,11
9071,9.9900,0.0500,1,100.00,1
9072,9.8700,0.0500,1,92.31,13
9073,9.9200,0.0500,1,75.00,8
9074,9.9100,0.0500,1,100.00,9
9075,9.3600,0.0500,1,92.86,14
9076,9.9200,0.0500,1,75.00,8
9077,9.9000,0.0500,1,100.00,10
9078,9.9600,0.0500,1,100.00,4
9079,9.9000,0.0500,1,100.00,10
9080,9.9100,0.0500,1,100.00,9
9081,9.9500,0.0500,1,100.00,5
9082,9.9400,0.0500,1,100.00,6
9083,9.9200,0.0500,1,100.00,8
9084,9.9600,0.0500,1,100.00,4
9085,9.8600,0.0500,1,92.86,14
9086,9.9400,0.0500,1,100.00,6
9087,9.3800,0.0500,1,91.67,12
9088,9.9700,0.0500,1,100.00,3
9089,9.9900,0.0500,1,100.00,1
9090,9.9300,0.0500,1,100.00,7
9091,9.9100,0.0500,1,100.00,9
9092,9.9500,0.0500,1,100.00,5
9093,9.9000,0.0500,1,60.00,10
9094,9.9100,0.0500,1,100.00,9
9095,9.9500,0.0500,1,100.00,5
9096,9.8900,0.0500,1,100.00,11
9097,9.8800,0.0500,1,100.00,12
9098,9.9800,0.0500,1,100.00,2
9099,9.9600,0.0500,1,100.00,4
9100,9.9100,0.0500,1,100.00,9
9101,9.8600,0.0500,1,100.00,14
9102,9.9300,0.0500,1,100.00,7
9103,9.9100,0.0500,1,100.00,9
9104,9.8900,0.0500,1,100.00,11
9105,9.9700,0.0500,1,100.00,3
9106,9.9100,0.0500,1,100.00,9
9107,9.9400,0.0500,1,100.00,6
9108,9.3900,0.0500,1,72.73,11
9109,9.9000,0.0500,1,80.00,10
9110,9.8700,0.0500,1,100.00,13
9111,9.9800,0.0500,1,100.00,2
9112,9.9400,0.0500,1,100.00,6
9113,9.9000,0.0500,1,100.00,10
9114,9.8700,0.0500,1,84.62,13
9115,9.9900,0.0500,1,100.00,1
9116,9.9900,0.0500,1,100.00,1
9117,9.9000,0.0500,1,100.00,10
9118,9.9900,0.0500,1,100.00,1
9119,9.9100,0.0500,1,100.00,9
9120,9.9000,0.0500,1,100.00,10
9121,9.9700,0.0500,1,100.00,3
9122,9.8700,0.0500,1,100.00,13
9123,9.9500,0.0500,1,100.00,5
9124,9.8700,0.0500,1,100.00,13
9125,9.9700,0.0500,1,100.00,3
9126,9.9700,0.0500,1,100.00,3
9127,9.9800,0.0500,1,100.00,2
9128,9.9500,0.0500,1,100.00,5
9129,9.9500,0.0500,1,100.00,5
9130,9.9000,0.0500,1,100.00,10
9131,9.8800,0.0500,1,83.33,12
9132,9.8700,0.0500,1,84.62,13
9133,9.9100,0.0500,1,100.00,9
9134,9.8900,0.0500,1,100.00,11
9135,9.9200,0.0500,1,100.00,8
9136,9.8900,0.0500,1,100.00,11
9137,9.9400,0.0500,1,100.00,6
9138,9.9300,0.0500,1,100.00,7
9139,9.9200,0.0500,1,100.00,8
9140,9.9200,0.0500,1,100.00,8
9141,9.9800,0.0500,1,100.00,2
9142,9.9000,0.0500,1,100.00,10
9143,9.9300,0.0500,1,100.00,7
9144,9.9400,0.0500,1,100.00,6
9145,9.9400,0.0500,1,100.00,6
9146,9.9600,0.0500,1,100.00,4
9147,9.9400,0.0500,1,100.00,6
9148,9.9400,0.0500,1,100.00,6
9149,9.8900,0.0500,1,100.00,11
9150,9.9200,0.0500,1,75.00,8
9151,9.9200,0.0500,1,100.00,8
9152,9.8400,0.0500,1,75.00,16
9153,9.8800,0.0500,1,83.33,12
9154,9.9400,0.0500,1,100.00,6
9155,9.8500,0.0500,1,100.00,15
9156,9.9000,0.0500,1,100.00,10
9157,9.8700,0.0500,1,84.62,13
9158,9.9500,0.0500,1,100.00,5
9159,9.9400,0.0500,1,100.00,6
9160,9.9000,0.0500,1,100.00,10
9161,9.9700,0.0500,1,100.00,3
9162,9.9000,0.0500,1,100.00,10
9163,9.8900,0.0500,1,100.00,11
9164,9.9800,0.0500,1,100.00,2
9165,9.9000,0.0500,1,100.00,10
9166,9.9100,0.0500,1,77.78,9
9167,9.9700,0.0500,1,100.00,3
9168,9.9000,0.0500,1,100.00,10
9169,9.9400,0.0500,1,100.00,6
9170,9.9000,0.0500,1,100.00,10
9171,9.9400,0.0500,1,66.67,6
9172,9.9200,0.0500,1,100.00,8
9173,9.9400,0.0500,1,100.00,6
9174,9.8900,0.0500,1,100.00,11
9175,9.9200,0.0500,1,100.00,8
9176,9.3300,0.0500,1,82.35,17
9177,9.9300,0.0500,1,85.71,7
9178,9.9000,0.0500,1,80.00,10
9179,9.9700,0.0500,1,100.00,3
9180,9.9000,0.0500,1,100.00,10
9181,9.3600,0.0500,1,92.86,14
9182,9.9700,0.0500,1,100.00,3
9183,9.9600,0.0500,1,100.00,4
9184,9.9600,0.0500,1,100.00,4
9185,9.8800,0.0500,1,75.00,12
9186,9.9000,0.0500,1,100.00,10
9187,9.9300,0.0500,1,100.00,7
9188,9.9100,0.0500,1,100.00,9
9189,9.9500,0.0500,1,60.00,5
9190,9.9100,0.0500,1,100.00,9
9191,9.8800,0.0500,1,100.00,12
9192,9.9600,0.0500,1,100.00,4
9193,9.8800,0.0500,1,100.00,12
9194,9.8600,0.0500,1,85.71,14
9195,9.9800,0.0500,1,100.00,2
9196,9.8500,0.0500,1,60.00,15
9197,9.8700,0.0500,1,84.62,13
9198,9.8900,0.0500,1,81.82,11
9199,9.9000,0.0500,1,80.00,10
9200,9.8800,0.0500,1,100.00,12
9201,9.9400,0.0500,1,100.00,6
9202,9.8900,0.0500,1,100.00,11
9203,9.8800,0.0500,1,100.00,12
9204,9.9600,0.0500,1,100.00,4
9205,9.9500,0.0500,1,100.00,5
9206,9.9400,0.0500,1,66.67,6
9207,9.8900,0.0500,1,100.00,11
9208,9.8300,0.0500,1,76.47,17
9209,9.9400,0.0500,1,100.00,6
9210,9.9000,0.0500,1,80.00,10
9211,9.9000,0.0500,1,100.00,10
9212,9.9500,0.0500,1,100.00,5
9213,9.9500,0.0500,1,100.00,5
9214,9.8900,0.0500,1,100.00,11
9215,9.9800,0.0500,1,100.00,2
9216,9.8800,0.0500,1,100.00,12
9217,9.8700,0.0500,1,84.62,13
9218,9.9000,0.0500,1,100.00,10
9219,9.9300,0.0500,1,71.43,7
9220,9.9400,0.0500,1,100.00,6
9221,9.9500,0.0500,1,100.00,5
9222,9.9100,0.0500,1,100.00,9
9223,9.3300,0.0500,1,70.59,17
9224,9.9500,0.0500,1,100.00,5
9225,9.9700,0.0500,1,100.00,3
9226,9.8100,0.0500,1,63.16,19
9227,9.9300,0.0500,1,100.00,7
9228,9.8500,0.0500,1,86.67,15
9229,9.9700,0.0500,1,100.00,3
9230,9.9500,0.0500,1,100.00,5
9231,9.9200,0.0500,1,100.00,8
9232,9.8900,0.0500,1,100.00,11
9233,9.8500,0.0500,1,86.67,15
9234,9.9500,0.0500,1,100.00,5
9235,9.9000,0.0500,1,100.00,10
9236,9.8800,0.0500,1,100.00,12
9237,9.9700,0.0500,1,100.00,3
9238,9.9700,0.0500,1,100.00,3
9239,9.9300,0.0500,1,100.00,7
9240,9.9200,0.0500,1,100.00,8
9241,9.8600,0.0500,1,85.71,14
9242,9.9200,0.0500,1,100.00,8
9243,9.9000,0.0500,1,100.00,10
9244,9.8900,0.0500,1,100.00,11
9245,9.9700,0.0500,1,100.00,3
9246,9.9000,0.0500,1,100.00,10
9247,9.8300,0.0500,1,64.71,17
9248,9.9900,0.0500,1,100.00,1
9249,9.9500,0.0500,1,100.00,5
9250,9.9100,0.0500,1,100.00,9
9251,9.9000,0.0500,1,100.00,10
9252,9.9100,0.0500,1,100.00,9
9253,9.9100,0.0500,1,100.00,9
9254,9.9500,0.0500,1,100.00,5
9255,9.8500,0.0500,1,86.67,15
9256,9.9800,0.0500,1,100.00,2
9257,9.9100,0.0500,1,100.00,9
9258,9.9000,0.0500,1,100.00,10
9259,9.9400,0.0500,1,100.00,6
9260,9.9100,0.0500,1,100.00,9
9261,9.9500,0.0500,1,100.00,5
9262,9.9100,0.0500,1,100.00,9
9263,9.9300,0.0500,1,100.00,7
9264,9.9500,0.0500,1,100.00,5
9265,9.9300,0.0500,1,100.00,7
9266,9.9100,0.0500,1,100.00,9
9267,9.9600,0.0500,1,100.00,4
9268,9.9400,0.0500,1,100.00,6
9269,9.8600,0.0500,1,85.71,14
9270,9.9700,0.0500,1,100.00,3
9271,9.9200,0.0500,1,100.00,8
9272,9.9300,0.0500,1,100.00,7
9273,9.9000,0.0500,1,100.00,10
9274,9.9600,0.0500,1,100.00,4
9275,9.8700,0.0500,1,100.00,13
9276,9.8800,0.0500,1,100.00,12
9277,9.9200,0.0500,1,100.00,8
9278,9.9700,0.0500,1,100.00,3
9279,9.8900,0.0500,1,100.00,11
9280,9.9000,0.0500,1,100.00,10
9281,9.9200,0.0500,1,100.00,8
9282,9.9800,0.0500,1,100.00,2
9283,9.9500,0.0500,1,100.00,5
9284,9.9100,0.0500,1,100.00,9
9285,9.9300,0.0500,1,100.00,7
9286,9.9100,0.0500,1,100.00,9
9287,9.9900,0.0500,1,100.00,1
9288,9.8800,0.0500,1,100.00,12
9289,9.9200,0.0500,1,100.00,8
9290,9.9500,0.0500,1,100.00,5
9291,9.9100,0.0500,1,77.78,9
9292,9.9400,0.0500,1,100.00,6
9293,9.9100,0.0500,1,100.00,9
9294,9.9500,0.0500,1,100.00,5
9295,9.9000,0.0500,1,100.00,10
9296,9.9200,0.0500,1,100.00,8
9297,9.8700,0.0500,1,84.62,13
9298,9.9200,0.0500,1,100.00,8
9299,9.9800,0.0500,1,100.00,2
9300,9.9200,0.0500,1,100.00,8
9301,9.9000,0.0500,1,100.00,10
9302,9.9700,0.0500,1,100.00,3
9303,9.9000,0.0500,1,100.00,10
9304,9.9500,0.0500,1,100.00,5
9305,9.9200,0.0500,1,100.00,8
9306,9.9000,0.0500,1,100.00,10
9307,9.8800,0.0500,1,83.33,12
9308,9.9400,0.0500,1,100.00,6
9309,9.9500,0.0500,1,100.00,5
9310,9.9300,0.0500,1,100.00,7
9311,9.9600,0.0500,1,100.00,4
9312,9.9200,0.0500,1,100.00,8
9313,9.9200,0.0500,1,100.00,8
9314,9.9400,0.0500,1,100.00,6
9315,9.9000,0.0500,1,100.00,10
9316,9.8900,0.0500,1,100.00,11
9317,9.9100,0.0500,1,100.00,9
9318,9.9400,0.0500,1,100.00,6
9319,9.9300,0.0500,1,100.00,7
9320,9.3800,0.0500,1,91.67,12
9321,9.8600,0.0500,1,85.71,14
9322,9.9000,0.0500,1,100.00,10
9323,9.8900,0.0500,1,100.00,11
9324,9.9700,0.0500,1,100.00,3
9325,9.8700,0.0500,1,84.62,13
9326,9.9000,0.0500,1,100.00,10
9327,9.9500,0.0500,1,100.00,5
9328,9.8800,0.0500,1,100.00,12
9329,9.9500,0.0500,1,100.00,5
9330,9.9500,0.0500,1,100.00,5
9331,9.9600,0.0500,1,100.00,4
9332,9.9600,0.0500,1,100.00,4
9333,9.8800,0.0500,1,100.00,12
9334,9.8700,0.0500,1,84.62,13
9335,9.9900,0.0500,1,100.00,1
9336,9.9600,0.0500,1,100.00,4
9337,9.9900,0.0500,1,100.00,1
9338,9.9300,0.0500,1,100.00,7
9339,9.9400,0.0500,1,100.00,6
9340,9.9800,0.0500,1,100.00,2
9341,9.9700,0.0500,1,100.00,3
9342,9.9000,0.0500,1,100.00,10
9343,9.9000,0.0500,1,100.00,10
9344,9.9000,0.0500,1,100.00,10
9345,9.8700,0.0500,1,100.00,13
9346,9.9100,0.0500,1,100.00,9
9347,9.9400,0.0500,1,100.00,6
9348,9.9700,0.0500,1,100.00,3
9349,9.8900,0.0500,1,100.00,11
9350,9.9100,0.0500,1,100.00,9
9351,9.9200,0.0500,1,100.00,8
9352,9.9200,0.0500,1,100.00,8
9353,9.9900,0.0500,1,100.00,1
9354,9.9100,0.0500,1,100.00,9
9355,9.8800,0.0500,1,83.33,12
9356,9.8800,0.0500,1,100.00,12
9357,9.9300,0.0500,1,100.00,7
9358,9.3700,0.0500,1,92.31,13
9359,9.8700,0.0500,1,100.00,13
9360,9.8700,0.0500,1,84.62,13
9361,9.9200,0.0500,1,100.00,8
9362,9.9000,0.0500,1,60.00,10
9363,9.9400,0.0500,1,100.00,6
9364,9.9000,0.0500,1,100.00,10
9365,9.9200,0.0500,1,100.00,8
9366,9.4500,0.0500,1,80.00,5
9367,9.9700,0.0500,1,100.00,3
9368,9.9700,0.0500,1,100.00,3
9369,9.9200,0.0500,1,100.00,8
9370,9.9900,0.0500,1,100.00,1
9371,9.9400,0.0500,1,100.00,6
9372,9.9900,0.0500,1,100.00,1
9373,9.8900,0.0500,1,100.00,11
9374,9.9300,0.0500,1,100.00,7
9375,9.9600,0.0500,1,100.00,4
9376,9.3900,0.0500,1,90.91,11
9377,9.9000,0.0500,1,100.00,10
9378,9.8900,0.0500,1,100.00,11
9379,9.8700,0.0500,1,84.62,13
9380,9.9000,0.0500,1,100.00,10
9381,9.9800,0.0500,1,100.00,2
9382,9.9300,0.0500,1,100.00,7
9383,9.9300,0.0500,1,100.00,7
9384,9.9200,0.0500,1,100.00,8
9385,9.9100,0.0500,1,100.00,9
9386,9.8800,0.0500,1,100.00,12
9387,9.9600,0.0500,1,100.00,4
9388,9.8800,0.0500,1,83.33,12
9389,9.9800,0.0500,1,100.00,2
9390,9.8900,0.0500,1,100.00,11
9391,9.8800,0.0500,1,100.00,12
9392,9.8800,0.0500,1,100.00,12
9393,9.9200,0.0500,1,100.00,8
9394,9.8900,0.0500,1,100.00,11
9395,9.9500,0.0500,1,100.00,5
9396,9.3600,0.0500,1,78.57,14
9397,9.9200,0.0500,1,100.00,8
9398,9.3600,0.0500,1,92.86,14
9399,9.9900,0.0500,1,100.00,1
9400,9.9600,0.0500,1,50.00,4
9401,9.9400,0.0500,1,100.00,6
9402,9.8900,0.0500,1,100.00,11
9403,9.9500,0.0500,1,100.00,5
9404,9.9800,0.0500,1,100.00,2
9405,9.9100,0.0500,1,77.78,9
9406,9.9100,0.0500,1,100.00,9
9407,9.9900,0.0500,1,100.00,1
9408,9.9700,0.0500,1,100.00,3
9409,9.9700,0.0500,1,100.00,3
9410,9.8600,0.0500,1,100.00,14
9411,9.3700,0.0500,1,76.92,13
9412,9.9800,0.0500,1,100.00,2
9413,9.9300,0.0500,1,71.43,7
9414,9.8900,0.0500,1,100.00,11
9415,9.9600,0.0500,1,100.00,4
9416,9.9300,0.0500,1,100.00,7
9417,9.9100,0.0500,1,100.00,9
9418,9.9500,0.0500,1,100.00,5
9419,9.9300,0.0500,1,100.00,7
9420,9.9500,0.0500,1,100.00,5
9421,9.8700,0.0500,1,84.62,13
9422,9.3700,0.0500,1,92.31,13
9423,9.9000,0.0500,1,100.00,10
9424,9.4100,0.0500,1,88.89,9
9425,9.8900,0.0500,1,100.00,11
9426,9.8700,0.0500,1,69.23,13
9427,9.8700,0.0500,1,84.62,13
9428,9.8900,0.0500,1,100.00,11
9429,9.3600,0.0500,1,92.86,14
9430,9.8900,0.0500,1,81.82,11
9431,9.9100,0.0500,1,100.00,9
9432,9.9500,0.0500,1,100.00,5
9433,9.9300,0.0500,1,71.43,7
9434,9.8500,0.0500,1,100.00,15
9435,9.9100,0.0500,1,100.00,9
9436,9.9000,0.0500,1,100.00,10
9437,9.9000,0.0500,1,100.00,10
9438,9.9100,0.0500,1,100.00,9
9439,9.9400,0.0500,1,66.67,6
9440,9.8500,0.0500,1,100.00,15
9441,9.8900,0.0500,1,81.82,11
9442,9.9700,0.0500,1,100.00,3
9443,9.9800,0.0500,1,100.00,2
9444,9.9800,0.0500,1,100.00,2
9445,9.9500,0.0500,1,100.00,5
9446,9.8700,0.0500,1,100.00,13
9447,9.9500,0.0500,1,100.00,5
9448,9.9400,0.0500,1,100.00,6
9449,9.9400,0.0500,1,100.00,6
9450,9.9000,0.0500,1,100.00,10
9451,9.9700,0.0500,1,100.00,3
9452,9.9300,0.0500,1,100.00,7
9453,9.9100,0.0500,1,77.78,9
9454,9.8700,0.0500,1,100.00,13
9455,9.9300,0.0500,1,100.00,7
9456,9.9200,0.0500,1,100.00,8
9457,9.9100,0.0500,1,100.00,9
9458,9.9400,0.0500,1,100.00,6
9459,9.9700,0.0500,1,100.00,3
9460,9.9200,0.0500,1,100.00,8
9461,9.8400,0.0500,1,62.50,16
9462,9.9100,0.0500,1,100.00,9
9463,9.9100,0.0500,1,100.00,9
9464,9.9600,0.0500,1,100.00,4
9465,9.8900,0.0500,1,100.00,11
9466,9.9600,0.0500,1,100.00,4
9467,9.9000,0.0500,1,100.00,10
9468,9.9900,0.0500,1,100.00,1
9469,9.9900,0.0500,1,100.00,1
9470,9.9100,0.0500,1,100.00,9
9471,9.9200,0.0500,1,100.00,8
9472,9.4500,0.0500,1,80.00,5
9473,9.9300,0.0500,1,100.00,7
9474,9.9200,0.0500,1,100.00,8
9475,9.9200,0.0500,1,100.00,8
9476,9.9400,0.0500,1,100.00,6
9477,9.8700,0.0500,1,100.00,13
9478,9.9300,0.0500,1,100.00,7
9479,9.9400,0.0500,1,100.00,6
9480,9.9600,0.0500,1,100.00,4
9481,9.9200,0.0500,1,100.00,8
9482,9.9600,0.0500,1,100.00,4
9483,9.9100,0.0500,1,100.00,9
9484,9.9100,0.0500,1,100.00,9
9485,9.8600,0.0500,1,100.00,14
9486,9.8800,0.0500,1,91.67,12
9487,9.9000,0.0500,1,100.00,10
9488,9.9600,0.0500,1,100.00,4
9489,9.8900,0.0500,1,100.00,11
9490,9.8900,0.0500,1,81.82,11
9491,9.9800,0.0500,1,100.00,2
9492,9.8800,0.0500,1,100.00,12
9493,9.8700,0.0500,1,100.00,13
9494,9.8900,0.0500,1,100.00,11
9495,9.8900,0.0500,1,100.00,11
9496,9.9100,0.0500,1,100.00,9
9497,9.8900,0.0500,1,100.00,11
9498,9.9000,0.0500,1,80.00,10
9499,9.9800,0.0500,1,100.00,2
9500,9.8800,0.0500,1,100.00,12
9501,9.9900,0.0500,1,100.00,1
9502,9.8800,0.0500,1,100.00,12
9503,9.9300,0.0500,1,100.00,7
9504,9.9900,0.0500,1,100.00,1
9505,9.8800,0.0500,1,100.00,12
9506,9.9300,0.0500,1,100.00,7
9507,9.8800,0.0500,1,100.00,12
9508,9.8900,0.0500,1,100.00,11
9509,9.3700,0.0500,1,92.31,13
9510,9.9400,0.0500,1,100.00,6
9511,9.8900,0.0500,1,100.00,11
9512,9.9800,0.0500,1,100.00,2
9513,9.8800,0.0500,1,100.00,12
9514,9.4400,0.0500,1,83.33,6
9515,9.8500,0.0500,1,86.67,15
9516,9.3800,0.0500,1,91.67,12
9517,9.4100,0.0500,1,88.89,9
9518,9.9100,0.0500,1,100.00,9
9519,9.9800,0.0500,1,100.00,2
9520,9.9400,0.0500,1,100.00,6
9521,9.9900,0.0500,1,100.00,1
9522,9.9200,0.0500,1,100.00,8
9523,9.9500,0.0500,1,100.00,5
9524,9.8700,0.0500,1,100.00,13
9525,9.9100,0.0500,1,100.00,9
9526,9.9500,0.0500,1,100.00,5
9527,9.9000,0.0500,1,80.00,10
9528,9.8800,0.0500,1,83.33,12
9529,9.9100,0.0500,1,100.00,9
9530,9.9200,0.0500,1,75.00,8
9531,9.9500,0.0500,1,100.00,5
9532,9.9000,0.0500,1,100.00,10
9533,9.9200,0.0500,1,75.00,8
9534,9.9700,0.0500,1,100.00,3
9535,9.8900,0.0500,1,100.00,11
9536,9.9200,0.0500,1,100.00,8
9537,9.9700,0.0500,1,100.00,3
9538,9.9400,0.0500,1,100.00,6
9539,9.9600,0.0500,1,100.00,4
9540,9.9600,0.0500,1,100.00,4
9541,9.9200,0.0500,1,100.00,8
9542,9.9700,0.0500,1,100.00,3
9543,9.8700,0.0500,1,100.00,13
9544,9.9100,0.0500,1,100.00,9
9545,9.8900,0.0500,1,100.00,11
9546,9.9300,0.0500,1,100.00,7
9547,9.9200,0.0500,1,100.00,8
9548,9.9100,0.0500,1,100.00,9
9549,9.9000,0.0500,1,80.00,10
9550,9.9600,0.0500,1,100.00,4
9551,9.9100,0.0500,1,100.00,9
9552,9.9700,0.0500,1,100.00,3
9553,9.8900,0.0500,1,100.00,11
9554,9.8600,0.0500,1,85.71,14
9555,9.9000,0.0500,1,80.00,10
9556,9.8600,0.0500,1,85.71,14
9557,9.9700,0.0500,1,100.00,3
9558,9.9100,0.0500,1,100.00,9
9559,9.9400,0.0500,1,100.00,6
9560,9.9400,0.0500,1,100.00,6
9561,9.8300,0.0500,1,64.71,17
9562,9.9200,0.0500,1,100.00,8
9563,9.9900,0.0500,1,100.00,1
9564,9.9500,0.0500,1,100.00,5
9565,9.9700,0.0500,1,100.00,3
9566,9.9600,0.0500,1,100.00,4
9567,9.9000,0.0500,1,100.00,10
9568,9.9700,0.0500,1,33.33,3
9569,9.9900,0.0500,1,100.00,1
9570,9.9300,0.0500,1,100.00,7
9571,9.8900,0.0500,1,81.82,11
9572,9.9700,0.0500,1,100.00,3
9573,9.3600,0.0500,1,92.86,14
9574,9.9300,0.0500,1,71.43,7
9575,9.8700,0.0500,1,84.62,13
9576,9.9500,0.0500,1,100.00,5
9577,9.9200,0.0500,1,100.00,8
9578,9.9400,0.0500,1,100.00,6
9579,9.9400,0.0500,1,100.00,6
9580,9.9000,0.0500,1,100.00,10
9581,9.8900,0.0500,1,100.00,11
9582,9.7100,0.0500,1,51.72,29
9583,9.3900,0.0500,1,90.91,11
9584,9.8300,0.0500,1,76.47,17
9585,9.9000,0.0500,1,100.00,10
9586,9.9600,0.0500,1,100.00,4
9587,9.9500,0.0500,1,100.00,5
9588,9.8800,0.0500,1,100.00,12
9589,9.8900,0.0500,1,100.00,11
9590,9.9100,0.0500,1,77.78,9
9591,9.9100,0.0500,1,100.00,9
9592,9.8800,0.0500,1,100.00,12
9593,9.3500,0.0500,1,93.33,15
9594,9.9500,0.0500,1,100.00,5
9595,9.9000,0.0500,1,100.00,10
9596,9.8700,0.0500,1,100.00,13
9597,9.4100,0.0500,1,88.89,9
9598,9.8900,0.0500,1,100.00,11
9599,9.8800,0.0500,1,83.33,12
9600,9.9200,0.0500,1,100.00,8
9601,9.8800,0.0500,1,100.00,12
9602,9.8600,0.0500,1,100.00,14
9603,9.9500,0.0500,1,100.00,5
9604,9.8700,0.0500,1,84.62,13
9605,9.9000,0.0500,1,100.00,10
9606,9.9400,0.0500,1,100.00,6
9607,9.9000,0.0500,1,100.00,10
9608,9.9200,0.0500,1,50.00,8
9609,9.8900,0.0500,1,100.00,11
9610,9.8900,0.0500,1,100.00,11
9611,9.9700,0.0500,1,100.00,3
9612,9.9000,0.0500,1,100.00,10
9613,9.9100,0.0500,1,100.00,9
9614,9.9100,0.0500,1,100.00,9
9615,9.9200,0.0500,1,100.00,8
9616,9.9000,0.0500,1,100.00,10
9617,9.9900,0.0500,1,100.00,1
9618,9.9700,0.0500,1,100.00,3
9619,9.8700,0.0500,1,100.00,13
9620,9.9100,0.0500,1,77.78,9
9621,9.9500,0.0500,1,100.00,5
9622,9.9000,0.0500,1,100.00,10
9623,9.8700,0.0500,1,100.00,13
9624,9.8800,0.0500,1,83.33,12
9625,9.9400,0.0500,1,100.00,6
9626,9.3900,0.0500,1,90.91,11
9627,9.9300,0.0500,1,71.43,7
9628,9.8900,0.0500,1,81.82,11
9629,9.9200,0.0500,1,75.00,8
9630,9.8800,0.0500,1,100.00,12
9631,9.8800,0.0500,1,100.00,12
9632,9.8900,0.0500,1,100.00,11
9633,9.2700,0.0500,1,56.52,23
9634,9.8800,0.0500,1,100.00,12
9635,9.8700,0.0500,1,84.62,13
9636,9.9800,0.0500,1,100.00,2
9637,9.9600,0.0500,1,100.00,4
9638,9.9100,0.0500,1,100.00,9
9639,9.9100,0.0500,1,100.00,9
9640,9.9800,0.0500,1,100.00,2
9641,9.9600,0.0500,1,100.00,4
9642,9.9300,0.0500,1,100.00,7
9643,9.8500,0.0500,1,86.67,15
9644,9.9000,0.0500,1,80.00,10
9645,9.8600,0.0500,1,100.00,14
9646,9.8700,0.0500,1,100.00,13
9647,9.9500,0.0500,1,100.00,5
9648,9.8800,0.0500,1,100.00,12
9649,9.9800,0.0500,1,100.00,2
9650,9.8800,0.0500,1,83.33,12
9651,9.9400,0.0500,1,100.00,6
9652,9.8800,0.0500,1,66.67,12
9653,9.9400,0.0500,1,100.00,6
9654,9.9000,0.0500,1,100.00,10
9655,9.9800,0.0500,1,100.00,2
9656,9.9400,0.0500,1,100.00,6
9657,9.9500,0.0500,1,100.00,5
9658,9.9100,0.0500,1,100.00,9
9659,9.8700,0.0500,1,100.00,13
9660,9.9500,0.0500,1,100.00,5
9661,9.8800,0.0500,1,100.00,12
9662,9.8900,0.0500,1,100.00,11
9663,9.9500,0.0500,1,100.00,5
9664,9.9700,0.0500,1,100.00,3
9665,9.9200,0.0500,1,100.00,8
9666,9.8900,0.0500,1,90.91,11
9667,9.8900,0.0500,1,100.00,11
9668,9.9300,0.0500,1,100.00,7
9669,9.8800,0.0500,1,100.00,12
9670,9.9800,0.0500,1,50.00,2
9671,9.9600,0.0500,1,100.00,4
9672,9.9600,0.0500,1,100.00,4
9673,9.8800,0.0500,1,100.00,12
9674,9.8800,0.0500,1,100.00,12
9675,9.9600,0.0500,1,100.00,4
9676,9.9300,0.0500,1,100.00,7
9677,9.9500,0.0500,1,100.00,5
9678,9.9000,0.0500,1,100.00,10
9679,9.9600,0.0500,1,100.00,4
9680,9.9100,0.0500,1,100.00,9
9681,9.9200,0.0500,1,100.00,8
9682,9.9200,0.0500,1,100.00,8
9683,9.9200,0.0500,1,100.00,8
9684,9.8900,0.0500,1,81.82,11
9685,9.8700,0.0500,1,100.00,13
9686,9.8700,0.0500,1,84.62,13
9687,9.9000,0.0500,1,100.00,10
9688,9.9400,0.0500,1,100.00,6
9689,9.4000,0.0500,1,90.00,10
9690,9.9500,0.0500,1,60.00,5
9691,9.9600,0.0500,1,100.00,4
9692,9.8900,0.0500,1,100.00,11
9693,9.8500,0.0500,1,86.67,15
9694,9.9000,0.0500,1,100.00,10
9695,9.9600,0.0500,1,100.00,4
9696,9.3400,0.0500,1,81.25,16
9697,9.9000,0.0500,1,100.00,10
9698,9.9700,0.0500,1,100.00,3
9699,9.9500,0.0500,1,100.00,5
9700,9.9200,0.0500,1,100.00,8
9701,9.9600,0.0500,1,100.00,4
9702,9.8800,0.0500,1,100.00,12
9703,9.9600,0.0500,1,100.00,4
9704,9.8800,0.0500,1,91.67,12
9705,9.9100,0.0500,1,77.78,9
9706,9.9600,0.0500,1,100.00,4
9707,9.9500,0.0500,1,100.00,5
9708,9.8800,0.0500,1,100.00,12
9709,9.9200,0.0500,1,100.00,8
9710,9.8900,0.0500,1,100.00,11
9711,9.9400,0.0500,1,100.00,6
9712,9.8700,0.0500,1,84.62,13
9713,9.8900,0.0500,1,100.00,11
9714,9.9500,0.0500,1,100.00,5
9715,9.9100,0.0500,1,100.00,9
9716,9.9700,0.0500,1,100.00,3
9717,9.9400,0.0500,1,100.00,6
9718,9.9000,0.0500,1,100.00,10
9719,9.8200,0.0500,1,77.78,18
9720,9.8900,0.0500,1,100.00,11
9721,9.9900,0.0500,1,100.00,1
9722,9.9400,0.0500,1,100.00,6
9723,9.9400,0.0500,1,100.00,6
9724,9.8900,0.0500,1,100.00,11
9725,9.8700,0.0500,1,84.62,13
9726,9.9200,0.0500,1,100.00,8
9727,9.9800,0.0500,1,100.00,2
9728,9.9000,0.0500,1,100.00,10
9729,9.9600,0.0500,1,100.00,4
9730,9.8500,0.0500,1,86.67,15
9731,9.9800,0.0500,1,100.00,2
9732,9.9500,0.0500,1,100.00,5
9733,9.8900,0.0500,1,100.00,11
9734,9.9600,0.0500,1,50.00,4
9735,9.9100,0.0500,1,100.00,9
9736,9.9200,0.0500,1,100.00,8
9737,9.9800,0.0500,1,100.00,2
9738,9.9000,0.0500,1,100.00,10
9739,9.8900,0.0500,1,81.82,11
9740,9.9400,0.0500,1,100.00,6
9741,9.8900,0.0500,1,100.00,11
9742,9.9200,0.0500,1,100.00,8
9743,9.8800,0.0500,1,83.33,12
9744,9.8700,0.0500,1,100.00,13
9745,9.9500,0.0500,1,100.00,5
9746,9.9000,0.0500,1,100.00,10
9747,9.8900,0.0500,1,100.00,11
9748,9.9100,0.0500,1,100.00,9
9749,9.9800,0.0500,1,100.00,2
9750,9.8800,0.0500,1,66.67,12
9751,9.9300,0.0500,1,100.00,7
9752,9.9000,0.0500,1,100.00,10
9753,9.9200,0.0500,1,75.00,8
9754,9.9400,0.0500,1,100.00,6
9755,9.9800,0.0500,1,100.00,2
9756,9.9500,0.0500,1,100.00,5
9757,9.8800,0.0500,1,100.00,12
9758,9.9800,0.0500,1,100.00,2
9759,9.9400,0.0500,1,100.00,6
9760,9.8900,0.0500,1,100.00,11
9761,9.9100,0.0500,1,100.00,9
9762,9.9500,0.0500,1,100.00,5
9763,9.9500,0.0500,1,100.00,5
9764,9.9000,0.0500,1,100.00,10
9765,9.9100,0.0500,1,77.78,9
9766,9.8600,0.0500,1,85.71,14
9767,9.9100,0.0500,1,100.00,9
9768,9.9100,0.0500,1,100.00,9
9769,9.9500,0.0500,1,100.00,5
9770,9.9600,0.0500,1,100.00,4
9771,9.9200,0.0500,1,100.00,8
9772,9.9700,0.0500,1,100.00,3
9773,9.9300,0.0500,1,100.00,7
9774,9.9200,0.0500,1,100.00,8
9775,9.9400,0.0500,1,100.00,6
9776,9.9100,0.0500,1,100.00,9
9777,9.9600,0.0500,1,100.00,4
9778,9.9300,0.0500,1,100.00,7
9779,9.9100,0.0500,1,100.00,9
9780,9.9500,0.0500,1,100.00,5
9781,9.9300,0.0500,1,100.00,7
9782,9.8600,0.0500,1,100.00,14
9783,9.9100,0.0500,1,77.78,9
9784,9.9800,0.0500,1,100.00,2
9785,9.9200,0.0500,1,100.00,8
9786,9.8800,0.0500,1,100.00,12
9787,9.9000,0.0500,1,100.00,10
9788,9.9100,0.0500,1,100.00,9
9789,9.9800,0.0500,1,100.00,2
9790,9.3600,0.0500,1,92.86,14
9791,9.9000,0.0500,1,100.00,10
9792,9.9400,0.0500,1,100.00,6
9793,9.9100,0.0500,1,100.00,9
9794,9.8900,0.0500,1,100.00,11
9795,9.9000,0.0500,1,100.00,10
9796,9.9000,0.0500,1,90.00,10
9797,9.9200,0.0500,1,100.00,8
9798,9.8900,0.0500,1,100.00,11
9799,9.9100,0.0500,1,100.00,9
9800,9.9400,0.0500,1,100.00,6
9801,9.9600,0.0500,1,100.00,4
9802,9.9500,0.0500,1,100.00,5
9803,9.8900,0.0500,1,100.00,11
9804,9.9300,0.0500,1,100.00,7
9805,9.8900,0.0500,1,100.00,11
9806,9.8700,0.0500,1,84.62,13
9807,9.3300,0.0500,1,76.47,17
9808,9.9800,0.0500,1,100.00,2
9809,9.8700,0.0500,1,84.62,13
9810,9.9400,0.0500,1,100.00,6
9811,9.9600,0.0500,1,100.00,4
9812,9.8900,0.0500,1,100.00,11
9813,9.9500,0.0500,1,100.00,5
9814,9.9800,0.0500,1,100.00,2
9815,9.9000,0.0500,1,100.00,10
9816,9.8800,0.0500,1,66.67,12
9817,9.9200,0.0500,1,100.00,8
9818,9.9000,0.0500,1,100.00,10
9819,9.8500,0.0500,1,80.00,15
9820,9.9400,0.0500,1,100.00,6
9821,9.4500,0.0500,1,80.00,5
9822,9.9300,0.0500,1,100.00,7
9823,9.9200,0.0500,1,75.00,8
9824,9.9100,0.0500,1,100.00,9
9825,9.9100,0.0500,1,100.00,9
9826,9.9800,0.0500,1,100.00,2
9827,9.8900,0.0500,1,100.00,11
9828,9.9800,0.0500,1,100.00,2
9829,9.9800,0.0500,1,100.00,2
9830,9.9400,0.0500,1,100.00,6
9831,9.9500,0.0500,1,100.00,5
9832,9.8500,0.0500,1,86.67,15
9833,9.9800,0.0500,1,100.00,2
9834,9.9300,0.0500,1,100.00,7
9835,9.9600,0.0500,1,100.00,4
9836,9.9300,0.0500,1,71.43,7
9837,9.9500,0.0500,1,100.00,5
9838,9.8600,0.0500,1,85.71,14
9839,9.9300,0.0500,1,100.00,7
9840,9.8900,0.0500,1,100.00,11
9841,9.9100,0.0500,1,77.78,9
9842,9.9000,0.0500,1,80.00,10
9843,9.9500,0.0500,1,100.00,5
9844,9.9100,0.0500,1,100.00,9
9845,9.8600,0.0500,1,100.00,14
9846,9.9400,0.0500,1,100.00,6
9847,9.9400,0.0500,1,100.00,6
9848,9.8800,0.0500,1,100.00,12
9849,9.3500,0.0500,1,80.00,15
9850,9.9600,0.0500,1,100.00,4
9851,9.9800,0.0500,1,100.00,2
9852,9.8800,0.0500,1,83.33,12
9853,9.8800,0.0500,1,100.00,12
9854,9.9900,0.0500,1,100.00,1
9855,9.9800,0.0500,1,100.00,2
9856,9.9800,0.0500,1,100.00,2
9857,9.9000,0.0500,1,100.00,10
9858,9.3600,0.0500,1,92.86,14
9859,9.9800,0.0500,1,100.00,2
9860,9.9400,0.0500,1,100.00,6
9861,9.9000,0.0500,1,100.00,10
9862,9.8700,0.0500,1,84.62,13
9863,9.9300,0.0500,1,100.00,7
9864,9.9100,0.0500,1,100.00,9
9865,9.9000,0.0500,1,100.00,10
9866,9.8900,0.0500,1,100.00,11
9867,9.9400,0.0500,1,100.00,6
9868,9.9100,0.0500,1,100.00,9
9869,9.9000,0.0500,1,100.00,10
9870,9.8700,0.0500,1,84.62,13
9871,9.8900,0.0500,1,100.00,11
9872,9.9600,0.0500,1,100.00,4
9873,9.9800,0.0500,1,100.00,2
9874,9.9200,0.0500,1,75.00,8
9875,9.8700,0.0500,1,84.62,13
9876,9.8800,0.0500,1,100.00,12
9877,9.9400,0.0500,1,100.00,6
9878,9.9200,0.0500,1,100.00,8
9879,9.9200,0.0500,1,100.00,8
9880,9.9400,0.0500,1,100.00,6
9881,9.8600,0.0500,1,100.00,14
9882,9.9100,0.0500,1,100.00,9
9883,9.9100,0.0500,1,100.00,9
9884,9.9300,0.0500,1,100.00,7
9885,9.9400,0.0500,1,100.00,6
9886,9.9400,0.0500,1,100.00,6
9887,9.9000,0.0500,1,80.00,10
9888,9.9000,0.0500,1,100.00,10
9889,9.8300,0.0500,1,82.35,17
9890,9.9400,0.0500,1,100.00,6
9891,9.8800,0.0500,1,100.00,12
9892,9.4100,0.0500,1,88.89,9
9893,9.9700,0.0500,1,100.00,3
9894,9.9200,0.0500,1,100.00,8
9895,9.8700,0.0500,1,84.62,13
9896,9.9400,0.0500,1,100.00,6
9897,9.9100,0.0500,1,100.00,9
9898,9.9700,0.0500,1,100.00,3
9899,9.9800,0.0500,1,100.00,2
9900,9.8600,0.0500,1,100.00,14
9901,9.8900,0.0500,1,100.00,11
9902,9.8800,0.0500,1,100.00,12
9903,9.8400,0.0500,1,87.50,16
9904,9.9400,0.0500,1,100.00,6
9905,9.9200,0.0500,1,100.00,8
9906,9.9400,0.0500,1,66.67,6
9907,9.8900,0.0500,1,100.00,11
9908,9.9200,0.0500,1,100.00,8
9909,9.8900,0.0500,1,81.82,11
9910,9.9100,0.0500,1,100.00,9
9911,9.9500,0.0500,1,100.00,5
9912,9.8800,0.0500,1,83.33,12
9913,9.9500,0.0500,1,100.00,5
9914,9.9000,0.0500,1,100.00,10
9915,9.8800,0.0500,1,100.00,12
9916,9.4200,0.0500,1,62.50,8
9917,9.9400,0.0500,1,100.00,6
9918,9.8700,0.0500,1,100.00,13
9919,9.9400,0.0500,1,100.00,6
9920,9.9000,0.0500,1,100.00,10
9921,9.8900,0.0500,1,81.82,11
9922,9.9100,0.0500,1,100.00,9
9923,9.8800,0.0500,1,83.33,12
9924,9.3800,0.0500,1,75.00,12
9925,9.9200,0.0500,1,100.00,8
9926,9.9200,0.0500,1,100.00,8
9927,9.9500,0.0500,1,100.00,5
9928,9.9200,0.0500,1,100.00,8
9929,9.8900,0.0500,1,100.00,11
9930,9.3800,0.0500,1,91.67,12
9931,9.8500,0.0500,1,100.00,15
9932,9.8900,0.0500,1,81.82,11
9933,9.9000,0.0500,1,100.00,10
9934,9.8900,0.0500,1,100.00,11
9935,9.8900,0.0500,1,100.00,11
9936,9.9800,0.0500,1,100.00,2
9937,9.8800,0.0500,1,83.33,12
9938,9.9200,0.0500,1,100.00,8
9939,9.9100,0.0500,1,100.00,9
9940,9.9100,0.0500,1,100.00,9
9941,9.9300,0.0500,1,71.43,7
9942,9.9400,0.0500,1,100.00,6
9943,9.8700,0.0500,1,100.00,13
9944,9.9600,0.0500,1,100.00,4
9945,9.9700,0.0500,1,100.00,3
9946,9.9100,0.0500,1,100.00,9
9947,9.8700,0.0500,1,84.62,13
9948,9.8800,0.0500,1,83.33,12
9949,9.8900,0.0500,1,100.00,11
9950,9.9300,0.0500,1,100.00,7
9951,9.9300,0.0500,1,100.00,7
9952,9.8800,0.0500,1,83.33,12
9953,9.9100,0.0500,1,100.00,9
9954,9.9200,0.0500,1,100.00,8
9955,9.8800,0.0500,1,100.00,12
9956,9.9100,0.0500,1,100.00,9
9957,9.9300,0.0500,1,71.43,7
9958,9.9400,0.0500,1,100.00,6
9959,9.8800,0.0500,1,100.00,12
9960,9.3700,0.0500,1,92.31,13
9961,9.9100,0.0500,1,100.00,9
9962,9.9000,0.0500,1,100.00,10
9963,9.8900,0.0500,1,100.00,11
9964,9.9100,0.0500,1,100.00,9
9965,9.9600,0.0500,1,100.00,4
9966,9.9300,0.0500,1,100.00,7
9967,9.8800,0.0500,1,83.33,12
9968,9.9200,0.0500,1,100.00,8
9969,9.9500,0.0500,1,100.00,5
9970,9.9800,0.0500,1,100.00,2
9971,9.3500,0.0500,1,86.67,15
9972,9.9700,0.0500,1,100.00,3
9973,9.9600,0.0500,1,100.00,4
9974,9.9400,0.0500,1,100.00,6
9975,9.9000,0.0500,1,100.00,10
9976,9.9800,0.0500,1,100.00,2
9977,9.9800,0.0500,1,100.00,2
9978,9.9700,0.0500,1,100.00,3
9979,9.9900,0.0500,1,100.00,1
9980,9.8800,0.0500,1,100.00,12
9981,9.9300,0.0500,1,100.00,7
9982,9.9500,0.0500,1,80.00,5
9983,9.8900,0.0500,1,100.00,11
9984,9.8900,0.0500,1,100.00,11
9985,9.9100,0.0500,1,100.00,9
9986,9.9600,0.0500,1,100.00,4
9987,9.8800,0.0500,1,83.33,12
9988,9.9400,0.0500,1,100.00,6
9989,9.8900,0.0500,1,100.00,11
9990,9.9500,0.0500,1,100.00,5
9991,9.9300,0.0500,1,100.00,7
9992,9.8900,0.0500,1,100.00,11
9993,9.8800,0.0500,1,100.00,12
9994,9.9300,0.0500,1,100.00,7
9995,9.9000,0.0500,1,80.00,10
9996,9.8200,0.0500,1,77.78,18
9997,9.9300,0.0500,1,100.00,7
9998,9.9400,0.0500,1,66.67,6
9999,9.9400,0.0500,1,100.00,6
